{"type":"FeatureCollection","features":[{"type":"Feature","geometry":{"type":"MultiPolygon","coordinates":[[[[151.33343,-33.58031],[151.32914,-33.57799],[151.31092,-33.57944],[151.32767,-33.56375],[151.28664,-33.56471],[151.27006,-33.57882],[151.25322,-33.57761],[151.23682,-33.59517],[151.21777,-33.59784],[151.21546,-33.60821],[151.20119,-33.61696],[151.18588,-33.62031],[151.17722,-33.62638],[151.17226,-33.62534],[151.17138,-33.63121],[151.16387,-33.63872],[151.16415,-33.6468],[151.15979,-33.65069],[151.16363,-33.65657],[151.16142,-33.65997],[151.16914,-33.66772],[151.16705,-33.67314],[151.17176,-33.67753],[151.16573,-33.68582],[151.17372,-33.69173],[151.1763,-33.69795],[151.18915,-33.6992],[151.1903,-33.70891],[151.19361,-33.70994],[151.20203,-33.70787],[151.21791,-33.69705],[151.22855,-33.69466],[151.23574,-33.70119],[151.24513,-33.69788],[151.26195,-33.70575],[151.27182,-33.70619],[151.27564,-33.71084],[151.2698,-33.71643],[151.27436,-33.71814],[151.27122,-33.71999],[151.27462,-33.72374],[151.30029,-33.72492],[151.30245,-33.712],[151.31014,-33.70398],[151.31084,-33.69826],[151.3155,-33.69617],[151.30915,-33.68951],[151.3178,-33.6784],[151.3162,-33.67593],[151.32025,-33.67491],[151.31972,-33.66691],[151.32624,-33.66293],[151.32405,-33.65237],[151.32875,-33.64511],[151.33434,-33.64374],[151.3319,-33.63651],[151.33957,-33.63388],[151.3439,-33.62442],[151.3397,-33.61753],[151.33332,-33.61587],[151.3319,-33.61116],[151.33581,-33.60446],[151.32531,-33.59818],[151.32739,-33.58644],[151.33019,-33.58227],[151.33539,-33.58262],[151.33343,-33.58031]]],[[[151.33051,-33.66069],[151.32956,-33.66012],[151.32868,-33.66059],[151.33051,-33.66069]]]]},"properties":{"districtname":"PITTWATER","urbanity":"R"}},{"type":"Feature","geometry":{"type":"Polygon","coordinates":[[[150.94698,-33.85415],[150.9449,-33.85017],[150.93552,-33.8572],[150.91248,-33.86424],[150.90001,-33.87269],[150.91399,-33.88228],[150.90952,-33.8864],[150.93356,-33.88972],[150.93933,-33.88269],[150.94642,-33.88585],[150.95728,-33.88168],[150.95864,-33.88579],[150.96264,-33.88684],[150.95908,-33.89004],[150.96679,-33.88982],[150.96838,-33.8964],[150.97952,-33.90593],[150.97648,-33.90998],[150.99103,-33.90894],[150.99995,-33.91184],[151.00122,-33.90355],[150.99508,-33.8983],[150.99987,-33.87114],[150.98253,-33.85713],[150.9637,-33.86868],[150.9537,-33.85396],[150.94698,-33.85415]]]},"properties":{"districtname":"FAIRFIELD","urbanity":"U"}},{"type":"Feature","geometry":{"type":"Polygon","coordinates":[[[151.23701,-33.92529],[151.21692,-33.92479],[151.20978,-33.93474],[151.19497,-33.93799],[151.18811,-33.94456],[151.1943,-33.95377],[151.19215,-33.95748],[151.19975,-34.00122],[151.22375,-34.00167],[151.22961,-34.00539],[151.23217,-34.01615],[151.25223,-33.99578],[151.25502,-33.98288],[151.25161,-33.97915],[151.25963,-33.97613],[151.25219,-33.96437],[151.26641,-33.96739],[151.26327,-33.96106],[151.26539,-33.95786],[151.25733,-33.95038],[151.26565,-33.94118],[151.26002,-33.93771],[151.26155,-33.93631],[151.23787,-33.93282],[151.23933,-33.92562],[151.23701,-33.92529]]]},"properties":{"districtname":"MAROUBRA","urbanity":"U"}},{"type":"Feature","geometry":{"type":"Polygon","coordinates":[[[151.10938,-33.76258],[151.10537,-33.76117],[151.09679,-33.76575],[151.09376,-33.77866],[151.08685,-33.78331],[151.07371,-33.78191],[151.07246,-33.77786],[151.06107,-33.78057],[151.0587,-33.78508],[151.06583,-33.79086],[151.06612,-33.80261],[151.07017,-33.80614],[151.07297,-33.81982],[151.09494,-33.82353],[151.10306,-33.81577],[151.10928,-33.81647],[151.12588,-33.8054],[151.11991,-33.80107],[151.13044,-33.7913],[151.12585,-33.78757],[151.13544,-33.7756],[151.12199,-33.77008],[151.11694,-33.76134],[151.10938,-33.76258]]]},"properties":{"districtname":"RYDE","urbanity":"U"}},{"type":"Feature","geometry":{"type":"MultiPolygon","coordinates":[[[[153.24176,-29.90831],[153.23865,-29.8987],[153.23076,-29.89728],[153.22635,-29.90867],[153.21967,-29.90633],[153.20825,-29.90817],[153.20867,-29.91647],[153.18244,-29.91268],[153.17212,-29.92405],[153.16597,-29.92399],[153.16017,-29.93019],[153.15514,-29.92131],[153.15222,-29.93705],[153.13371,-29.93463],[153.12833,-29.94222],[153.13747,-29.94298],[153.13597,-29.95458],[153.14432,-29.95807],[153.1439,-29.98043],[153.12242,-29.97633],[153.12096,-29.9837],[153.11767,-29.98321],[153.11687,-29.98725],[153.1112,-29.98643],[153.10924,-29.99632],[153.10105,-29.99879],[153.09418,-29.99578],[153.09105,-30.01391],[153.10076,-30.01521],[153.10005,-30.01925],[153.10488,-30.01745],[153.10289,-30.03064],[153.0932,-30.03185],[153.09029,-30.04698],[153.08188,-30.04583],[153.08345,-30.03708],[153.06302,-30.03453],[153.0569,-30.03869],[153.05452,-30.04576],[153.04433,-30.04424],[153.05038,-30.04997],[153.05355,-30.05944],[153.04724,-30.07238],[153.04123,-30.07149],[153.03681,-30.07464],[153.03476,-30.08757],[153.03844,-30.08944],[153.01775,-30.08707],[153.01761,-30.09645],[152.99897,-30.09378],[152.99837,-30.0969],[152.99383,-30.09623],[152.99467,-30.09181],[152.98361,-30.08932],[152.97834,-30.1014],[152.96632,-30.10342],[152.97202,-30.10563],[152.97666,-30.11225],[152.97335,-30.12987],[152.9342,-30.12374],[152.91771,-30.15433],[152.90699,-30.14373],[152.90008,-30.14277],[152.88793,-30.13424],[152.8828,-30.12675],[152.88074,-30.12954],[152.87249,-30.12883],[152.87318,-30.13296],[152.86943,-30.13576],[152.86656,-30.13406],[152.86702,-30.13975],[152.8574,-30.14789],[152.84507,-30.14224],[152.8386,-30.14401],[152.8346,-30.14051],[152.82929,-30.14469],[152.82195,-30.14292],[152.81965,-30.13908],[152.82482,-30.13125],[152.8081,-30.12566],[152.80876,-30.1388],[152.80489,-30.14327],[152.80847,-30.14742],[152.7958,-30.15564],[152.80054,-30.16234],[152.79972,-30.17025],[152.80615,-30.17287],[152.79968,-30.17875],[152.79894,-30.18371],[152.80388,-30.18612],[152.80137,-30.19187],[152.80857,-30.19467],[152.80921,-30.20036],[152.81773,-30.20693],[152.81759,-30.21329],[152.83278,-30.21695],[152.82941,-30.22204],[152.83424,-30.22339],[152.83701,-30.23229],[152.8452,-30.23614],[152.84705,-30.23933],[152.84372,-30.24076],[152.84886,-30.24562],[152.84931,-30.25244],[152.8557,-30.25312],[152.85166,-30.2592],[152.84828,-30.25681],[152.84676,-30.26022],[152.8414,-30.26116],[152.83731,-30.26976],[152.83207,-30.2694],[152.83316,-30.27332],[152.82092,-30.26493],[152.81891,-30.27256],[152.82306,-30.27531],[152.8177,-30.27999],[152.82372,-30.28664],[152.81661,-30.29399],[152.81984,-30.30037],[152.83882,-30.31383],[152.84671,-30.3097],[152.85524,-30.31203],[152.86438,-30.32294],[152.87835,-30.3274],[152.88454,-30.32531],[152.89061,-30.32944],[152.89572,-30.32683],[152.90183,-30.32988],[152.90843,-30.3276],[152.93908,-30.33967],[152.95172,-30.35124],[152.96548,-30.34844],[152.95763,-30.38875],[152.98115,-30.39681],[152.98492,-30.40323],[152.99322,-30.40177],[152.99423,-30.40522],[153.03949,-30.43194],[153.06065,-30.44913],[153.07815,-30.43173],[153.07247,-30.42402],[153.08115,-30.40087],[153.09979,-30.37766],[153.10485,-30.37747],[153.10333,-30.36752],[153.10985,-30.35617],[153.10712,-30.35331],[153.1128,-30.34179],[153.13557,-30.31663],[153.14243,-30.3123],[153.14905,-30.31375],[153.15274,-30.3092],[153.1548,-30.30463],[153.14052,-30.2992],[153.1407,-30.28544],[153.14792,-30.27737],[153.14273,-30.27359],[153.14748,-30.26956],[153.14061,-30.26766],[153.13832,-30.26246],[153.14052,-30.25523],[153.15534,-30.23396],[153.15445,-30.22873],[153.16422,-30.21399],[153.16127,-30.21066],[153.1689,-30.19541],[153.18423,-30.17849],[153.19299,-30.17731],[153.18984,-30.17601],[153.19034,-30.16874],[153.19855,-30.15923],[153.2071,-30.15636],[153.2014,-30.15424],[153.20354,-30.14595],[153.20038,-30.14439],[153.20016,-30.13902],[153.20851,-30.1139],[153.21327,-30.10984],[153.20283,-30.10877],[153.1998,-30.10455],[153.20062,-30.08732],[153.20576,-30.07707],[153.20338,-30.07282],[153.20775,-30.06829],[153.20259,-30.0649],[153.20621,-30.05848],[153.19817,-30.05782],[153.19568,-30.04767],[153.19874,-30.03647],[153.23416,-29.98234],[153.23328,-29.97949],[153.25566,-29.95118],[153.25972,-29.95118],[153.26108,-29.94679],[153.2579,-29.9442],[153.26185,-29.9405],[153.25663,-29.91867],[153.24367,-29.91668],[153.24176,-29.90831]]],[[[153.22759,-30.15924],[153.22659,-30.16235],[153.22909,-30.16102],[153.22759,-30.15924]]],[[[153.26814,-30.20619],[153.26569,-30.20409],[153.26684,-30.20763],[153.26814,-30.20619]]],[[[153.18237,-30.24084],[153.1809,-30.23933],[153.17921,-30.24029],[153.18237,-30.24084]]],[[[153.27176,-30.01629],[153.2703,-30.01588],[153.27054,-30.01947],[153.27176,-30.01629]]],[[[153.20635,-30.12964],[153.20711,-30.13104],[153.20946,-30.13045],[153.20635,-30.12964]]],[[[153.25888,-29.97434],[153.25963,-29.97342],[153.25844,-29.97262],[153.25888,-29.97434]]],[[[153.26004,-29.97556],[153.26038,-29.97406],[153.25956,-29.97485],[153.26004,-29.97556]]],[[[153.20797,-30.09579],[153.20674,-30.0951],[153.20801,-30.09642],[153.20797,-30.09579]]],[[[153.1443,-30.29496],[153.14345,-30.29524],[153.14401,-30.296],[153.1443,-30.29496]]],[[[153.2695,-30.20593],[153.26826,-30.20584],[153.2687,-30.2068],[153.2695,-30.20593]]],[[[153.20635,-30.09543],[153.20556,-30.09553],[153.20548,-30.0964],[153.20635,-30.09543]]],[[[153.15725,-30.23446],[153.15723,-30.23359],[153.15684,-30.23399],[153.15725,-30.23446]]],[[[153.20818,-30.06795],[153.20831,-30.06833],[153.20843,-30.06805],[153.20818,-30.06795]]]]},"properties":{"districtname":"COFFS HARBOUR","urbanity":"R"}},{"type":"Feature","geometry":{"type":"Polygon","coordinates":[[[151.10193,-33.83263],[151.09512,-33.82366],[151.08552,-33.82109],[151.08058,-33.82981],[151.08212,-33.84852],[151.07052,-33.85697],[151.08812,-33.86513],[151.12758,-33.87418],[151.14999,-33.8674],[151.17848,-33.84522],[151.16206,-33.84637],[151.15276,-33.84015],[151.13476,-33.84683],[151.13105,-33.84254],[151.12355,-33.84339],[151.10193,-33.83263]]]},"properties":{"districtname":"DRUMMOYNE","urbanity":"U"}},{"type":"Feature","geometry":{"type":"Polygon","coordinates":[[[151.20176,-33.89552],[151.19555,-33.89757],[151.18701,-33.90757],[151.17286,-33.91021],[151.15836,-33.91999],[151.15549,-33.92621],[151.15693,-33.93155],[151.16136,-33.93303],[151.16078,-33.94438],[151.17554,-33.95502],[151.18019,-33.97293],[151.19716,-33.97922],[151.19215,-33.95748],[151.1943,-33.95377],[151.18811,-33.94456],[151.19497,-33.93799],[151.20978,-33.93474],[151.21692,-33.92479],[151.2283,-33.92448],[151.22322,-33.91161],[151.22359,-33.90369],[151.21429,-33.90382],[151.21569,-33.89761],[151.20176,-33.89552]]]},"properties":{"districtname":"HEFFRON","urbanity":"U"}},{"type":"Feature","geometry":{"type":"Polygon","coordinates":[[[150.88581,-33.8532],[150.87737,-33.85162],[150.87274,-33.84646],[150.86835,-33.84929],[150.87098,-33.85644],[150.86335,-33.86452],[150.85367,-33.86315],[150.84999,-33.88173],[150.8821,-33.88874],[150.89397,-33.89749],[150.89997,-33.9101],[150.90775,-33.91419],[150.9173,-33.90387],[150.92785,-33.90732],[150.93624,-33.9033],[150.94148,-33.90293],[150.94095,-33.90612],[150.94938,-33.90236],[150.94963,-33.90548],[150.96005,-33.8988],[150.96657,-33.90052],[150.96012,-33.90466],[150.96794,-33.91074],[150.97945,-33.90639],[150.96838,-33.8964],[150.96679,-33.88982],[150.95908,-33.89004],[150.96264,-33.88684],[150.95719,-33.88165],[150.94642,-33.88585],[150.93933,-33.88269],[150.93356,-33.88972],[150.90952,-33.8864],[150.91399,-33.88228],[150.89962,-33.87221],[150.89642,-33.86519],[150.89634,-33.8517],[150.88581,-33.8532]]]},"properties":{"districtname":"CABRAMATTA","urbanity":"U"}},{"type":"Feature","geometry":{"type":"Polygon","coordinates":[[[151.06701,-33.70689],[151.05622,-33.71957],[151.05966,-33.72899],[151.05598,-33.733],[151.0698,-33.74138],[151.06859,-33.74494],[151.08887,-33.75285],[151.09875,-33.75231],[151.10534,-33.75749],[151.10569,-33.76151],[151.11694,-33.76134],[151.11999,-33.7685],[151.13265,-33.77512],[151.13717,-33.77595],[151.14236,-33.77119],[151.14309,-33.75869],[151.14025,-33.75482],[151.14803,-33.75026],[151.15639,-33.73195],[151.13876,-33.72904],[151.14448,-33.70997],[151.13768,-33.69291],[151.13777,-33.68438],[151.12877,-33.68968],[151.12445,-33.68851],[151.12003,-33.69413],[151.10956,-33.69182],[151.10563,-33.70629],[151.09792,-33.70463],[151.09861,-33.71629],[151.0905,-33.71704],[151.08869,-33.71204],[151.07968,-33.7053],[151.082,-33.69373],[151.0684,-33.70209],[151.06701,-33.70689]]]},"properties":{"districtname":"WAHROONGA","urbanity":"U"}},{"type":"Feature","geometry":{"type":"Polygon","coordinates":[[[151.45181,-33.39626],[151.45161,-33.39074],[151.44582,-33.38301],[151.44024,-33.39016],[151.42969,-33.38264],[151.41411,-33.38305],[151.40958,-33.38466],[151.40323,-33.3959],[151.37833,-33.41976],[151.36844,-33.41793],[151.35587,-33.4243],[151.36003,-33.42567],[151.35921,-33.43161],[151.36373,-33.43715],[151.35944,-33.4381],[151.36256,-33.44015],[151.33851,-33.4684],[151.33198,-33.46882],[151.33148,-33.47172],[151.33972,-33.48184],[151.33504,-33.49316],[151.35299,-33.51466],[151.35008,-33.51963],[151.33957,-33.51751],[151.33443,-33.52241],[151.33992,-33.526],[151.34118,-33.53089],[151.33694,-33.53692],[151.34264,-33.53943],[151.34502,-33.54707],[151.34813,-33.54063],[151.36619,-33.5302],[151.37221,-33.52912],[151.38115,-33.53302],[151.38733,-33.5246],[151.39362,-33.52373],[151.39565,-33.52542],[151.39363,-33.52839],[151.40459,-33.52882],[151.41098,-33.52312],[151.41642,-33.52402],[151.42117,-33.51896],[151.41958,-33.51105],[151.42955,-33.50464],[151.42519,-33.50014],[151.42696,-33.4956],[151.43219,-33.49143],[151.44018,-33.49268],[151.44519,-33.48947],[151.44674,-33.48445],[151.44336,-33.48223],[151.44054,-33.47093],[151.43564,-33.46733],[151.44058,-33.45824],[151.45248,-33.45089],[151.45129,-33.44611],[151.4464,-33.44733],[151.44411,-33.4443],[151.44419,-33.43635],[151.46525,-33.41318],[151.48513,-33.39869],[151.47669,-33.39743],[151.476,-33.40092],[151.46217,-33.3989],[151.45935,-33.40247],[151.45541,-33.40082],[151.45621,-33.39689],[151.45181,-33.39626]]]},"properties":{"districtname":"TERRIGAL","urbanity":"R"}},{"type":"Feature","geometry":{"type":"Polygon","coordinates":[[[150.85281,-33.88358],[150.8432,-33.8769],[150.8358,-33.88733],[150.83531,-33.89328],[150.84552,-33.90308],[150.85393,-33.92087],[150.86694,-33.93062],[150.87079,-33.9272],[150.91767,-33.92875],[150.9281,-33.9269],[150.93152,-33.92216],[150.94188,-33.92329],[150.9522,-33.91976],[150.94956,-33.9024],[150.94095,-33.90612],[150.94148,-33.90293],[150.93624,-33.9033],[150.92785,-33.90732],[150.9173,-33.90387],[150.90775,-33.91419],[150.89997,-33.9101],[150.89397,-33.89749],[150.8821,-33.88874],[150.86469,-33.88343],[150.85281,-33.88358]]]},"properties":{"districtname":"LIVERPOOL","urbanity":"U"}},{"type":"Feature","geometry":{"type":"Polygon","coordinates":[[[151.16387,-34.00072],[151.15354,-34.00067],[151.14451,-34.00801],[151.13612,-34.00999],[151.13433,-34.01518],[151.1421,-34.02598],[151.12086,-34.02426],[151.11828,-34.03741],[151.12296,-34.04314],[151.06623,-34.03507],[151.05969,-34.04023],[151.06548,-34.04109],[151.07492,-34.04942],[151.07224,-34.06314],[151.08754,-34.06654],[151.09611,-34.05583],[151.10695,-34.06576],[151.10923,-34.07554],[151.13355,-34.0726],[151.13941,-34.07723],[151.15231,-34.07762],[151.16278,-34.07243],[151.15722,-34.07007],[151.15867,-34.05831],[151.15534,-34.05473],[151.16658,-34.04025],[151.18835,-34.03508],[151.19533,-34.03708],[151.19851,-34.04157],[151.20143,-34.03783],[151.21404,-34.04163],[151.22234,-34.03819],[151.23029,-34.02674],[151.23038,-34.00725],[151.22375,-34.00167],[151.16387,-34.00072]]]},"properties":{"districtname":"CRONULLA","urbanity":"R"}},{"type":"Feature","geometry":{"type":"Polygon","coordinates":[[[151.08694,-33.86403],[151.06437,-33.8557],[151.06051,-33.86147],[151.06567,-33.86404],[151.05692,-33.86451],[151.06636,-33.87369],[151.06922,-33.8836],[151.06754,-33.893],[151.0717,-33.90306],[151.09114,-33.91201],[151.10233,-33.90843],[151.10764,-33.90179],[151.11198,-33.90313],[151.11305,-33.8942],[151.11701,-33.89329],[151.12247,-33.88086],[151.12975,-33.87694],[151.12377,-33.87161],[151.08694,-33.86403]]]},"properties":{"districtname":"STRATHFIELD","urbanity":"U"}},{"type":"Feature","geometry":{"type":"Polygon","coordinates":[[[151.11164,-33.9059],[151.10764,-33.90179],[151.10233,-33.90843],[151.09114,-33.91201],[151.07705,-33.90742],[151.06513,-33.91746],[151.07704,-33.94318],[151.11579,-33.93675],[151.12441,-33.93046],[151.13344,-33.93173],[151.14016,-33.92738],[151.15507,-33.92613],[151.14781,-33.92107],[151.13717,-33.9214],[151.14016,-33.91618],[151.13562,-33.9132],[151.13021,-33.91628],[151.12204,-33.91443],[151.12597,-33.90754],[151.12295,-33.90451],[151.11592,-33.90262],[151.11164,-33.9059]]]},"properties":{"districtname":"CANTERBURY","urbanity":"U"}},{"type":"Feature","geometry":{"type":"Polygon","coordinates":[[[151.06859,-33.74494],[151.0698,-33.74138],[151.06696,-33.73962],[151.0585,-33.74054],[151.04953,-33.74865],[151.04901,-33.75854],[151.03085,-33.76436],[151.0117,-33.7581],[151.00509,-33.76703],[151.00693,-33.77104],[151.00455,-33.77703],[151.00744,-33.77664],[151.00969,-33.78152],[151.0061,-33.7872],[150.99925,-33.78549],[150.99996,-33.79115],[151.01217,-33.7934],[151.01553,-33.79836],[151.02788,-33.80431],[151.06529,-33.79657],[151.06583,-33.79086],[151.05862,-33.78482],[151.06121,-33.7804],[151.07246,-33.77786],[151.07371,-33.78191],[151.08668,-33.78334],[151.09138,-33.78094],[151.09386,-33.7706],[151.0986,-33.76434],[151.10446,-33.76267],[151.10534,-33.75749],[151.09716,-33.75175],[151.08887,-33.75285],[151.06859,-33.74494]]]},"properties":{"districtname":"EPPING","urbanity":"U"}},{"type":"Feature","geometry":{"type":"Polygon","coordinates":[[[150.67599,-33.67332],[150.65882,-33.67359],[150.65818,-33.71299],[150.65584,-33.71673],[150.64968,-33.71602],[150.64845,-33.72184],[150.64408,-33.72122],[150.64249,-33.73017],[150.64704,-33.73084],[150.64058,-33.74802],[150.64492,-33.75207],[150.64181,-33.75751],[150.64274,-33.77509],[150.63964,-33.77913],[150.64219,-33.78023],[150.65945,-33.76433],[150.68159,-33.77967],[150.70362,-33.7856],[150.71466,-33.77365],[150.72365,-33.77294],[150.72805,-33.76053],[150.73855,-33.75422],[150.74094,-33.73982],[150.7247,-33.73712],[150.72553,-33.73347],[150.71817,-33.73251],[150.72617,-33.71777],[150.72243,-33.71232],[150.72368,-33.70572],[150.70835,-33.70374],[150.70932,-33.69915],[150.70266,-33.69825],[150.69599,-33.70508],[150.67771,-33.69042],[150.67599,-33.67332]]]},"properties":{"districtname":"PENRITH","urbanity":"U"}},{"type":"Feature","geometry":{"type":"Polygon","coordinates":[[[151.20758,-33.88434],[151.20588,-33.88166],[151.14496,-33.88972],[151.14229,-33.89654],[151.14484,-33.90074],[151.15744,-33.89974],[151.16836,-33.90412],[151.17154,-33.90863],[151.18701,-33.90757],[151.20003,-33.89564],[151.21569,-33.89761],[151.21679,-33.89208],[151.20183,-33.8891],[151.20758,-33.88434]]]},"properties":{"districtname":"NEWTOWN","urbanity":"U"}},{"type":"Feature","geometry":{"type":"Polygon","coordinates":[[[150.72944,-34.52963],[150.70672,-34.53271],[150.69992,-34.53021],[150.68547,-34.53834],[150.68119,-34.53505],[150.67553,-34.53766],[150.67062,-34.534],[150.66489,-34.53837],[150.65881,-34.53395],[150.65464,-34.53891],[150.64166,-34.54107],[150.6401,-34.54673],[150.65527,-34.54659],[150.63989,-34.5604],[150.63884,-34.57517],[150.64382,-34.5797],[150.66417,-34.58115],[150.66836,-34.5919],[150.6812,-34.60117],[150.6938,-34.60391],[150.69314,-34.60725],[150.66804,-34.60962],[150.667,-34.61915],[150.65557,-34.62404],[150.63474,-34.62646],[150.63238,-34.63438],[150.62437,-34.64363],[150.61188,-34.646],[150.60421,-34.65189],[150.5907,-34.64711],[150.59097,-34.65823],[150.58295,-34.66167],[150.58303,-34.66739],[150.57669,-34.66948],[150.58029,-34.68654],[150.5771,-34.69566],[150.56703,-34.69689],[150.5636,-34.68951],[150.56907,-34.68183],[150.55927,-34.68336],[150.56574,-34.67825],[150.56778,-34.66886],[150.56542,-34.65558],[150.5571,-34.64399],[150.55896,-34.63911],[150.55126,-34.64554],[150.55401,-34.65114],[150.54815,-34.65045],[150.54643,-34.64399],[150.53851,-34.66504],[150.53012,-34.65682],[150.51888,-34.66045],[150.51735,-34.66429],[150.50259,-34.66772],[150.50153,-34.67054],[150.50547,-34.67314],[150.50077,-34.67526],[150.50177,-34.67926],[150.49833,-34.68205],[150.46928,-34.67819],[150.45182,-34.69167],[150.43276,-34.68962],[150.42223,-34.69893],[150.40098,-34.70324],[150.38891,-34.71317],[150.39224,-34.71805],[150.38253,-34.72362],[150.37764,-34.73724],[150.37146,-34.74373],[150.3575,-34.74857],[150.33822,-34.74842],[150.32889,-34.76078],[150.3136,-34.76991],[150.31475,-34.77415],[150.30557,-34.76725],[150.29002,-34.76446],[150.27651,-34.76923],[150.26637,-34.77592],[150.25582,-34.79145],[150.23696,-34.79348],[150.23377,-34.80081],[150.21837,-34.8046],[150.20957,-34.81448],[150.19372,-34.81971],[150.17766,-34.81821],[150.16273,-34.82305],[150.12743,-34.81754],[150.12144,-34.80369],[150.10929,-34.79852],[150.10514,-34.78859],[150.08174,-34.77386],[150.07583,-34.77334],[150.07423,-34.76808],[150.05621,-34.77044],[150.05514,-34.77365],[150.06694,-34.77828],[150.06688,-34.78275],[150.05293,-34.78513],[150.042,-34.79318],[150.04031,-34.79554],[150.0467,-34.80465],[150.03834,-34.80485],[150.0361,-34.80861],[150.04376,-34.82777],[150.03745,-34.84386],[150.04219,-34.8514],[150.04061,-34.86019],[150.05156,-34.87028],[150.05276,-34.88215],[150.05852,-34.88222],[150.07571,-34.89754],[150.08687,-34.89378],[150.08765,-34.89621],[150.08091,-34.90167],[150.08161,-34.90502],[150.09181,-34.91131],[150.08617,-34.91396],[150.08825,-34.92487],[150.06777,-34.9365],[150.06774,-34.94539],[150.06111,-34.95114],[150.05553,-34.96527],[150.05892,-34.96971],[150.07879,-34.97592],[150.08583,-34.98837],[150.06703,-35.00419],[150.04983,-35.00838],[150.05439,-35.01409],[150.05319,-35.01839],[150.06482,-35.02219],[150.06181,-35.03667],[150.06689,-35.03532],[150.06665,-35.04003],[150.07623,-35.04241],[150.07233,-35.0504],[150.08772,-35.05901],[150.08571,-35.06299],[150.08946,-35.06775],[150.09713,-35.06717],[150.10248,-35.072],[150.10793,-35.072],[150.1032,-35.08199],[150.11397,-35.08848],[150.12499,-35.08665],[150.13453,-35.09206],[150.13634,-35.08885],[150.14664,-35.08765],[150.14377,-35.08349],[150.14745,-35.07956],[150.16792,-35.07137],[150.21099,-35.07266],[150.24736,-35.09248],[150.25703,-35.10349],[150.2735,-35.10148],[150.30227,-35.11445],[150.30712,-35.10698],[150.31168,-35.10685],[150.31092,-35.10224],[150.30504,-35.10023],[150.31067,-35.08746],[150.30495,-35.07683],[150.32078,-35.06115],[150.32403,-35.04335],[150.32871,-35.03941],[150.32746,-35.03564],[150.33215,-35.02916],[150.33042,-35.0268],[150.33599,-35.02188],[150.33025,-35.00328],[150.32676,-35.00115],[150.32999,-34.98845],[150.33814,-34.98266],[150.33268,-34.97226],[150.33673,-34.96852],[150.3361,-34.95916],[150.3404,-34.95349],[150.34767,-34.95412],[150.34902,-34.9489],[150.35668,-34.95254],[150.35968,-34.94375],[150.36521,-34.94535],[150.36072,-34.93783],[150.37412,-34.93267],[150.37256,-34.92934],[150.38151,-34.92579],[150.38531,-34.91758],[150.39656,-34.91413],[150.41068,-34.91726],[150.41436,-34.91376],[150.42103,-34.91396],[150.43335,-34.92211],[150.4396,-34.93345],[150.44551,-34.93616],[150.44344,-34.94968],[150.44916,-34.95425],[150.44867,-34.96031],[150.4396,-34.96496],[150.43519,-34.97958],[150.43969,-34.98895],[150.43783,-34.99615],[150.44226,-35.00166],[150.43856,-35.00573],[150.43973,-35.01029],[150.44533,-35.01905],[150.4542,-35.0202],[150.45355,-35.02353],[150.45881,-35.02423],[150.45735,-35.03141],[150.47025,-35.03348],[150.48917,-35.03137],[150.49532,-35.04183],[150.51115,-35.04568],[150.51167,-35.02959],[150.52104,-35.03151],[150.57574,-35.02255],[150.57664,-35.01644],[150.58612,-35.01922],[150.58725,-35.02925],[150.62947,-35.03506],[150.62812,-35.0302],[150.60748,-35.01696],[150.60551,-35.00465],[150.62143,-35.00017],[150.62518,-34.99124],[150.61497,-34.98534],[150.61488,-34.97988],[150.60694,-34.97487],[150.59888,-34.97586],[150.59905,-34.97279],[150.60307,-34.97343],[150.60594,-34.95751],[150.5995,-34.95641],[150.60424,-34.92427],[150.60178,-34.90144],[150.60458,-34.8876],[150.59049,-34.88519],[150.58747,-34.87053],[150.625,-34.85368],[150.67349,-34.85462],[150.69328,-34.86669],[150.71594,-34.87418],[150.72419,-34.87374],[150.73182,-34.86334],[150.74953,-34.86061],[150.75753,-34.82814],[150.77822,-34.79597],[150.78916,-34.78552],[150.80744,-34.77488],[150.81847,-34.77416],[150.82458,-34.78216],[150.82367,-34.77294],[150.82857,-34.76852],[150.82763,-34.76267],[150.83697,-34.75452],[150.83243,-34.75088],[150.83671,-34.74684],[150.83387,-34.7372],[150.83907,-34.72905],[150.84527,-34.72634],[150.8471,-34.71619],[150.8525,-34.71381],[150.85065,-34.70367],[150.85665,-34.69986],[150.85223,-34.69756],[150.85933,-34.69284],[150.85434,-34.69241],[150.85424,-34.68998],[150.86135,-34.68797],[150.86053,-34.68214],[150.85691,-34.68171],[150.85505,-34.67623],[150.85916,-34.67245],[150.86697,-34.67156],[150.85654,-34.67081],[150.85876,-34.66675],[150.85433,-34.66208],[150.85704,-34.65505],[150.86379,-34.65428],[150.8623,-34.65121],[150.86572,-34.6491],[150.85964,-34.6489],[150.85561,-34.64289],[150.86256,-34.62819],[150.8591,-34.62879],[150.84854,-34.61431],[150.84204,-34.61513],[150.83887,-34.61164],[150.84446,-34.58485],[150.83162,-34.57628],[150.80276,-34.5678],[150.78513,-34.54684],[150.77169,-34.55149],[150.76798,-34.54628],[150.76806,-34.53457],[150.75517,-34.53862],[150.74926,-34.52914],[150.74083,-34.53236],[150.72944,-34.52963]]]},"properties":{"districtname":"KIAMA","urbanity":"R"}},{"type":"Feature","geometry":{"type":"MultiPolygon","coordinates":[[[[150.63651,-34.85467],[150.62322,-34.85395],[150.61014,-34.86236],[150.58747,-34.87053],[150.59049,-34.88519],[150.60458,-34.8876],[150.60178,-34.90144],[150.60424,-34.92427],[150.5995,-34.95641],[150.60594,-34.95751],[150.60307,-34.97343],[150.59905,-34.97279],[150.59888,-34.97586],[150.60694,-34.97487],[150.61488,-34.97988],[150.61497,-34.98534],[150.62518,-34.99124],[150.62143,-35.00017],[150.60551,-35.00465],[150.60748,-35.01696],[150.62812,-35.0302],[150.62947,-35.03506],[150.58725,-35.02925],[150.58612,-35.01922],[150.57664,-35.01644],[150.57574,-35.02255],[150.52104,-35.03151],[150.51167,-35.02959],[150.51115,-35.04568],[150.49532,-35.04183],[150.48917,-35.03137],[150.47025,-35.03348],[150.45735,-35.03141],[150.45881,-35.02423],[150.45355,-35.02353],[150.4542,-35.0202],[150.44533,-35.01905],[150.43973,-35.01029],[150.43856,-35.00573],[150.44226,-35.00166],[150.43783,-34.99615],[150.43969,-34.98895],[150.43519,-34.97958],[150.4396,-34.96496],[150.44867,-34.96031],[150.44916,-34.95425],[150.44344,-34.94968],[150.44551,-34.93616],[150.4396,-34.93345],[150.43335,-34.92211],[150.42103,-34.91396],[150.41436,-34.91376],[150.41068,-34.91726],[150.39569,-34.91421],[150.38492,-34.91789],[150.38151,-34.92579],[150.37256,-34.92934],[150.37409,-34.93269],[150.36072,-34.93783],[150.36521,-34.94535],[150.35968,-34.94375],[150.35668,-34.95254],[150.34902,-34.9489],[150.34767,-34.95412],[150.3404,-34.95349],[150.3361,-34.95916],[150.33673,-34.96852],[150.33268,-34.97226],[150.33814,-34.98266],[150.32999,-34.98845],[150.32676,-35.00115],[150.33025,-35.00328],[150.33599,-35.02188],[150.33042,-35.0268],[150.33215,-35.02916],[150.32746,-35.03564],[150.32871,-35.03941],[150.32403,-35.04335],[150.32078,-35.06115],[150.30495,-35.07683],[150.31067,-35.08746],[150.30504,-35.10023],[150.31092,-35.10224],[150.31168,-35.10685],[150.30712,-35.10698],[150.30227,-35.11445],[150.2735,-35.10148],[150.25703,-35.10349],[150.24736,-35.09248],[150.21099,-35.07266],[150.16748,-35.07144],[150.14461,-35.08176],[150.14643,-35.0878],[150.13634,-35.08885],[150.13425,-35.09213],[150.12499,-35.08665],[150.11942,-35.08892],[150.12957,-35.09716],[150.12762,-35.10367],[150.13206,-35.10291],[150.13395,-35.10592],[150.12915,-35.11292],[150.13954,-35.11755],[150.1427,-35.13137],[150.14145,-35.1443],[150.15165,-35.14359],[150.16001,-35.15129],[150.16943,-35.1484],[150.1758,-35.16541],[150.20393,-35.17069],[150.20573,-35.18081],[150.21469,-35.1943],[150.21506,-35.20399],[150.20336,-35.20282],[150.19873,-35.19887],[150.18632,-35.19983],[150.18558,-35.20786],[150.19087,-35.21464],[150.18745,-35.22009],[150.19499,-35.2192],[150.19793,-35.22946],[150.19105,-35.23393],[150.18744,-35.2301],[150.18257,-35.23652],[150.16869,-35.23924],[150.16783,-35.244],[150.17206,-35.24873],[150.16099,-35.25674],[150.16689,-35.26643],[150.16437,-35.26977],[150.15193,-35.26677],[150.13796,-35.27325],[150.13369,-35.27934],[150.12204,-35.28394],[150.12133,-35.29088],[150.11661,-35.29345],[150.10541,-35.2847],[150.09804,-35.29312],[150.08605,-35.29108],[150.08231,-35.29319],[150.0873,-35.30061],[150.08537,-35.30525],[150.05106,-35.30905],[150.05106,-35.31561],[150.04636,-35.31613],[150.04297,-35.32063],[150.03801,-35.33422],[150.04214,-35.34561],[150.04673,-35.34738],[150.04492,-35.35852],[150.03702,-35.36741],[150.04196,-35.38312],[150.03846,-35.40572],[150.03269,-35.41002],[150.02114,-35.41207],[150.01793,-35.41922],[150.01049,-35.42437],[150.00718,-35.42997],[150.01409,-35.43813],[150.00538,-35.44456],[150.00298,-35.47371],[149.97732,-35.49058],[149.98015,-35.50962],[149.98427,-35.51019],[149.99462,-35.52133],[149.99744,-35.53008],[150.00155,-35.53276],[150.0022,-35.54182],[150.0108,-35.55176],[150.02383,-35.55435],[150.02655,-35.56085],[150.03707,-35.56148],[150.05134,-35.57032],[150.0555,-35.57647],[150.06722,-35.57409],[150.06688,-35.57836],[150.07163,-35.57904],[150.0764,-35.57383],[150.07819,-35.57875],[150.09413,-35.5807],[150.0945,-35.57507],[150.09944,-35.57644],[150.10794,-35.57331],[150.1085,-35.57048],[150.11952,-35.57574],[150.13098,-35.56898],[150.13275,-35.56273],[150.13683,-35.56473],[150.13548,-35.56859],[150.141,-35.56867],[150.1425,-35.57282],[150.15125,-35.57336],[150.1572,-35.56967],[150.16127,-35.57481],[150.16671,-35.57056],[150.17311,-35.57535],[150.1821,-35.57027],[150.18062,-35.56139],[150.19195,-35.54983],[150.19704,-35.55437],[150.20378,-35.54647],[150.20305,-35.54336],[150.21246,-35.54936],[150.21335,-35.54428],[150.22129,-35.5505],[150.22342,-35.54507],[150.23469,-35.55425],[150.23772,-35.54936],[150.24142,-35.55827],[150.24683,-35.55925],[150.24635,-35.56219],[150.25222,-35.56679],[150.25375,-35.56419],[150.25743,-35.56891],[150.25528,-35.61712],[150.24962,-35.6317],[150.2594,-35.62718],[150.26081,-35.6217],[150.26602,-35.62134],[150.26273,-35.6186],[150.26994,-35.6169],[150.26868,-35.62366],[150.27238,-35.62434],[150.27475,-35.63188],[150.27253,-35.63333],[150.27411,-35.63672],[150.27876,-35.63724],[150.27774,-35.64067],[150.28863,-35.63267],[150.29733,-35.63498],[150.28578,-35.63623],[150.29373,-35.64455],[150.3024,-35.63835],[150.31557,-35.63498],[150.32014,-35.63548],[150.32283,-35.64024],[150.32973,-35.62962],[150.323,-35.62586],[150.32545,-35.61729],[150.323,-35.61302],[150.33564,-35.60962],[150.33417,-35.60391],[150.34567,-35.60417],[150.34019,-35.59722],[150.3469,-35.59334],[150.34701,-35.58801],[150.351,-35.5874],[150.36533,-35.57054],[150.37722,-35.57154],[150.37946,-35.56815],[150.37618,-35.56376],[150.38711,-35.56235],[150.38747,-35.55879],[150.38183,-35.5546],[150.38684,-35.54411],[150.39297,-35.54356],[150.39027,-35.54102],[150.39223,-35.53678],[150.40134,-35.53188],[150.40656,-35.53365],[150.40778,-35.52942],[150.3989,-35.51611],[150.40225,-35.51393],[150.3982,-35.50878],[150.4018,-35.5061],[150.39376,-35.50515],[150.39079,-35.49832],[150.39504,-35.49285],[150.38963,-35.48845],[150.39557,-35.48022],[150.39093,-35.47322],[150.39382,-35.46384],[150.4,-35.45672],[150.4037,-35.45854],[150.40127,-35.453],[150.40721,-35.44553],[150.41555,-35.44543],[150.41104,-35.44183],[150.41091,-35.43687],[150.4209,-35.42366],[150.43372,-35.41279],[150.44533,-35.41064],[150.44912,-35.40678],[150.44665,-35.40215],[150.44998,-35.4],[150.449,-35.39431],[150.46638,-35.37603],[150.47117,-35.37597],[150.48226,-35.36705],[150.49184,-35.36687],[150.48884,-35.3602],[150.47977,-35.3593],[150.47739,-35.35405],[150.48436,-35.35446],[150.48503,-35.35073],[150.4759,-35.34636],[150.47894,-35.34212],[150.47525,-35.33939],[150.47521,-35.33363],[150.47981,-35.326],[150.48764,-35.32469],[150.48597,-35.32148],[150.47206,-35.3163],[150.47766,-35.2937],[150.50192,-35.27207],[150.51325,-35.2704],[150.51766,-35.27308],[150.51446,-35.26971],[150.51593,-35.26317],[150.52762,-35.25976],[150.52683,-35.25645],[150.53438,-35.25059],[150.54523,-35.24851],[150.54151,-35.24577],[150.54243,-35.24262],[150.53377,-35.244],[150.53014,-35.23479],[150.54223,-35.2147],[150.56302,-35.20344],[150.56186,-35.20025],[150.57259,-35.19328],[150.58766,-35.18858],[150.5965,-35.19053],[150.5936,-35.18813],[150.59554,-35.18458],[150.5927,-35.18389],[150.59238,-35.17545],[150.6017,-35.17028],[150.60616,-35.155],[150.60355,-35.15196],[150.59603,-35.15155],[150.5939,-35.14388],[150.59964,-35.14631],[150.60806,-35.1436],[150.6134,-35.14737],[150.6154,-35.14477],[150.61499,-35.14841],[150.63375,-35.14893],[150.65114,-35.1318],[150.65725,-35.12951],[150.66136,-35.11781],[150.70113,-35.12315],[150.76859,-35.11214],[150.77219,-35.11568],[150.77112,-35.12193],[150.81955,-35.08363],[150.82549,-35.07587],[150.8337,-35.07472],[150.84329,-35.05049],[150.83691,-35.04941],[150.83166,-35.04102],[150.83525,-35.03981],[150.83984,-35.02372],[150.84989,-35.01325],[150.84333,-35.00429],[150.84099,-35.00643],[150.83496,-35.00312],[150.82938,-35.00312],[150.82702,-35.01025],[150.82182,-35.01382],[150.82273,-35.01038],[150.82098,-35.01442],[150.81044,-35.01235],[150.79843,-35.00399],[150.78766,-34.99053],[150.78169,-34.97933],[150.77923,-34.96838],[150.78122,-34.96468],[150.77679,-34.95586],[150.77888,-34.93786],[150.78623,-34.93076],[150.7753,-34.93143],[150.76898,-34.92611],[150.76589,-34.91206],[150.77187,-34.89861],[150.7704,-34.89621],[150.7602,-34.89976],[150.75119,-34.88945],[150.74953,-34.86061],[150.73182,-34.86334],[150.72419,-34.87374],[150.71594,-34.87418],[150.69328,-34.86669],[150.67349,-34.85462],[150.63651,-34.85467]]],[[[150.42047,-35.52604],[150.41351,-35.52809],[150.41199,-35.5321],[150.42078,-35.53173],[150.42047,-35.52604]]],[[[150.39002,-35.55285],[150.39004,-35.55449],[150.39195,-35.55448],[150.39002,-35.55285]]],[[[150.36536,-35.57806],[150.36419,-35.5766],[150.36278,-35.57632],[150.36536,-35.57806]]],[[[150.33423,-35.63274],[150.33361,-35.63146],[150.3325,-35.63112],[150.33423,-35.63274]]],[[[150.35523,-35.58718],[150.35481,-35.58651],[150.35354,-35.58613],[150.35523,-35.58718]]],[[[150.47761,-35.30474],[150.47788,-35.30416],[150.47677,-35.30436],[150.47761,-35.30474]]],[[[150.35983,-35.58649],[150.35984,-35.5863],[150.35959,-35.58629],[150.35983,-35.58649]]]]},"properties":{"districtname":"SOUTH COAST","urbanity":"R"}},{"type":"Feature","geometry":{"type":"Polygon","coordinates":[[[150.99523,-34.05967],[150.9957,-34.04764],[151.00264,-34.0424],[151.00575,-34.04644],[151.01335,-34.04352],[151.01999,-34.03615],[151.01814,-34.03192],[151.02261,-34.02605],[151.03172,-34.02455],[151.0399,-34.02702],[151.04468,-34.02253],[151.04397,-34.0203],[151.03756,-34.02214],[151.01532,-34.01798],[151.00979,-34.01321],[151.01341,-34.00653],[151.02583,-33.99681],[151.03039,-33.97743],[151.02085,-33.9764],[151.01218,-33.98368],[151.00385,-33.97968],[150.99867,-33.98277],[150.99432,-33.97879],[150.9981,-33.97428],[150.98912,-33.96577],[150.98081,-33.96442],[150.98293,-33.95514],[150.97354,-33.95265],[150.96616,-33.94307],[150.96822,-33.93143],[150.97913,-33.92872],[150.97445,-33.9203],[150.97406,-33.9103],[150.96783,-33.9107],[150.96016,-33.90478],[150.96646,-33.90038],[150.9592,-33.89895],[150.94982,-33.90542],[150.95236,-33.91919],[150.94889,-33.92178],[150.93152,-33.92216],[150.9281,-33.9269],[150.91767,-33.92875],[150.87013,-33.92733],[150.86694,-33.93062],[150.87816,-33.93803],[150.87913,-33.95064],[150.89594,-33.94623],[150.90691,-33.95143],[150.91333,-33.95106],[150.90781,-33.9905],[150.90913,-33.99816],[150.91243,-34.00026],[150.90204,-34.00631],[150.90317,-34.01449],[150.90668,-34.01732],[150.89958,-34.02067],[150.89291,-34.01937],[150.89224,-34.00526],[150.8888,-34.00511],[150.88676,-34.03212],[150.9588,-34.04207],[150.96833,-34.05342],[150.99523,-34.05967]]]},"properties":{"districtname":"HOLSWORTHY","urbanity":"R"}},{"type":"Feature","geometry":{"type":"Polygon","coordinates":[[[151.06701,-33.70689],[151.0684,-33.70209],[151.082,-33.69373],[151.07968,-33.7053],[151.08869,-33.71204],[151.0905,-33.71704],[151.09985,-33.71565],[151.0979,-33.70467],[151.10563,-33.70629],[151.10946,-33.69191],[151.12003,-33.69413],[151.12445,-33.68851],[151.12877,-33.68968],[151.1378,-33.68437],[151.13812,-33.67779],[151.14725,-33.67426],[151.14888,-33.66962],[151.15545,-33.66697],[151.15471,-33.66372],[151.16346,-33.65803],[151.15984,-33.65036],[151.16415,-33.6468],[151.16387,-33.63872],[151.17138,-33.63121],[151.17192,-33.6256],[151.17722,-33.62638],[151.21261,-33.61045],[151.21822,-33.5976],[151.23977,-33.59333],[151.25322,-33.57761],[151.2428,-33.56845],[151.23987,-33.56144],[151.24858,-33.54038],[151.23945,-33.53513],[151.20796,-33.54086],[151.19532,-33.53868],[151.18928,-33.5272],[151.18586,-33.50829],[151.18133,-33.50406],[151.17514,-33.50787],[151.16895,-33.5211],[151.16141,-33.5228],[151.15775,-33.49654],[151.14953,-33.48752],[151.16178,-33.46865],[151.16146,-33.4626],[151.15292,-33.46218],[151.14672,-33.47116],[151.14147,-33.473],[151.11946,-33.46429],[151.1103,-33.47171],[151.10432,-33.4819],[151.09463,-33.48108],[151.08762,-33.4737],[151.08052,-33.44752],[151.07477,-33.4485],[151.07594,-33.46007],[151.06784,-33.45976],[151.06391,-33.45412],[151.06322,-33.44248],[151.05167,-33.44072],[151.04412,-33.42967],[151.03231,-33.42748],[151.03205,-33.40539],[151.02076,-33.40047],[150.99483,-33.39936],[150.98895,-33.37922],[150.98403,-33.38785],[150.98644,-33.39097],[150.98557,-33.40198],[150.97201,-33.42166],[150.99041,-33.42896],[150.99279,-33.44588],[151.00158,-33.45397],[151.00507,-33.46614],[151.0104,-33.4721],[151.01038,-33.48376],[151.01605,-33.49063],[151.02145,-33.49225],[151.02277,-33.50601],[151.02898,-33.51703],[151.02366,-33.52413],[151.01114,-33.53206],[151.01358,-33.53834],[151.0101,-33.54457],[151.01298,-33.54904],[151.00862,-33.55505],[151.01172,-33.56258],[151.00803,-33.56891],[151.01455,-33.57267],[151.01291,-33.58592],[151.00637,-33.5974],[151.01914,-33.60985],[151.02381,-33.6213],[151.01987,-33.65205],[151.02625,-33.66384],[151.02759,-33.68724],[151.0324,-33.69231],[151.02979,-33.69598],[151.01859,-33.69429],[151.01141,-33.71102],[151.01901,-33.71678],[151.0247,-33.71037],[151.03172,-33.7203],[151.03158,-33.72578],[151.0249,-33.73215],[151.04695,-33.74335],[151.04993,-33.74811],[151.0585,-33.74054],[151.06696,-33.73962],[151.05598,-33.733],[151.05966,-33.72899],[151.05622,-33.71957],[151.06701,-33.70689]]]},"properties":{"districtname":"HORNSBY","urbanity":"R"}},{"type":"Feature","geometry":{"type":"Polygon","coordinates":[[[151.06586,-33.94362],[151.0398,-33.94087],[151.04271,-33.94911],[151.0413,-33.96098],[151.04559,-33.96959],[151.03661,-33.97645],[151.03915,-33.98196],[151.03313,-33.98401],[151.03492,-33.99045],[151.05191,-33.99297],[151.06031,-33.98729],[151.07226,-33.99607],[151.09985,-33.99567],[151.10354,-33.98917],[151.10113,-33.98629],[151.10872,-33.98199],[151.07704,-33.94318],[151.06586,-33.94362]]]},"properties":{"districtname":"OATLEY","urbanity":"U"}},{"type":"Feature","geometry":{"type":"Polygon","coordinates":[[[151.53009,-33.29782],[151.52866,-33.29479],[151.50435,-33.28774],[151.48694,-33.31642],[151.46738,-33.3308],[151.44005,-33.33395],[151.44113,-33.3305],[151.42876,-33.32874],[151.42709,-33.31957],[151.41755,-33.30792],[151.40216,-33.30478],[151.3856,-33.32969],[151.37535,-33.33612],[151.36363,-33.35045],[151.33633,-33.36036],[151.33189,-33.36585],[151.33473,-33.37628],[151.34202,-33.37978],[151.33864,-33.39099],[151.34468,-33.39406],[151.34237,-33.39797],[151.34911,-33.40564],[151.34435,-33.4123],[151.37827,-33.41979],[151.40323,-33.3959],[151.40958,-33.38466],[151.41411,-33.38305],[151.42969,-33.38264],[151.44024,-33.39016],[151.44582,-33.38301],[151.45233,-33.39234],[151.45171,-33.39624],[151.45621,-33.39689],[151.45541,-33.40082],[151.45935,-33.40247],[151.46217,-33.3989],[151.476,-33.40092],[151.47669,-33.39743],[151.48513,-33.39869],[151.48724,-33.39049],[151.48335,-33.38445],[151.4885,-33.38255],[151.48779,-33.37432],[151.50061,-33.36294],[151.50528,-33.3626],[151.50008,-33.35963],[151.50527,-33.35382],[151.50344,-33.34846],[151.50668,-33.33525],[151.51948,-33.32043],[151.53918,-33.30576],[151.53009,-33.29782]]]},"properties":{"districtname":"THE ENTRANCE","urbanity":"R"}},{"type":"Feature","geometry":{"type":"Polygon","coordinates":[[[151.03753,-33.98324],[151.03631,-33.97596],[151.03039,-33.97743],[151.02578,-33.99691],[151.01053,-34.0108],[151.01442,-34.01761],[151.03842,-34.02221],[151.04858,-34.01919],[151.05567,-34.0242],[151.0554,-34.02825],[151.05926,-34.02889],[151.06435,-34.02125],[151.0738,-34.01993],[151.08183,-34.02253],[151.08083,-34.02966],[151.07156,-34.03204],[151.07078,-34.03574],[151.12296,-34.04314],[151.11828,-34.03741],[151.12086,-34.02426],[151.1421,-34.02598],[151.13433,-34.01518],[151.13612,-34.00999],[151.11266,-34.00294],[151.10066,-34.00323],[151.09988,-33.99567],[151.07214,-33.99604],[151.06053,-33.98733],[151.05237,-33.9929],[151.0371,-33.99183],[151.03289,-33.98485],[151.03753,-33.98324]]]},"properties":{"districtname":"MIRANDA","urbanity":"U"}},{"type":"Feature","geometry":{"type":"Polygon","coordinates":[[[150.99523,-34.05967],[150.96833,-34.05342],[150.9588,-34.04207],[150.93984,-34.04113],[150.9342,-34.05902],[150.93735,-34.06477],[150.93714,-34.07524],[150.93335,-34.07802],[150.93199,-34.08481],[150.9234,-34.08968],[150.92519,-34.09332],[150.9366,-34.09512],[150.93415,-34.10787],[150.92517,-34.11642],[150.92937,-34.12403],[150.92251,-34.1278],[150.91444,-34.15848],[150.90676,-34.16482],[150.90396,-34.18476],[150.89936,-34.1896],[150.88465,-34.1891],[150.8739,-34.18731],[150.86987,-34.18166],[150.85765,-34.1823],[150.85749,-34.19276],[150.86359,-34.19219],[150.86522,-34.20019],[150.87416,-34.19958],[150.88134,-34.2092],[150.89052,-34.21406],[150.89362,-34.22116],[150.89131,-34.22913],[150.89789,-34.23241],[150.8863,-34.24277],[150.88058,-34.25882],[150.8528,-34.27994],[150.83881,-34.27474],[150.82729,-34.2749],[150.81563,-34.26945],[150.80519,-34.27133],[150.80665,-34.28073],[150.81563,-34.29495],[150.81524,-34.30334],[150.82707,-34.32277],[150.83554,-34.32354],[150.85977,-34.33753],[150.87952,-34.33858],[150.881,-34.3346],[150.88995,-34.33825],[150.89088,-34.33384],[150.91368,-34.34008],[150.91423,-34.3358],[150.92503,-34.34111],[150.9286,-34.3394],[150.92542,-34.33533],[150.93003,-34.33052],[150.92464,-34.32715],[150.9273,-34.3186],[150.94297,-34.30166],[150.942,-34.29698],[150.9497,-34.28683],[150.95789,-34.28132],[150.95813,-34.27545],[150.96815,-34.26713],[150.96813,-34.26248],[150.97902,-34.24948],[150.97713,-34.24544],[150.98782,-34.23245],[151.01113,-34.21887],[151.0213,-34.20416],[151.03888,-34.19506],[151.04437,-34.1869],[151.05482,-34.18519],[151.05453,-34.18084],[151.06123,-34.17896],[151.06838,-34.17111],[151.08094,-34.16693],[151.10952,-34.14954],[151.11279,-34.14652],[151.11041,-34.1456],[151.12204,-34.13961],[151.11888,-34.13709],[151.12829,-34.13772],[151.12941,-34.13074],[151.13764,-34.12338],[151.13585,-34.12055],[151.15187,-34.1147],[151.15193,-34.11036],[151.17183,-34.08614],[151.16893,-34.07492],[151.16278,-34.07243],[151.15231,-34.07762],[151.13941,-34.07723],[151.13355,-34.0726],[151.10923,-34.07554],[151.10695,-34.06576],[151.09611,-34.05583],[151.08754,-34.06654],[151.07224,-34.06314],[151.07492,-34.04942],[151.06548,-34.04109],[151.05969,-34.04023],[151.06623,-34.03507],[151.07078,-34.03574],[151.07156,-34.03204],[151.08083,-34.02966],[151.08183,-34.02253],[151.07338,-34.01986],[151.06435,-34.02125],[151.05926,-34.02889],[151.0554,-34.02825],[151.05567,-34.0242],[151.04858,-34.01919],[151.04397,-34.0203],[151.0399,-34.02702],[151.02297,-34.02582],[151.01814,-34.03192],[151.01999,-34.03615],[151.01335,-34.04352],[151.00575,-34.04644],[151.00264,-34.0424],[150.9957,-34.04764],[150.99523,-34.05967]]]},"properties":{"districtname":"HEATHCOTE","urbanity":"R"}},{"type":"Feature","geometry":{"type":"MultiPolygon","coordinates":[[[[151.62284,-32.99878],[151.61835,-33.01388],[151.63307,-33.06077],[151.61423,-33.08758],[151.56859,-33.08507],[151.57382,-33.11882],[151.5348,-33.13984],[151.52575,-33.15663],[151.52975,-33.16886],[151.52622,-33.17419],[151.52769,-33.17991],[151.51553,-33.18394],[151.51297,-33.19056],[151.51217,-33.19433],[151.5194,-33.19507],[151.52265,-33.19948],[151.50758,-33.21802],[151.51879,-33.22806],[151.52748,-33.24761],[151.56271,-33.24047],[151.55685,-33.24676],[151.56097,-33.25917],[151.56391,-33.25814],[151.5651,-33.24793],[151.57498,-33.23368],[151.59956,-33.21083],[151.62047,-33.19802],[151.62572,-33.19787],[151.62264,-33.19545],[151.62223,-33.18869],[151.62393,-33.18626],[151.62913,-33.18722],[151.6303,-33.17752],[151.63885,-33.17585],[151.63222,-33.17081],[151.63209,-33.16666],[151.63695,-33.16457],[151.63479,-33.15946],[151.63024,-33.15863],[151.63022,-33.15454],[151.64457,-33.13742],[151.64305,-33.13046],[151.6472,-33.12866],[151.64828,-33.12068],[151.65351,-33.12065],[151.64825,-33.12007],[151.64745,-33.1117],[151.66557,-33.08953],[151.65771,-33.07565],[151.6628,-33.06047],[151.68542,-33.03715],[151.7283,-33.01116],[151.71887,-33.00974],[151.72047,-33.00779],[151.71589,-33.00357],[151.70686,-33.00792],[151.68551,-33.00467],[151.67462,-33.01125],[151.66512,-33.00351],[151.62284,-32.99878]]],[[[151.67402,-33.08659],[151.6712,-33.08848],[151.6737,-33.08804],[151.67402,-33.08659]]],[[[151.66759,-33.09356],[151.66718,-33.09401],[151.66798,-33.09408],[151.66759,-33.09356]]]]},"properties":{"districtname":"SWANSEA","urbanity":"R"}},{"type":"Feature","geometry":{"type":"Polygon","coordinates":[[[151.67949,-32.81754],[151.67733,-32.81594],[151.70839,-32.88508],[151.73113,-32.90228],[151.72867,-32.903],[151.72047,-32.9332],[151.74867,-32.9378],[151.72764,-32.94621],[151.72811,-32.95942],[151.73578,-32.96282],[151.75435,-32.95333],[151.75722,-32.94832],[151.77196,-32.93925],[151.77959,-32.93721],[151.78462,-32.93151],[151.79161,-32.93018],[151.79317,-32.92311],[151.80389,-32.91583],[151.79889,-32.91283],[151.79171,-32.91431],[151.78847,-32.9062],[151.80323,-32.88347],[151.83512,-32.86322],[151.87843,-32.84139],[151.86498,-32.82754],[151.82045,-32.82019],[151.81633,-32.82446],[151.80813,-32.82023],[151.78431,-32.82038],[151.77367,-32.82763],[151.77978,-32.83333],[151.783,-32.84398],[151.78159,-32.86073],[151.7726,-32.85457],[151.73754,-32.84845],[151.72826,-32.83725],[151.69798,-32.83182],[151.68475,-32.82235],[151.68246,-32.81728],[151.67949,-32.81754]]]},"properties":{"districtname":"NEWCASTLE","urbanity":"R"}},{"type":"Feature","geometry":{"type":"Polygon","coordinates":[[[150.83095,-33.72607],[150.78193,-33.71967],[150.79735,-33.73256],[150.78405,-33.74186],[150.79303,-33.75347],[150.79269,-33.75842],[150.80204,-33.77005],[150.80339,-33.77711],[150.81006,-33.78383],[150.81132,-33.7913],[150.83148,-33.79185],[150.85427,-33.79803],[150.85798,-33.78002],[150.84596,-33.76624],[150.84944,-33.73369],[150.8455,-33.7285],[150.83095,-33.72607]]]},"properties":{"districtname":"MOUNT DRUITT","urbanity":"U"}},{"type":"Feature","geometry":{"type":"Polygon","coordinates":[[[150.85675,-33.71599],[150.84403,-33.71769],[150.84452,-33.72633],[150.84944,-33.73369],[150.84582,-33.74932],[150.8461,-33.76715],[150.85816,-33.78074],[150.85427,-33.79803],[150.89603,-33.80294],[150.89695,-33.79803],[150.90368,-33.80037],[150.90572,-33.78924],[150.91911,-33.79115],[150.92037,-33.77952],[150.92478,-33.77449],[150.91215,-33.77],[150.9179,-33.73849],[150.87045,-33.7328],[150.87266,-33.7292],[150.86668,-33.72601],[150.86882,-33.72308],[150.86418,-33.71924],[150.8653,-33.7166],[150.85675,-33.71599]]]},"properties":{"districtname":"BLACKTOWN","urbanity":"U"}},{"type":"Feature","geometry":{"type":"Polygon","coordinates":[[[150.79149,-34.30704],[150.75087,-34.30191],[150.74568,-34.3374],[150.68974,-34.4415],[150.71659,-34.44948],[150.71785,-34.45485],[150.73443,-34.46054],[150.74751,-34.4606],[150.75011,-34.46279],[150.74845,-34.4659],[150.76973,-34.47196],[150.76921,-34.4791],[150.7978,-34.48291],[150.799,-34.47906],[150.8046,-34.48032],[150.81879,-34.47016],[150.83494,-34.46551],[150.85401,-34.44917],[150.85122,-34.44779],[150.86608,-34.43142],[150.86852,-34.42424],[150.89096,-34.40798],[150.89663,-34.38006],[150.90336,-34.37979],[150.90634,-34.37217],[150.91931,-34.37183],[150.92105,-34.3779],[150.92654,-34.37562],[150.93138,-34.36822],[150.92578,-34.36724],[150.92084,-34.3619],[150.92002,-34.35454],[150.92503,-34.34111],[150.92074,-34.33813],[150.91423,-34.3358],[150.91368,-34.34008],[150.89088,-34.33384],[150.88995,-34.33825],[150.881,-34.3346],[150.87952,-34.33858],[150.85977,-34.33753],[150.83554,-34.32354],[150.82707,-34.32277],[150.81677,-34.30636],[150.79261,-34.30331],[150.79149,-34.30704]]]},"properties":{"districtname":"KEIRA","urbanity":"R"}},{"type":"Feature","geometry":{"type":"Polygon","coordinates":[[[151.13949,-33.11128],[151.13572,-33.10982],[151.12556,-33.11516],[151.11692,-33.12473],[151.1076,-33.12789],[151.10103,-33.13647],[151.09957,-33.14434],[151.10583,-33.1515],[151.10066,-33.1652],[151.10106,-33.17736],[151.10419,-33.18121],[151.09955,-33.18445],[151.09666,-33.19332],[151.10099,-33.19752],[151.0982,-33.20304],[151.09865,-33.22052],[151.10265,-33.22235],[151.10675,-33.23164],[151.09938,-33.24534],[151.09694,-33.25932],[151.09974,-33.26168],[151.09475,-33.26161],[151.08685,-33.26906],[151.09005,-33.27124],[151.09153,-33.27849],[151.08923,-33.28117],[151.09409,-33.28568],[151.09601,-33.29993],[151.09211,-33.30701],[151.09377,-33.31198],[151.08423,-33.3184],[151.08991,-33.32546],[151.07883,-33.33526],[151.06623,-33.33365],[151.06482,-33.34138],[151.04201,-33.34318],[151.03111,-33.35131],[151.02454,-33.3496],[151.01697,-33.35338],[151.01145,-33.34849],[151.00043,-33.35039],[150.99345,-33.36335],[150.98722,-33.36439],[150.98432,-33.37152],[150.99247,-33.38427],[150.99321,-33.39752],[151.00117,-33.40159],[151.02338,-33.40099],[151.03197,-33.40532],[151.03242,-33.42763],[151.04412,-33.42967],[151.05167,-33.44072],[151.06322,-33.44248],[151.06402,-33.45453],[151.07078,-33.46132],[151.07642,-33.4591],[151.07546,-33.4474],[151.08032,-33.44734],[151.08762,-33.4737],[151.09516,-33.4813],[151.10432,-33.4819],[151.1103,-33.47171],[151.11946,-33.46429],[151.14157,-33.47299],[151.14672,-33.47116],[151.15261,-33.46235],[151.16042,-33.46181],[151.16219,-33.46779],[151.14953,-33.48752],[151.15775,-33.49654],[151.16054,-33.52179],[151.16874,-33.52128],[151.17521,-33.50778],[151.18133,-33.50406],[151.18586,-33.50829],[151.18928,-33.5272],[151.19549,-33.53877],[151.20796,-33.54086],[151.22979,-33.5355],[151.24587,-33.53676],[151.24859,-33.54296],[151.23987,-33.56144],[151.25116,-33.57699],[151.26977,-33.57893],[151.28892,-33.56431],[151.32767,-33.56375],[151.34531,-33.54723],[151.34264,-33.53943],[151.33695,-33.53695],[151.34117,-33.52949],[151.33485,-33.52117],[151.33983,-33.51748],[151.34975,-33.51976],[151.35303,-33.51551],[151.33498,-33.49303],[151.33974,-33.48196],[151.33223,-33.47414],[151.33198,-33.46882],[151.33851,-33.4684],[151.36256,-33.44015],[151.35944,-33.4381],[151.36373,-33.43715],[151.35921,-33.43161],[151.36003,-33.42567],[151.35587,-33.4243],[151.36844,-33.41793],[151.34435,-33.4123],[151.34911,-33.40564],[151.34237,-33.39797],[151.34468,-33.39406],[151.33864,-33.39099],[151.34202,-33.37978],[151.33473,-33.37628],[151.3321,-33.36448],[151.32284,-33.36669],[151.30244,-33.36225],[151.29564,-33.35109],[151.29101,-33.35018],[151.29347,-33.33927],[151.30013,-33.34031],[151.30253,-33.32843],[151.2985,-33.32783],[151.30013,-33.3199],[151.29689,-33.31941],[151.29633,-33.32218],[151.27995,-33.31992],[151.28407,-33.30705],[151.2791,-33.30018],[151.28273,-33.29552],[151.27414,-33.28777],[151.26311,-33.28837],[151.2631,-33.27528],[151.25631,-33.2689],[151.258,-33.26298],[151.25182,-33.25825],[151.24046,-33.25784],[151.24217,-33.25025],[151.27695,-33.25507],[151.27624,-33.25934],[151.29914,-33.26235],[151.30159,-33.24959],[151.28201,-33.24718],[151.28351,-33.23864],[151.25499,-33.23518],[151.2584,-33.21931],[151.23981,-33.21515],[151.23623,-33.20941],[151.23463,-33.21711],[151.22425,-33.21562],[151.22537,-33.20975],[151.21519,-33.2083],[151.21585,-33.20473],[151.20827,-33.20364],[151.21002,-33.1948],[151.21476,-33.19405],[151.21584,-33.1887],[151.22306,-33.18972],[151.22587,-33.17537],[151.2203,-33.1746],[151.22454,-33.16381],[151.21324,-33.1655],[151.21601,-33.15195],[151.20929,-33.14744],[151.21553,-33.13448],[151.20653,-33.13341],[151.20251,-33.13903],[151.19572,-33.13743],[151.16323,-33.12451],[151.15083,-33.1132],[151.13949,-33.11128]]]},"properties":{"districtname":"GOSFORD","urbanity":"R"}},{"type":"Feature","geometry":{"type":"Polygon","coordinates":[[[151.15634,-33.9271],[151.14023,-33.92737],[151.13307,-33.93177],[151.12441,-33.93046],[151.11292,-33.93676],[151.13805,-33.9598],[151.13613,-33.96903],[151.12433,-33.97729],[151.13026,-33.98357],[151.11956,-33.99713],[151.11888,-34.00455],[151.13781,-34.0101],[151.15354,-34.00067],[151.19975,-34.00122],[151.19716,-33.97922],[151.18019,-33.97293],[151.17554,-33.95502],[151.16078,-33.94438],[151.16136,-33.93303],[151.15684,-33.93143],[151.15634,-33.9271]]]},"properties":{"districtname":"ROCKDALE","urbanity":"R"}},{"type":"Feature","geometry":{"type":"Polygon","coordinates":[[[151.11538,-33.94018],[151.11132,-33.93602],[151.07704,-33.94318],[151.10893,-33.98238],[151.10063,-33.98726],[151.10354,-33.98917],[151.09985,-33.99567],[151.10134,-34.00343],[151.11888,-34.00455],[151.11956,-33.99713],[151.13026,-33.98357],[151.12433,-33.97729],[151.1366,-33.96716],[151.13805,-33.9598],[151.1251,-33.94544],[151.11538,-33.94018]]]},"properties":{"districtname":"KOGARAH","urbanity":"U"}},{"type":"Feature","geometry":{"type":"Polygon","coordinates":[[[151.1502,-33.87282],[151.14999,-33.8674],[151.12758,-33.87418],[151.12975,-33.87694],[151.1224,-33.88094],[151.11003,-33.90294],[151.11169,-33.90604],[151.11592,-33.90262],[151.12295,-33.90451],[151.12597,-33.90754],[151.12204,-33.91443],[151.13021,-33.91628],[151.13562,-33.9132],[151.14016,-33.91618],[151.13717,-33.9214],[151.14781,-33.92107],[151.15549,-33.92621],[151.15836,-33.91999],[151.17505,-33.909],[151.15744,-33.89974],[151.14484,-33.90074],[151.14229,-33.89654],[151.14487,-33.88224],[151.1502,-33.87282]]]},"properties":{"districtname":"SUMMER HILL","urbanity":"U"}},{"type":"Feature","geometry":{"type":"Polygon","coordinates":[[[151.24886,-33.8024],[151.23589,-33.80626],[151.23112,-33.81667],[151.23092,-33.82777],[151.22329,-33.83153],[151.20083,-33.82771],[151.19906,-33.82205],[151.1953,-33.82201],[151.19572,-33.82788],[151.18919,-33.83115],[151.18716,-33.83932],[151.19093,-33.8486],[151.24301,-33.85883],[151.25232,-33.85681],[151.26822,-33.83972],[151.27477,-33.823],[151.26642,-33.8204],[151.25968,-33.82285],[151.24886,-33.8024]]]},"properties":{"districtname":"NORTH SHORE","urbanity":"U"}},{"type":"Feature","geometry":{"type":"Polygon","coordinates":[[[151.13971,-33.776],[151.13544,-33.7756],[151.12585,-33.78757],[151.13044,-33.7913],[151.11991,-33.80107],[151.12588,-33.8054],[151.10928,-33.81647],[151.10306,-33.81577],[151.09494,-33.82353],[151.10009,-33.83125],[151.12355,-33.84339],[151.13105,-33.84254],[151.13476,-33.84683],[151.15276,-33.84015],[151.1628,-33.84648],[151.18964,-33.84484],[151.18786,-33.83538],[151.18921,-33.83113],[151.19572,-33.82788],[151.19435,-33.82343],[151.18814,-33.8244],[151.17542,-33.81245],[151.17936,-33.80538],[151.17222,-33.80774],[151.14338,-33.80275],[151.14557,-33.79972],[151.15904,-33.79859],[151.15629,-33.79129],[151.15246,-33.7904],[151.14839,-33.79426],[151.14889,-33.78741],[151.14277,-33.78113],[151.13971,-33.78229],[151.13971,-33.776]]]},"properties":{"districtname":"LANE COVE","urbanity":"U"}},{"type":"Feature","geometry":{"type":"Polygon","coordinates":[[[151.02635,-33.83502],[151.01777,-33.83888],[151.01299,-33.87838],[150.99987,-33.87114],[150.99508,-33.8983],[151.00295,-33.90462],[151.02911,-33.90871],[151.03705,-33.90608],[151.03947,-33.88776],[151.06865,-33.88129],[151.06496,-33.87138],[151.05692,-33.86451],[151.06567,-33.86404],[151.06051,-33.86147],[151.06437,-33.8557],[151.02635,-33.83502]]]},"properties":{"districtname":"AUBURN","urbanity":"U"}},{"type":"Feature","geometry":{"type":"Polygon","coordinates":[[[150.92658,-30.18464],[150.92504,-30.18222],[150.91742,-30.18595],[150.89883,-30.18492],[150.88494,-30.20308],[150.85112,-30.20198],[150.83316,-30.19688],[150.83293,-30.19988],[150.82293,-30.20311],[150.81613,-30.21135],[150.81276,-30.21992],[150.81607,-30.22796],[150.79066,-30.22693],[150.78786,-30.22931],[150.78862,-30.23852],[150.78214,-30.25617],[150.7716,-30.25744],[150.76649,-30.26405],[150.76252,-30.25932],[150.75417,-30.26715],[150.73824,-30.27215],[150.73139,-30.27832],[150.72293,-30.29429],[150.7099,-30.29324],[150.70822,-30.2843],[150.70295,-30.28395],[150.70107,-30.27396],[150.68734,-30.28022],[150.68604,-30.28619],[150.68105,-30.28889],[150.68146,-30.28317],[150.67532,-30.27544],[150.66503,-30.27964],[150.65681,-30.27493],[150.63486,-30.2854],[150.62278,-30.2808],[150.61781,-30.28774],[150.61971,-30.29467],[150.61769,-30.29581],[150.60154,-30.29148],[150.599,-30.29433],[150.59104,-30.28575],[150.58004,-30.29027],[150.57933,-30.2966],[150.57251,-30.29716],[150.57058,-30.30339],[150.54412,-30.31105],[150.5395,-30.32259],[150.53546,-30.31983],[150.53174,-30.30855],[150.52351,-30.3098],[150.51388,-30.30654],[150.51756,-30.2933],[150.51605,-30.28382],[150.50597,-30.27296],[150.48134,-30.26353],[150.46984,-30.26303],[150.46579,-30.26073],[150.46369,-30.25197],[150.46014,-30.25336],[150.45641,-30.26209],[150.43884,-30.27111],[150.43627,-30.28054],[150.42265,-30.2843],[150.40336,-30.30343],[150.39186,-30.32283],[150.38383,-30.32309],[150.37046,-30.31731],[150.36642,-30.31893],[150.36301,-30.31658],[150.36481,-30.30346],[150.35499,-30.30759],[150.34284,-30.30403],[150.33277,-30.29631],[150.33469,-30.28555],[150.30402,-30.2803],[150.30793,-30.25776],[150.26607,-30.25222],[150.26568,-30.24763],[150.25114,-30.23746],[150.22905,-30.24262],[150.21959,-30.25341],[150.20708,-30.25605],[150.192,-30.22719],[150.184,-30.22551],[150.17833,-30.21718],[150.18273,-30.211],[150.17964,-30.20561],[150.17295,-30.20576],[150.16479,-30.19764],[150.15873,-30.2082],[150.14546,-30.20889],[150.14637,-30.21563],[150.15055,-30.22002],[150.16394,-30.22257],[150.16849,-30.23943],[150.17306,-30.24356],[150.17118,-30.25568],[150.17551,-30.26535],[150.16955,-30.26737],[150.16592,-30.27394],[150.17261,-30.27879],[150.17986,-30.27832],[150.18521,-30.2892],[150.19366,-30.29323],[150.18297,-30.29949],[150.195,-30.32107],[150.19126,-30.32615],[150.19555,-30.34561],[150.18865,-30.35724],[150.19075,-30.36459],[150.20342,-30.37503],[150.22403,-30.37091],[150.2288,-30.37651],[150.23586,-30.37851],[150.23768,-30.38459],[150.22618,-30.39237],[150.22576,-30.39929],[150.23133,-30.40249],[150.23962,-30.40173],[150.25147,-30.41353],[150.27461,-30.42144],[150.28325,-30.43084],[150.2919,-30.42794],[150.30053,-30.43271],[150.31643,-30.42796],[150.32262,-30.41971],[150.3207,-30.4088],[150.32863,-30.40244],[150.33878,-30.41507],[150.34142,-30.41205],[150.34932,-30.41495],[150.35569,-30.42804],[150.3625,-30.43245],[150.3625,-30.45067],[150.36099,-30.45406],[150.35183,-30.45769],[150.3515,-30.4663],[150.34654,-30.46953],[150.34666,-30.47318],[150.36092,-30.46879],[150.36759,-30.47007],[150.36416,-30.48928],[150.35014,-30.49267],[150.34839,-30.4967],[150.36258,-30.49857],[150.35475,-30.52822],[150.36854,-30.53006],[150.36613,-30.5434],[150.39377,-30.54705],[150.38866,-30.55102],[150.39071,-30.56931],[150.37275,-30.56673],[150.37376,-30.56122],[150.36046,-30.55943],[150.35888,-30.5666],[150.3623,-30.57397],[150.37024,-30.57621],[150.36389,-30.58406],[150.37084,-30.58731],[150.3717,-30.59455],[150.37828,-30.60269],[150.39105,-30.60532],[150.38782,-30.61818],[150.36251,-30.63216],[150.34938,-30.63559],[150.3555,-30.64992],[150.35392,-30.66153],[150.33945,-30.66365],[150.33738,-30.67449],[150.29551,-30.67436],[150.29042,-30.70166],[150.30242,-30.69447],[150.29559,-30.73037],[150.28414,-30.72881],[150.28268,-30.73656],[150.27681,-30.73577],[150.27586,-30.74082],[150.26864,-30.7398],[150.26445,-30.76223],[150.16162,-30.74697],[150.16034,-30.75355],[150.13125,-30.74727],[150.13044,-30.75153],[150.11068,-30.7487],[150.10186,-30.80535],[150.05285,-30.8003],[150.04391,-30.77494],[150.0351,-30.7737],[150.0373,-30.76174],[150.03025,-30.76076],[150.03326,-30.74228],[150.01964,-30.74096],[150.01143,-30.73649],[150.0085,-30.74168],[150.00313,-30.74284],[150.00482,-30.75003],[149.98475,-30.76222],[149.98396,-30.76578],[149.9901,-30.77289],[149.98198,-30.7763],[149.97685,-30.77039],[149.97271,-30.77379],[149.88525,-30.76204],[149.88661,-30.75467],[149.86402,-30.75161],[149.86134,-30.7644],[149.82503,-30.75931],[149.82423,-30.78095],[149.82298,-30.7831],[149.80793,-30.78113],[149.80274,-30.80993],[149.81947,-30.81215],[149.81614,-30.83066],[149.79353,-30.82881],[149.7883,-30.85904],[149.76112,-30.85535],[149.75829,-30.87176],[149.67031,-30.86161],[149.66409,-30.87011],[149.65878,-30.86999],[149.65584,-30.88904],[149.63668,-30.88858],[149.63385,-30.90271],[149.63707,-30.90992],[149.63156,-30.91608],[149.68912,-30.92303],[149.69678,-30.91444],[149.71045,-30.9167],[149.71082,-30.93443],[149.74203,-30.93891],[149.74344,-30.92985],[149.75154,-30.93282],[149.75768,-30.93037],[149.8237,-30.93916],[149.82717,-30.91958],[149.83819,-30.92101],[149.83531,-30.93717],[149.84697,-30.93882],[149.82991,-31.03438],[149.82293,-31.03356],[149.82524,-31.03802],[149.82953,-31.03861],[149.81978,-31.0845],[149.90476,-31.09702],[149.89073,-31.10726],[149.89299,-31.11413],[149.888,-31.1174],[149.89398,-31.12083],[149.88813,-31.12668],[149.89404,-31.13708],[149.89083,-31.13741],[149.88935,-31.14529],[149.89464,-31.14737],[149.89454,-31.15156],[149.888,-31.1566],[149.89342,-31.16555],[149.88762,-31.16987],[149.88565,-31.17545],[149.88851,-31.17918],[149.88202,-31.18821],[149.8833,-31.19058],[149.88026,-31.19132],[149.88052,-31.19523],[149.87562,-31.19592],[149.88083,-31.20234],[149.84438,-31.19673],[149.8415,-31.21149],[149.83067,-31.20982],[149.82591,-31.22852],[149.79588,-31.22392],[149.79033,-31.25004],[149.79252,-31.26496],[149.78891,-31.26985],[149.78858,-31.30867],[149.79265,-31.31637],[149.78796,-31.32077],[149.79094,-31.32552],[149.80366,-31.32722],[149.8043,-31.33403],[149.81005,-31.33364],[149.8032,-31.37194],[149.86585,-31.37967],[149.88425,-31.36992],[149.88166,-31.38521],[149.89144,-31.3963],[149.88907,-31.40044],[149.89325,-31.40215],[149.89404,-31.41414],[149.89745,-31.41965],[149.89589,-31.42409],[149.90962,-31.43051],[149.9081,-31.44068],[149.91371,-31.4473],[149.91298,-31.45342],[149.88291,-31.45205],[149.86696,-31.53726],[149.87453,-31.53832],[149.87596,-31.53495],[149.90441,-31.53688],[149.90607,-31.54327],[149.9032,-31.54561],[149.91086,-31.55167],[149.91476,-31.55951],[149.91169,-31.57746],[149.90424,-31.57931],[149.8929,-31.59258],[149.89676,-31.60247],[149.89544,-31.6133],[149.89896,-31.61783],[149.89665,-31.62014],[149.90108,-31.62441],[149.8409,-31.61609],[149.85144,-31.62872],[149.86558,-31.63798],[149.86308,-31.64335],[149.86647,-31.65149],[149.86358,-31.6696],[149.87022,-31.68299],[149.87778,-31.68327],[149.87974,-31.69254],[149.89731,-31.69855],[149.90667,-31.70723],[149.91937,-31.7063],[149.93018,-31.69838],[149.93186,-31.70369],[149.93934,-31.70649],[149.94174,-31.71099],[149.947,-31.70226],[149.96555,-31.70096],[149.98085,-31.71875],[149.98022,-31.72772],[149.98413,-31.72792],[149.99374,-31.72178],[149.99055,-31.71396],[149.99579,-31.71471],[150.00439,-31.70256],[150.01,-31.70698],[150.01388,-31.70478],[150.01367,-31.69757],[150.02748,-31.69335],[150.02827,-31.6852],[150.03088,-31.69151],[150.03846,-31.69426],[150.04002,-31.69102],[150.04764,-31.69773],[150.05224,-31.69796],[150.05203,-31.70434],[150.04469,-31.71092],[150.04578,-31.71414],[150.05154,-31.72121],[150.05758,-31.7197],[150.07508,-31.73986],[150.08708,-31.74228],[150.10509,-31.73953],[150.10411,-31.74303],[150.11562,-31.75288],[150.1247,-31.75391],[150.12563,-31.76275],[150.13516,-31.76849],[150.15171,-31.76592],[150.17236,-31.79496],[150.18422,-31.80121],[150.18172,-31.80433],[150.18507,-31.81367],[150.19991,-31.8212],[150.19943,-31.82364],[150.24184,-31.82549],[150.25468,-31.83588],[150.28106,-31.84396],[150.28576,-31.84269],[150.29372,-31.84886],[150.30661,-31.8427],[150.30631,-31.83776],[150.31166,-31.83368],[150.33458,-31.82542],[150.35819,-31.83138],[150.36147,-31.83837],[150.36773,-31.84252],[150.37372,-31.83882],[150.38275,-31.84199],[150.41073,-31.83401],[150.41634,-31.83992],[150.43092,-31.84297],[150.43279,-31.85011],[150.44309,-31.85475],[150.45746,-31.85145],[150.47399,-31.83528],[150.48776,-31.8313],[150.49143,-31.83449],[150.50622,-31.83438],[150.5094,-31.83919],[150.52495,-31.84392],[150.52776,-31.85004],[150.53616,-31.85507],[150.54799,-31.85819],[150.55295,-31.85472],[150.5542,-31.84935],[150.56751,-31.84409],[150.57324,-31.84631],[150.58433,-31.84331],[150.59417,-31.84671],[150.60392,-31.84162],[150.61191,-31.84768],[150.62761,-31.83806],[150.63495,-31.84471],[150.64695,-31.8421],[150.6518,-31.84471],[150.66012,-31.84219],[150.67107,-31.84451],[150.67393,-31.84119],[150.68917,-31.83902],[150.69994,-31.84238],[150.70647,-31.83825],[150.7234,-31.83855],[150.72301,-31.82747],[150.7302,-31.82058],[150.73021,-31.81372],[150.71288,-31.80464],[150.71889,-31.79605],[150.7355,-31.79001],[150.73864,-31.77927],[150.75988,-31.78226],[150.76224,-31.77022],[150.76665,-31.77078],[150.77047,-31.76424],[150.77899,-31.76558],[150.78056,-31.75755],[150.77713,-31.7571],[150.79091,-31.74731],[150.79452,-31.74915],[150.79688,-31.73649],[150.80229,-31.73319],[150.81804,-31.73117],[150.83122,-31.73373],[150.84039,-31.72881],[150.84902,-31.73052],[150.85211,-31.71663],[150.86256,-31.71537],[150.86583,-31.69928],[150.8755,-31.69698],[150.88599,-31.70247],[150.87986,-31.68903],[150.88678,-31.68881],[150.88919,-31.69686],[150.89948,-31.69111],[150.89581,-31.68134],[150.90397,-31.68157],[150.90645,-31.66905],[150.91073,-31.66765],[150.89372,-31.66474],[150.91334,-31.65153],[150.91406,-31.64784],[150.93007,-31.65004],[150.93205,-31.64002],[150.97235,-31.64689],[150.99627,-31.63835],[150.99912,-31.63501],[150.99146,-31.62057],[150.99849,-31.60337],[151.01911,-31.60012],[151.02905,-31.59495],[151.04251,-31.59896],[151.0676,-31.59483],[151.07593,-31.60186],[151.07619,-31.60787],[151.08969,-31.6116],[151.09234,-31.61665],[151.11044,-31.61913],[151.11727,-31.632],[151.13923,-31.62637],[151.15326,-31.62624],[151.16552,-31.6326],[151.17552,-31.62885],[151.19552,-31.64018],[151.22265,-31.64874],[151.22568,-31.65216],[151.23297,-31.65225],[151.23176,-31.65613],[151.23525,-31.66184],[151.23826,-31.64596],[151.24724,-31.64721],[151.25187,-31.62254],[151.25517,-31.6232],[151.2562,-31.61749],[151.26341,-31.61782],[151.28078,-31.59998],[151.28502,-31.6009],[151.29274,-31.59367],[151.29388,-31.58607],[151.30502,-31.58851],[151.30689,-31.57973],[151.31754,-31.58059],[151.3194,-31.57633],[151.32555,-31.57593],[151.32659,-31.57272],[151.32296,-31.56901],[151.32809,-31.56762],[151.32663,-31.56114],[151.33569,-31.56451],[151.33857,-31.56227],[151.33595,-31.55932],[151.34338,-31.55609],[151.35077,-31.56407],[151.3542,-31.55914],[151.3663,-31.5603],[151.37221,-31.55743],[151.37698,-31.56202],[151.3855,-31.55479],[151.38789,-31.55655],[151.39279,-31.55376],[151.38951,-31.55997],[151.39296,-31.56266],[151.39477,-31.5601],[151.4019,-31.5626],[151.40079,-31.55805],[151.40618,-31.56587],[151.41046,-31.5652],[151.40853,-31.56275],[151.41181,-31.56127],[151.41298,-31.56441],[151.42089,-31.56336],[151.41878,-31.56699],[151.4234,-31.56947],[151.4278,-31.56206],[151.42904,-31.56688],[151.43278,-31.56702],[151.43075,-31.57457],[151.43592,-31.57579],[151.43309,-31.57973],[151.43709,-31.5786],[151.43844,-31.58104],[151.43456,-31.58462],[151.43747,-31.58631],[151.43314,-31.59142],[151.43401,-31.59521],[151.44013,-31.59419],[151.44354,-31.60016],[151.44906,-31.60122],[151.44887,-31.6064],[151.45761,-31.60979],[151.46655,-31.56395],[151.47759,-31.5655],[151.48038,-31.5616],[151.47893,-31.55765],[151.48481,-31.55011],[151.48248,-31.54721],[151.45723,-31.54111],[151.44092,-31.53142],[151.43241,-31.52353],[151.42643,-31.51134],[151.41773,-31.50518],[151.42769,-31.49868],[151.42121,-31.49294],[151.42389,-31.48484],[151.41328,-31.48494],[151.40909,-31.476],[151.41115,-31.46644],[151.41554,-31.46448],[151.41905,-31.45585],[151.4156,-31.44873],[151.41942,-31.44066],[151.41196,-31.43966],[151.41495,-31.43587],[151.41026,-31.43317],[151.42664,-31.41524],[151.41449,-31.41023],[151.40732,-31.39725],[151.41092,-31.39494],[151.40997,-31.38816],[151.4226,-31.37993],[151.43354,-31.38916],[151.43577,-31.38697],[151.44723,-31.38836],[151.45474,-31.38247],[151.46282,-31.38319],[151.46594,-31.37751],[151.45708,-31.36514],[151.45883,-31.35594],[151.45171,-31.35151],[151.44807,-31.33885],[151.43744,-31.33033],[151.42673,-31.32656],[151.42081,-31.31768],[151.42052,-31.31093],[151.42428,-31.30686],[151.41852,-31.30079],[151.42067,-31.27138],[151.4151,-31.26619],[151.39753,-31.26381],[151.39054,-31.30077],[151.36858,-31.29798],[151.36564,-31.29178],[151.3639,-31.29349],[151.35818,-31.2887],[151.37029,-31.22259],[151.37986,-31.22388],[151.38284,-31.2072],[151.37636,-31.20546],[151.36661,-31.21117],[151.36024,-31.21004],[151.36198,-31.19935],[151.35654,-31.20061],[151.34447,-31.19685],[151.34469,-31.18934],[151.33941,-31.18118],[151.33107,-31.17827],[151.32604,-31.1803],[151.31907,-31.17575],[151.32499,-31.14686],[151.33452,-31.14677],[151.3394,-31.12057],[151.33674,-31.11921],[151.33327,-31.12287],[151.33621,-31.10728],[151.30352,-31.10264],[151.30795,-31.08201],[151.30584,-31.08062],[151.31207,-31.08167],[151.31141,-31.0791],[151.31846,-31.07705],[151.31818,-31.07412],[151.32387,-31.07288],[151.32436,-31.06985],[151.33194,-31.06945],[151.34145,-31.06405],[151.35699,-31.06747],[151.36075,-31.04814],[151.34396,-31.04577],[151.34205,-31.04289],[151.34341,-31.0352],[151.35035,-31.03162],[151.35167,-31.023],[151.34247,-31.01898],[151.34606,-31.01686],[151.34369,-31.01158],[151.33187,-31.00998],[151.32824,-31.00395],[151.3204,-31.00278],[151.32241,-30.9917],[151.30926,-30.98984],[151.31416,-30.98224],[151.33161,-30.96807],[151.34764,-30.96782],[151.34323,-30.94635],[151.32485,-30.9399],[151.3177,-30.92768],[151.30899,-30.92726],[151.30699,-30.91829],[151.28778,-30.90932],[151.29496,-30.90138],[151.30119,-30.8994],[151.30841,-30.90825],[151.31048,-30.90362],[151.32383,-30.89789],[151.32431,-30.89465],[151.33323,-30.89762],[151.33795,-30.89034],[151.3362,-30.88785],[151.34502,-30.88239],[151.34461,-30.87912],[151.35256,-30.87232],[151.35683,-30.87836],[151.36106,-30.87953],[151.36406,-30.87654],[151.37069,-30.84109],[151.37523,-30.8417],[151.37683,-30.83389],[151.37694,-30.82702],[151.37125,-30.82355],[151.37216,-30.81869],[151.38285,-30.80354],[151.38983,-30.80152],[151.39124,-30.7946],[151.38495,-30.79368],[151.39039,-30.76566],[151.38311,-30.76462],[151.38268,-30.7541],[151.38597,-30.75243],[151.37179,-30.75047],[151.37553,-30.73038],[151.36784,-30.72928],[151.37014,-30.71692],[151.36137,-30.72069],[151.35269,-30.72966],[151.3428,-30.72827],[151.3378,-30.72421],[151.31625,-30.72797],[151.28618,-30.72172],[151.28415,-30.72542],[151.26806,-30.72397],[151.26252,-30.72847],[151.24819,-30.72678],[151.24818,-30.70263],[151.24308,-30.70311],[151.23758,-30.69916],[151.22593,-30.68545],[151.21789,-30.69022],[151.21662,-30.68364],[151.20612,-30.6801],[151.19884,-30.66317],[151.18676,-30.65502],[151.1793,-30.64292],[151.1614,-30.63719],[151.16249,-30.63137],[151.15787,-30.63068],[151.16114,-30.61324],[151.15265,-30.612],[151.14859,-30.60034],[151.13008,-30.5952],[151.11048,-30.5849],[151.10377,-30.57689],[151.08927,-30.56776],[151.06705,-30.56266],[151.06968,-30.55449],[151.06647,-30.54649],[151.06262,-30.54523],[151.05628,-30.5207],[151.0514,-30.51338],[151.04045,-30.51268],[151.03826,-30.50077],[151.03225,-30.49712],[151.02855,-30.48958],[151.03016,-30.48095],[151.02639,-30.47458],[151.03073,-30.46996],[151.01221,-30.45866],[151.01775,-30.45285],[151.01506,-30.44861],[151.02451,-30.42971],[151.02257,-30.42316],[151.02622,-30.41134],[151.02164,-30.40772],[151.0097,-30.41608],[151.00076,-30.40984],[150.99622,-30.41622],[150.99925,-30.42446],[150.9879,-30.42805],[150.97596,-30.42249],[150.96003,-30.42924],[150.94525,-30.41889],[150.94405,-30.40775],[150.94698,-30.40445],[150.93427,-30.39884],[150.94012,-30.39143],[150.93879,-30.38485],[150.94787,-30.37652],[150.94513,-30.37341],[150.94875,-30.36825],[150.94483,-30.36138],[150.95192,-30.35568],[150.94979,-30.34437],[150.95435,-30.33948],[150.94787,-30.32881],[150.95583,-30.31546],[150.94876,-30.30382],[150.95168,-30.29945],[150.95543,-30.30082],[150.96515,-30.29648],[150.96626,-30.29123],[150.96995,-30.2895],[150.96692,-30.28546],[150.96943,-30.28053],[150.96721,-30.27292],[150.96947,-30.26755],[150.97585,-30.26661],[150.96234,-30.24998],[150.95962,-30.23814],[150.95467,-30.23832],[150.94865,-30.22632],[150.93973,-30.22054],[150.93855,-30.19699],[150.93112,-30.19296],[150.92658,-30.18464]]]},"properties":{"districtname":"TAMWORTH","urbanity":"R"}},{"type":"Feature","geometry":{"type":"Polygon","coordinates":[[[150.987,-33.80821],[150.97487,-33.80792],[150.97218,-33.81713],[150.96344,-33.81609],[150.95618,-33.84345],[150.9449,-33.8516],[150.9537,-33.85396],[150.9637,-33.86868],[150.98253,-33.85713],[150.99475,-33.86828],[151.01299,-33.87838],[151.01894,-33.83725],[151.00496,-33.82764],[150.98804,-33.82414],[150.99479,-33.81839],[150.9909,-33.80967],[150.987,-33.80821]]]},"properties":{"districtname":"GRANVILLE","urbanity":"U"}},{"type":"Feature","geometry":{"type":"Polygon","coordinates":[[[150.93817,-33.77475],[150.92328,-33.77538],[150.91911,-33.79115],[150.90572,-33.78924],[150.90368,-33.80037],[150.89695,-33.79803],[150.89603,-33.80294],[150.85427,-33.79803],[150.85221,-33.82074],[150.8804,-33.82805],[150.87274,-33.84646],[150.87834,-33.85197],[150.89634,-33.8517],[150.89642,-33.86519],[150.90001,-33.87269],[150.91248,-33.86424],[150.93552,-33.8572],[150.9555,-33.84429],[150.96246,-33.82694],[150.96236,-33.81764],[150.97218,-33.81713],[150.97487,-33.80792],[150.95593,-33.80106],[150.9491,-33.78224],[150.93817,-33.77475]]]},"properties":{"districtname":"PROSPECT","urbanity":"R"}},{"type":"Feature","geometry":{"type":"MultiPolygon","coordinates":[[[[150.91959,-34.37203],[150.90634,-34.37217],[150.90336,-34.37979],[150.89663,-34.38006],[150.89096,-34.40798],[150.86852,-34.42424],[150.86608,-34.43142],[150.85122,-34.44779],[150.85401,-34.44917],[150.83494,-34.46551],[150.81836,-34.47039],[150.80218,-34.4831],[150.80838,-34.48767],[150.80312,-34.49575],[150.81276,-34.49794],[150.8129,-34.50195],[150.82025,-34.50067],[150.82871,-34.50465],[150.83016,-34.50149],[150.83799,-34.50026],[150.83159,-34.49257],[150.8329,-34.48711],[150.83749,-34.48864],[150.85431,-34.48363],[150.87097,-34.49225],[150.88658,-34.49152],[150.88676,-34.49786],[150.8736,-34.49878],[150.86923,-34.52513],[150.86269,-34.52941],[150.8725,-34.54144],[150.87511,-34.54174],[150.87632,-34.5311],[150.89354,-34.50432],[150.90842,-34.49355],[150.92227,-34.49389],[150.91396,-34.48148],[150.91601,-34.47629],[150.91343,-34.47493],[150.91403,-34.46498],[150.90213,-34.46251],[150.89983,-34.44621],[150.9042,-34.42902],[150.91105,-34.42227],[150.90255,-34.41715],[150.90287,-34.40396],[150.92105,-34.3779],[150.91959,-34.37203]]],[[[150.92793,-34.48843],[150.92707,-34.49269],[150.93112,-34.49092],[150.93553,-34.49322],[150.92793,-34.48843]]],[[[150.93098,-34.45666],[150.92918,-34.45436],[150.92889,-34.45682],[150.93098,-34.45666]]],[[[150.94514,-34.46397],[150.94547,-34.46548],[150.94712,-34.46464],[150.94514,-34.46397]]],[[[150.93874,-34.49379],[150.93648,-34.49425],[150.93828,-34.4951],[150.93874,-34.49379]]],[[[150.92371,-34.48989],[150.92312,-34.49001],[150.92395,-34.49056],[150.92371,-34.48989]]]]},"properties":{"districtname":"WOLLONGONG","urbanity":"R"}},{"type":"Feature","geometry":{"type":"Polygon","coordinates":[[[150.70608,-34.447],[150.68974,-34.4415],[150.63512,-34.54315],[150.63628,-34.54612],[150.6401,-34.54673],[150.64217,-34.54064],[150.65464,-34.53891],[150.65881,-34.53395],[150.66489,-34.53837],[150.67062,-34.534],[150.67553,-34.53766],[150.68119,-34.53505],[150.68662,-34.53826],[150.69992,-34.53021],[150.70672,-34.53271],[150.72658,-34.52819],[150.74083,-34.53236],[150.74793,-34.52894],[150.75517,-34.53862],[150.76806,-34.53457],[150.76798,-34.54628],[150.77169,-34.55149],[150.78513,-34.54684],[150.80276,-34.5678],[150.83162,-34.57628],[150.84446,-34.58485],[150.83887,-34.61164],[150.84204,-34.61513],[150.84872,-34.61444],[150.8595,-34.6289],[150.86176,-34.62652],[150.85587,-34.61536],[150.86565,-34.61025],[150.86602,-34.60463],[150.87119,-34.60376],[150.87547,-34.60794],[150.88603,-34.60622],[150.88169,-34.60421],[150.88752,-34.60259],[150.88773,-34.59835],[150.89478,-34.60109],[150.90435,-34.59727],[150.90117,-34.5926],[150.89548,-34.5947],[150.87807,-34.59171],[150.87393,-34.58618],[150.8772,-34.58021],[150.8727,-34.57924],[150.87443,-34.57584],[150.8684,-34.57104],[150.86859,-34.5668],[150.87546,-34.56152],[150.86909,-34.55825],[150.87035,-34.54986],[150.87503,-34.54557],[150.8825,-34.54585],[150.87192,-34.54111],[150.86269,-34.52941],[150.86923,-34.52513],[150.8736,-34.49878],[150.88676,-34.49786],[150.88658,-34.49152],[150.87114,-34.49229],[150.85873,-34.48814],[150.85652,-34.48396],[150.84864,-34.48395],[150.83749,-34.48864],[150.83169,-34.48764],[150.83185,-34.49318],[150.83738,-34.50074],[150.83016,-34.50149],[150.82871,-34.50465],[150.82025,-34.50067],[150.8129,-34.50195],[150.81276,-34.49794],[150.80312,-34.49575],[150.80838,-34.48767],[150.80218,-34.4831],[150.80434,-34.47974],[150.799,-34.47906],[150.7978,-34.48291],[150.76921,-34.4791],[150.76973,-34.47196],[150.74845,-34.4659],[150.75011,-34.46279],[150.74751,-34.4606],[150.73443,-34.46054],[150.71785,-34.45485],[150.71659,-34.44948],[150.70608,-34.447]]]},"properties":{"districtname":"SHELLHARBOUR","urbanity":"R"}},{"type":"Feature","geometry":{"type":"Polygon","coordinates":[[[151.3127,-33.04832],[151.30369,-33.04371],[151.29616,-33.0547],[151.26644,-33.05758],[151.26619,-33.06899],[151.26223,-33.07498],[151.26388,-33.0898],[151.25985,-33.09517],[151.26163,-33.09891],[151.25558,-33.10154],[151.24882,-33.09988],[151.2408,-33.10787],[151.23249,-33.10838],[151.23207,-33.11404],[151.22049,-33.11972],[151.21822,-33.12934],[151.20771,-33.13332],[151.21553,-33.13448],[151.20929,-33.14744],[151.21601,-33.15195],[151.21324,-33.1655],[151.22454,-33.16381],[151.2203,-33.1746],[151.22587,-33.17537],[151.22306,-33.18972],[151.21584,-33.1887],[151.21476,-33.19405],[151.21002,-33.1948],[151.20827,-33.20364],[151.21585,-33.20473],[151.21519,-33.2083],[151.22537,-33.20975],[151.22425,-33.21562],[151.23463,-33.21711],[151.23623,-33.20941],[151.23981,-33.21515],[151.2584,-33.21931],[151.25499,-33.23518],[151.28351,-33.23864],[151.28201,-33.24718],[151.30159,-33.24959],[151.29914,-33.26235],[151.27624,-33.25934],[151.27695,-33.25507],[151.24217,-33.25025],[151.24046,-33.25784],[151.25182,-33.25825],[151.258,-33.26298],[151.25631,-33.2689],[151.2631,-33.27528],[151.26311,-33.28837],[151.27414,-33.28777],[151.28273,-33.29552],[151.2791,-33.30018],[151.28407,-33.30705],[151.27995,-33.31992],[151.29633,-33.32218],[151.29689,-33.31941],[151.30013,-33.3199],[151.2985,-33.32783],[151.30253,-33.32843],[151.30013,-33.34031],[151.29347,-33.33927],[151.29101,-33.35018],[151.29832,-33.35411],[151.30069,-33.36118],[151.32481,-33.36675],[151.36249,-33.35119],[151.37535,-33.33612],[151.3856,-33.32969],[151.40216,-33.30478],[151.41755,-33.30792],[151.42709,-33.31957],[151.42876,-33.32874],[151.44113,-33.3305],[151.44005,-33.33395],[151.46738,-33.3308],[151.48694,-33.31642],[151.50435,-33.28774],[151.52866,-33.29479],[151.53918,-33.30576],[151.55716,-33.29662],[151.56407,-33.29653],[151.56261,-33.29411],[151.56706,-33.28998],[151.57269,-33.29095],[151.57105,-33.28654],[151.57949,-33.28146],[151.56779,-33.27846],[151.56399,-33.27151],[151.56291,-33.25947],[151.55772,-33.25513],[151.55685,-33.24676],[151.56271,-33.24047],[151.52748,-33.24761],[151.51879,-33.22806],[151.50758,-33.21802],[151.52265,-33.19948],[151.5194,-33.19507],[151.50404,-33.19286],[151.49044,-33.18677],[151.46442,-33.19382],[151.45522,-33.20285],[151.44304,-33.20096],[151.4445,-33.19328],[151.43545,-33.19986],[151.43146,-33.19929],[151.43317,-33.1942],[151.41853,-33.19213],[151.41794,-33.19514],[151.41096,-33.19413],[151.41097,-33.18743],[151.39863,-33.18574],[151.40057,-33.17584],[151.40406,-33.17359],[151.3892,-33.16989],[151.39711,-33.16513],[151.39232,-33.15202],[151.38839,-33.15016],[151.38742,-33.14328],[151.38306,-33.13975],[151.38388,-33.12959],[151.37998,-33.12034],[151.38274,-33.10936],[151.379,-33.09981],[151.37306,-33.09489],[151.3567,-33.08981],[151.35691,-33.08166],[151.33363,-33.06971],[151.33145,-33.06205],[151.3127,-33.04832]]]},"properties":{"districtname":"WYONG","urbanity":"R"}},{"type":"Feature","geometry":{"type":"Polygon","coordinates":[[[150.90443,-33.95035],[150.89594,-33.94623],[150.88061,-33.95126],[150.87667,-33.95673],[150.83865,-33.95013],[150.82549,-33.95869],[150.82026,-33.97503],[150.82865,-33.97363],[150.84446,-33.98443],[150.84488,-33.99148],[150.83951,-34.00222],[150.82868,-34.01068],[150.82482,-34.01866],[150.8243,-34.03321],[150.82941,-34.04543],[150.83679,-34.04985],[150.84242,-34.04205],[150.85718,-34.04601],[150.86048,-34.04966],[150.86493,-34.04622],[150.87764,-34.04622],[150.88222,-34.0386],[150.88742,-34.04305],[150.89265,-34.043],[150.89458,-34.03918],[150.89071,-34.03851],[150.88608,-34.02865],[150.88856,-34.0055],[150.89223,-34.00522],[150.89294,-34.01941],[150.89958,-34.02067],[150.90668,-34.01732],[150.90317,-34.01449],[150.90204,-34.00631],[150.91244,-34.00018],[150.90918,-33.99827],[150.90781,-33.9905],[150.91333,-33.95106],[150.90443,-33.95035]]]},"properties":{"districtname":"MACQUARIE FIELDS","urbanity":"U"}},{"type":"Feature","geometry":{"type":"Polygon","coordinates":[[[147.69908,-32.37242],[147.69651,-32.36921],[147.61394,-32.42278],[147.61132,-32.441],[147.58983,-32.43813],[147.56087,-32.45591],[147.54544,-32.55008],[147.56176,-32.55375],[147.56085,-32.55967],[147.55625,-32.55914],[147.55063,-32.59855],[147.55296,-32.60174],[147.58117,-32.60451],[147.57379,-32.61415],[147.56448,-32.61582],[147.55688,-32.6291],[147.55933,-32.6473],[147.55371,-32.67297],[147.57764,-32.67562],[147.56837,-32.73537],[147.59874,-32.73865],[147.60271,-32.74488],[147.59984,-32.76211],[147.60426,-32.76268],[147.59273,-32.83611],[147.58732,-32.83558],[147.57106,-32.9497],[147.5569,-32.9482],[147.54662,-32.99843],[147.54303,-33.02014],[147.55917,-33.02202],[147.55498,-33.04818],[147.47025,-33.03829],[147.46918,-33.04488],[147.45683,-33.04341],[147.45743,-33.0398],[147.44399,-33.03821],[147.44334,-33.04181],[147.40512,-33.03726],[147.38855,-33.13935],[147.38078,-33.13662],[147.3867,-33.1304],[147.37,-33.13184],[147.36224,-33.12279],[147.36018,-33.12489],[147.35469,-33.12056],[147.35192,-33.12472],[147.34197,-33.12406],[147.33987,-33.12217],[147.343,-33.11434],[147.33101,-33.11317],[147.33067,-33.10997],[147.32978,-33.11312],[147.32204,-33.11274],[147.3174,-33.11734],[147.31116,-33.10244],[147.30798,-33.10493],[147.30215,-33.13872],[147.29684,-33.17155],[147.30026,-33.179],[147.30632,-33.17947],[147.29749,-33.18708],[147.29981,-33.19377],[147.31088,-33.19449],[147.3147,-33.19883],[147.30834,-33.20187],[147.30919,-33.20704],[147.31914,-33.2048],[147.32686,-33.20863],[147.33032,-33.21449],[147.34155,-33.21479],[147.34192,-33.2122],[147.35177,-33.2163],[147.34774,-33.22142],[147.35407,-33.21868],[147.35877,-33.22449],[147.36304,-33.22447],[147.36865,-33.21723],[147.3764,-33.21945],[147.37866,-33.21547],[147.38196,-33.22031],[147.40345,-33.21943],[147.41003,-33.22557],[147.42121,-33.22823],[147.43277,-33.22331],[147.44345,-33.22287],[147.4459,-33.22461],[147.44317,-33.22695],[147.4442,-33.23176],[147.44993,-33.23023],[147.45145,-33.22674],[147.46529,-33.22751],[147.463,-33.23396],[147.47104,-33.24],[147.47222,-33.24508],[147.48542,-33.24625],[147.48234,-33.25842],[147.49715,-33.25743],[147.49755,-33.26481],[147.50495,-33.26401],[147.50584,-33.26006],[147.50822,-33.26418],[147.51468,-33.26333],[147.48041,-33.44172],[147.42609,-33.43449],[147.41552,-33.46525],[147.4112,-33.4907],[147.40917,-33.49044],[147.41401,-33.49691],[147.40748,-33.49614],[147.40323,-33.53056],[147.41708,-33.53226],[147.47192,-33.68629],[147.48389,-33.68905],[147.48217,-33.70394],[147.49594,-33.70337],[147.49757,-33.708],[147.50007,-33.70528],[147.50295,-33.70909],[147.50944,-33.7049],[147.51346,-33.70579],[147.52,-33.69815],[147.52306,-33.6825],[147.555,-33.66952],[147.58,-33.62993],[147.59882,-33.62055],[147.60178,-33.61391],[147.68264,-33.62391],[147.66421,-33.65666],[147.67729,-33.6583],[147.67009,-33.69558],[147.6968,-33.70388],[147.76412,-33.70712],[147.7784,-33.68696],[147.79238,-33.68656],[147.80276,-33.69375],[147.86761,-33.70002],[147.86822,-33.69677],[147.94379,-33.70877],[147.94797,-33.70085],[148.08263,-33.72052],[148.0772,-33.70397],[148.0897,-33.68538],[148.08723,-33.67727],[148.09395,-33.66744],[148.09335,-33.65762],[148.10088,-33.64836],[148.15178,-33.65473],[148.15271,-33.64955],[148.16918,-33.65167],[148.17253,-33.63243],[148.18678,-33.64119],[148.24444,-33.63674],[148.25803,-33.64423],[148.25888,-33.63982],[148.27157,-33.64152],[148.27025,-33.64894],[148.32431,-33.65564],[148.32748,-33.65468],[148.32939,-33.64717],[148.34095,-33.64002],[148.33898,-33.63452],[148.34184,-33.63238],[148.34386,-33.6157],[148.35034,-33.60875],[148.37388,-33.60905],[148.37277,-33.60414],[148.38953,-33.60658],[148.38649,-33.60054],[148.41376,-33.60434],[148.4189,-33.60762],[148.42912,-33.60764],[148.43593,-33.60387],[148.43551,-33.60708],[148.44311,-33.60841],[148.44625,-33.61431],[148.47324,-33.60134],[148.475,-33.598],[148.47905,-33.60091],[148.47584,-33.59409],[148.48342,-33.58766],[148.48346,-33.58129],[148.4909,-33.58134],[148.49198,-33.58409],[148.49574,-33.58006],[148.51048,-33.57867],[148.51412,-33.58123],[148.51466,-33.57297],[148.51825,-33.57219],[148.53442,-33.58229],[148.53511,-33.58858],[148.54231,-33.59222],[148.54599,-33.60324],[148.55076,-33.60051],[148.55181,-33.6035],[148.55692,-33.60403],[148.5613,-33.59644],[148.56452,-33.59644],[148.56681,-33.6013],[148.57533,-33.59264],[148.57895,-33.59619],[148.58451,-33.5942],[148.58471,-33.59677],[148.59391,-33.59123],[148.60151,-33.59442],[148.62268,-33.59252],[148.62543,-33.58493],[148.62361,-33.58141],[148.62985,-33.57054],[148.6359,-33.567],[148.64563,-33.56685],[148.65174,-33.56026],[148.65843,-33.56658],[148.65277,-33.57712],[148.67617,-33.5805],[148.67725,-33.58561],[148.68282,-33.5864],[148.68776,-33.58116],[148.69318,-33.58153],[148.69401,-33.57737],[148.70266,-33.57913],[148.70678,-33.57438],[148.71186,-33.57392],[148.72176,-33.56467],[148.72377,-33.55886],[148.73032,-33.55528],[148.7383,-33.53813],[148.7443,-33.53735],[148.75411,-33.52962],[148.76228,-33.52748],[148.76732,-33.52968],[148.77437,-33.52554],[148.77733,-33.52879],[148.78408,-33.52806],[148.79135,-33.53179],[148.79355,-33.53872],[148.79817,-33.53902],[148.80387,-33.55002],[148.8104,-33.54647],[148.81944,-33.55886],[148.81505,-33.56723],[148.82019,-33.56956],[148.82583,-33.56512],[148.82472,-33.56974],[148.82891,-33.57415],[148.83252,-33.56828],[148.83895,-33.56855],[148.84258,-33.5629],[148.858,-33.55769],[148.85471,-33.5446],[148.86056,-33.54291],[148.85812,-33.54069],[148.86859,-33.5392],[148.86983,-33.53435],[148.87408,-33.5323],[148.87552,-33.52532],[148.88685,-33.51002],[148.88727,-33.50218],[148.89364,-33.49268],[148.89454,-33.48133],[148.89842,-33.48147],[148.9038,-33.47324],[148.90798,-33.45902],[148.91791,-33.44829],[148.92786,-33.44983],[148.93362,-33.44397],[148.9927,-33.45069],[148.99212,-33.45607],[149.05092,-33.46386],[149.05972,-33.44334],[149.05731,-33.42521],[149.06344,-33.42445],[149.06617,-33.42067],[149.14319,-33.43042],[149.14421,-33.427],[149.15743,-33.42839],[149.15699,-33.43055],[149.18291,-33.43367],[149.18194,-33.43813],[149.18463,-33.43851],[149.18628,-33.42923],[149.20227,-33.43157],[149.20129,-33.43612],[149.20726,-33.43703],[149.20678,-33.43927],[149.21584,-33.43688],[149.21715,-33.42289],[149.22664,-33.42397],[149.24027,-33.4318],[149.23854,-33.44126],[149.32403,-33.45347],[149.32454,-33.45101],[149.34147,-33.45349],[149.34097,-33.45623],[149.34516,-33.45683],[149.34434,-33.46107],[149.34725,-33.46146],[149.36367,-33.45289],[149.3413,-33.44655],[149.34153,-33.43239],[149.29895,-33.42768],[149.30186,-33.41208],[149.30584,-33.41262],[149.31835,-33.35133],[149.31291,-33.35056],[149.33721,-33.32793],[149.33261,-33.31364],[149.32802,-33.30881],[149.32381,-33.2934],[149.3259,-33.28723],[149.31084,-33.27599],[149.31112,-33.2722],[149.32152,-33.26323],[149.31706,-33.25177],[149.31826,-33.24572],[149.3134,-33.23905],[149.34423,-33.23881],[149.34195,-33.22368],[149.34946,-33.18426],[149.34439,-33.18356],[149.35048,-33.15093],[149.31715,-33.1466],[149.32249,-33.11652],[149.31797,-33.11327],[149.31469,-33.10011],[149.32383,-33.06171],[149.31308,-33.05495],[149.30825,-33.05941],[149.29674,-33.06088],[149.27402,-33.04413],[149.27967,-33.03614],[149.28048,-33.0082],[149.27621,-33.01542],[149.26843,-33.01493],[149.26373,-33.01055],[149.24946,-33.01293],[149.23914,-33.00824],[149.23216,-32.99867],[149.21967,-33.01204],[149.22309,-33.02234],[149.21633,-33.02269],[149.20721,-33.03164],[149.1996,-33.03414],[149.19187,-33.03175],[149.1907,-33.0379],[149.16805,-33.03452],[149.17149,-33.01659],[149.16197,-33.00268],[149.14799,-33.00135],[149.14612,-33.00778],[149.14014,-33.00788],[149.13775,-33.01314],[149.12802,-33.00842],[149.11996,-33.01562],[149.11846,-33.02373],[149.1221,-33.03544],[149.12839,-33.0369],[149.13358,-33.06306],[149.11334,-33.05822],[149.10779,-33.06097],[149.10102,-33.05731],[149.10174,-33.05376],[149.09197,-33.04892],[149.09253,-33.04427],[149.08904,-33.0442],[149.08846,-33.04125],[149.08137,-33.03966],[149.07954,-33.0446],[149.07433,-33.04698],[149.06401,-33.04278],[149.06345,-33.03676],[149.05719,-33.03309],[149.04488,-33.0403],[149.03334,-33.04271],[149.03176,-33.04657],[149.02586,-33.04144],[149.01386,-33.04112],[149.01712,-33.02422],[149.01034,-33.02326],[149.01288,-33.01276],[149.01469,-33.01578],[149.0206,-32.9858],[149.0168,-32.98534],[149.02028,-32.96774],[148.98501,-32.96242],[148.98225,-32.94839],[148.97529,-32.94693],[148.96735,-32.93884],[148.9688,-32.93184],[148.96072,-32.90938],[148.95618,-32.90482],[148.9573,-32.90124],[148.95221,-32.90027],[148.9587,-32.89192],[148.95472,-32.89053],[148.94761,-32.89404],[148.94572,-32.88903],[148.93453,-32.89325],[148.93547,-32.90126],[148.92834,-32.89728],[148.92433,-32.9062],[148.91618,-32.90152],[148.90314,-32.90839],[148.8959,-32.89923],[148.88579,-32.89837],[148.88624,-32.89599],[148.87633,-32.89585],[148.8759,-32.89835],[148.85375,-32.89634],[148.85834,-32.89546],[148.85891,-32.89195],[148.85611,-32.89166],[148.85826,-32.87863],[148.84258,-32.87653],[148.84068,-32.87933],[148.84203,-32.87201],[148.83322,-32.87089],[148.82834,-32.87243],[148.82753,-32.87703],[148.81976,-32.87608],[148.82149,-32.88135],[148.80847,-32.87967],[148.79874,-32.86522],[148.79874,-32.85911],[148.79586,-32.85867],[148.79848,-32.85618],[148.79683,-32.85197],[148.79167,-32.84831],[148.79016,-32.84274],[148.78421,-32.84124],[148.78106,-32.82933],[148.77206,-32.82545],[148.76439,-32.81758],[148.7496,-32.81358],[148.74519,-32.80685],[148.73861,-32.80867],[148.73551,-32.80181],[148.73377,-32.80593],[148.72548,-32.80053],[148.72567,-32.79458],[148.71639,-32.79238],[148.71724,-32.78607],[148.71176,-32.77822],[148.7113,-32.77039],[148.70577,-32.7691],[148.70316,-32.7628],[148.6912,-32.76905],[148.68537,-32.76414],[148.6844,-32.75234],[148.67602,-32.74935],[148.67157,-32.74342],[148.66647,-32.74532],[148.65849,-32.74211],[148.6507,-32.74825],[148.64452,-32.73549],[148.6494,-32.73252],[148.6506,-32.7245],[148.64734,-32.71956],[148.64779,-32.71057],[148.65502,-32.70879],[148.65633,-32.69961],[148.67054,-32.69821],[148.67862,-32.68411],[148.6892,-32.67748],[148.68314,-32.66877],[148.68891,-32.66976],[148.69136,-32.66673],[148.68709,-32.65938],[148.6888,-32.65267],[148.6831,-32.65009],[148.67977,-32.6431],[148.67522,-32.64263],[148.667,-32.63092],[148.66366,-32.6413],[148.64537,-32.639],[148.63742,-32.63333],[148.63557,-32.64065],[148.62959,-32.64473],[148.63087,-32.65203],[148.62153,-32.64794],[148.61407,-32.65356],[148.50119,-32.6141],[148.47526,-32.62777],[148.46866,-32.62342],[148.45926,-32.60734],[148.43542,-32.62059],[148.40372,-32.62496],[148.38593,-32.62207],[148.37547,-32.63035],[148.36178,-32.62194],[148.34726,-32.64157],[148.34877,-32.64527],[148.34456,-32.65371],[148.34677,-32.66071],[148.34281,-32.66474],[148.34715,-32.67575],[148.26447,-32.67823],[148.26305,-32.69209],[148.24695,-32.68989],[148.24873,-32.68163],[148.12804,-32.68279],[148.13061,-32.67605],[148.12244,-32.67355],[148.12562,-32.66897],[148.11976,-32.66755],[148.12332,-32.66305],[148.12065,-32.66361],[148.12038,-32.65879],[148.11678,-32.65917],[148.10727,-32.64983],[148.10484,-32.63746],[148.10816,-32.63519],[148.10221,-32.63225],[148.09677,-32.61851],[148.09208,-32.61676],[148.09135,-32.60451],[148.08709,-32.60524],[148.08313,-32.60004],[148.07477,-32.60275],[148.073,-32.59882],[148.06718,-32.59861],[148.0679,-32.59595],[148.06303,-32.59498],[148.05747,-32.58547],[148.04257,-32.58152],[148.04192,-32.57665],[148.03232,-32.57613],[148.03377,-32.57283],[148.03091,-32.56883],[148.02822,-32.57303],[148.02162,-32.57219],[148.02344,-32.56957],[148.01845,-32.56932],[148.01867,-32.56502],[148.01375,-32.56799],[148.00871,-32.56346],[148.0037,-32.56418],[148.00507,-32.55458],[147.99255,-32.53876],[147.98278,-32.52902],[147.97132,-32.52555],[147.96405,-32.51884],[147.96702,-32.51281],[147.96335,-32.5097],[147.96636,-32.50641],[147.96539,-32.49899],[147.95579,-32.49767],[147.95485,-32.49373],[147.94937,-32.49653],[147.93641,-32.49096],[147.92488,-32.4698],[147.91692,-32.46892],[147.91763,-32.46536],[147.91375,-32.46693],[147.90529,-32.46057],[147.90336,-32.45404],[147.89958,-32.45201],[147.90131,-32.4472],[147.90564,-32.44622],[147.90508,-32.43198],[147.89615,-32.43259],[147.88453,-32.44031],[147.88281,-32.43696],[147.87442,-32.43852],[147.86706,-32.43514],[147.8568,-32.43717],[147.84619,-32.43239],[147.84444,-32.42805],[147.83199,-32.42668],[147.82058,-32.41945],[147.81603,-32.42355],[147.80778,-32.41811],[147.79546,-32.42191],[147.78081,-32.42015],[147.77214,-32.42322],[147.76741,-32.42066],[147.76715,-32.41466],[147.77031,-32.4143],[147.76405,-32.41254],[147.76288,-32.4074],[147.74916,-32.4097],[147.74243,-32.40282],[147.73568,-32.40365],[147.72816,-32.39785],[147.71967,-32.39615],[147.71818,-32.38976],[147.71013,-32.38803],[147.70712,-32.38216],[147.70171,-32.38104],[147.70367,-32.37644],[147.69908,-32.37242]]]},"properties":{"districtname":"ORANGE","urbanity":"R"}},{"type":"Feature","geometry":{"type":"MultiPolygon","coordinates":[[[[149.68571,-35.95657],[149.68247,-35.95729],[149.67993,-35.98129],[149.67313,-35.98921],[149.6699,-35.98628],[149.65829,-35.98541],[149.64813,-35.97465],[149.63121,-35.97806],[149.62496,-35.98545],[149.61534,-35.98547],[149.60731,-35.99273],[149.58415,-35.99182],[149.58561,-36.00496],[149.56838,-36.00875],[149.56728,-36.01832],[149.57516,-36.05351],[149.57117,-36.06126],[149.58201,-36.06849],[149.57648,-36.07287],[149.58373,-36.08097],[149.57891,-36.08391],[149.58067,-36.08735],[149.56997,-36.08704],[149.56279,-36.09641],[149.55166,-36.09723],[149.55255,-36.10578],[149.54603,-36.10365],[149.54303,-36.10649],[149.54848,-36.11221],[149.54777,-36.11601],[149.58341,-36.14268],[149.57917,-36.15126],[149.57434,-36.15162],[149.57295,-36.1619],[149.56997,-36.16306],[149.57421,-36.18103],[149.56959,-36.18769],[149.56993,-36.2016],[149.54796,-36.20578],[149.55194,-36.21809],[149.54748,-36.22415],[149.53651,-36.22442],[149.60213,-36.33914],[149.58875,-36.3425],[149.56958,-36.35997],[149.53797,-36.3666],[149.53673,-36.38718],[149.54363,-36.39242],[149.54206,-36.39917],[149.52965,-36.40473],[149.52594,-36.41533],[149.51237,-36.41716],[149.49897,-36.42452],[149.49707,-36.42847],[149.49019,-36.42586],[149.48448,-36.4298],[149.47292,-36.44799],[149.47513,-36.45002],[149.4691,-36.46218],[149.47403,-36.46754],[149.46429,-36.47381],[149.45719,-36.48522],[149.46781,-36.48583],[149.47148,-36.50398],[149.46759,-36.5096],[149.45989,-36.51208],[149.46218,-36.51472],[149.46018,-36.52376],[149.4546,-36.53011],[149.44794,-36.52728],[149.44176,-36.52951],[149.43881,-36.53847],[149.43338,-36.54078],[149.43382,-36.54481],[149.42711,-36.54255],[149.40585,-36.54983],[149.39634,-36.548],[149.39629,-36.55382],[149.38401,-36.56457],[149.38558,-36.57561],[149.38854,-36.57602],[149.387,-36.58698],[149.37865,-36.59466],[149.39467,-36.60393],[149.40142,-36.61755],[149.39815,-36.62334],[149.41283,-36.63352],[149.41417,-36.63833],[149.40987,-36.64241],[149.41498,-36.65086],[149.43335,-36.64493],[149.44045,-36.64892],[149.45374,-36.64586],[149.46091,-36.64654],[149.46037,-36.65134],[149.46465,-36.65541],[149.46199,-36.65648],[149.46437,-36.66096],[149.4597,-36.66176],[149.45416,-36.66917],[149.4585,-36.67222],[149.4544,-36.67739],[149.458,-36.68696],[149.45075,-36.68935],[149.4467,-36.69769],[149.43881,-36.70104],[149.44516,-36.70321],[149.4492,-36.70931],[149.45952,-36.71107],[149.45969,-36.71664],[149.45205,-36.72148],[149.45229,-36.72956],[149.45745,-36.73017],[149.45773,-36.73755],[149.43868,-36.75676],[149.4466,-36.76798],[149.4379,-36.77348],[149.43804,-36.77617],[149.4416,-36.78026],[149.461,-36.78298],[149.46657,-36.77974],[149.47258,-36.79379],[149.48555,-36.78946],[149.48694,-36.79559],[149.48054,-36.80939],[149.48458,-36.81929],[149.50267,-36.8213],[149.51025,-36.83082],[149.503,-36.84003],[149.5027,-36.84563],[149.47706,-36.84811],[149.47691,-36.85236],[149.47073,-36.85415],[149.46182,-36.84772],[149.44802,-36.85328],[149.44811,-36.86094],[149.42592,-36.85819],[149.41644,-36.86084],[149.41408,-36.86437],[149.40738,-36.86211],[149.39999,-36.87463],[149.38593,-36.87185],[149.37704,-36.87482],[149.38252,-36.87934],[149.37986,-36.88731],[149.38246,-36.89023],[149.37856,-36.89301],[149.38215,-36.89614],[149.37964,-36.90508],[149.3879,-36.91394],[149.38263,-36.91926],[149.38164,-36.94352],[149.37498,-36.95882],[149.38039,-36.9655],[149.38218,-36.9756],[149.39924,-36.98178],[149.39404,-36.98403],[149.39762,-36.99267],[149.39476,-37.00174],[149.41706,-37.00031],[149.41814,-37.00632],[149.39791,-37.02063],[149.4004,-37.11514],[149.35618,-37.26294],[149.97667,-37.50533],[149.97799,-37.50117],[149.97421,-37.49776],[149.9774,-37.49324],[149.97428,-37.48242],[149.97672,-37.47425],[149.97227,-37.4665],[149.977,-37.45667],[149.97515,-37.44549],[149.97363,-37.44117],[149.96685,-37.43967],[149.96713,-37.43531],[149.95696,-37.42352],[149.95389,-37.40901],[149.95551,-37.38862],[149.95002,-37.3734],[149.95889,-37.34719],[149.97269,-37.32828],[149.96831,-37.31654],[149.97039,-37.30946],[149.95166,-37.29591],[149.95173,-37.28866],[149.9436,-37.28291],[149.94354,-37.27838],[149.95165,-37.26438],[149.96843,-37.24822],[149.98653,-37.24007],[150.00988,-37.2503],[150.01234,-37.25552],[150.02883,-37.259],[150.03014,-37.25593],[150.05152,-37.26222],[150.03557,-37.24316],[150.0353,-37.23909],[150.03111,-37.23796],[150.02862,-37.22291],[150.01834,-37.21474],[150.02369,-37.21322],[150.0213,-37.20274],[150.0155,-37.2012],[150.01958,-37.1973],[150.01815,-37.19145],[150.02124,-37.18648],[150.01197,-37.18047],[150.0093,-37.17079],[150.00295,-37.16897],[150.00297,-37.16376],[150.00926,-37.16096],[150.00507,-37.14134],[149.99903,-37.14124],[149.99203,-37.1363],[149.9924,-37.13885],[149.98757,-37.14069],[149.98024,-37.12994],[149.96926,-37.12683],[149.97188,-37.11818],[149.96168,-37.11683],[149.95712,-37.10917],[149.9524,-37.10755],[149.95444,-37.10141],[149.94319,-37.05706],[149.94485,-37.04919],[149.94104,-37.04364],[149.94455,-37.0413],[149.9396,-37.0389],[149.94366,-37.01859],[149.94794,-37.01782],[149.93992,-37.01605],[149.9378,-37.0085],[149.9341,-37.01009],[149.9308,-37.00761],[149.92745,-36.99323],[149.93334,-36.96073],[149.9392,-36.95104],[149.94649,-36.94896],[149.93342,-36.94632],[149.92873,-36.94152],[149.92198,-36.94578],[149.91491,-36.94503],[149.90648,-36.93418],[149.90449,-36.91733],[149.91105,-36.90242],[149.92055,-36.89473],[149.93306,-36.90277],[149.93819,-36.902],[149.92985,-36.89416],[149.93559,-36.88359],[149.93048,-36.88114],[149.93162,-36.87045],[149.94105,-36.85621],[149.95069,-36.85502],[149.94054,-36.85017],[149.94013,-36.84577],[149.9366,-36.8461],[149.93439,-36.84202],[149.93715,-36.82531],[149.94292,-36.82177],[149.94001,-36.82083],[149.9406,-36.81239],[149.95535,-36.78939],[149.96249,-36.79157],[149.96833,-36.78509],[149.97983,-36.76403],[149.9839,-36.75382],[149.98092,-36.75212],[149.98316,-36.74989],[149.98111,-36.74785],[149.98419,-36.74749],[149.98151,-36.74449],[149.98473,-36.74324],[149.9825,-36.73697],[149.98479,-36.73868],[149.99172,-36.72568],[149.98403,-36.72672],[149.97964,-36.72143],[149.98235,-36.7033],[149.99057,-36.6978],[149.99027,-36.69423],[149.99703,-36.69185],[149.99283,-36.68933],[149.99918,-36.6852],[149.99442,-36.6784],[150.00047,-36.66396],[150.00879,-36.64903],[150.0152,-36.64544],[150.01545,-36.63975],[150.03122,-36.6153],[150.03085,-36.61118],[150.04537,-36.59269],[150.0445,-36.58845],[150.05675,-36.58287],[150.05565,-36.572],[150.06282,-36.55602],[150.06827,-36.55339],[150.06302,-36.54446],[150.05437,-36.54018],[150.05725,-36.5266],[150.06053,-36.52509],[150.05935,-36.51017],[150.06246,-36.50645],[150.0585,-36.5013],[150.06069,-36.49702],[150.0552,-36.49539],[150.05513,-36.48895],[150.06176,-36.47076],[150.07327,-36.45928],[150.07187,-36.44812],[150.07623,-36.43564],[150.08416,-36.42923],[150.08211,-36.42287],[150.07778,-36.42516],[150.06719,-36.41788],[150.0682,-36.39553],[150.0777,-36.37914],[150.08193,-36.37704],[150.08367,-36.37244],[150.07933,-36.36925],[150.09269,-36.35056],[150.11747,-36.32573],[150.12731,-36.3209],[150.13973,-36.30472],[150.1341,-36.30204],[150.13168,-36.28717],[150.13933,-36.27467],[150.14982,-36.266],[150.1439,-36.25147],[150.14799,-36.23586],[150.14139,-36.22589],[150.14283,-36.21732],[150.13175,-36.2063],[150.13534,-36.19096],[150.13273,-36.19024],[150.13274,-36.17651],[150.13595,-36.17084],[150.13203,-36.16848],[150.13403,-36.16581],[150.13111,-36.16535],[150.13138,-36.16204],[150.12559,-36.15946],[150.12461,-36.14045],[150.12966,-36.11836],[150.13859,-36.10345],[150.13735,-36.09815],[150.14159,-36.09429],[150.13438,-36.09057],[150.1351,-36.06755],[150.14501,-36.05707],[150.14196,-36.05341],[150.14284,-36.04517],[150.1506,-36.0269],[150.16011,-36.01447],[150.16464,-36.0129],[150.15922,-36.01192],[150.15744,-36.00647],[150.16412,-35.99231],[150.15468,-35.99148],[150.15178,-35.97747],[150.15621,-35.9609],[150.16342,-35.9525],[150.15906,-35.95271],[150.15548,-35.94708],[150.16129,-35.9326],[150.15684,-35.92291],[150.162,-35.90848],[150.15434,-35.90821],[150.15122,-35.90454],[150.15069,-35.89008],[150.15898,-35.87255],[150.16943,-35.86224],[150.17602,-35.85938],[150.18103,-35.8619],[150.18185,-35.85887],[150.19143,-35.85987],[150.19086,-35.85479],[150.18253,-35.85677],[150.17773,-35.8501],[150.17873,-35.84293],[150.19008,-35.8386],[150.18531,-35.83647],[150.18705,-35.83281],[150.19178,-35.83359],[150.19875,-35.82893],[150.20449,-35.83017],[150.20406,-35.83383],[150.2077,-35.8319],[150.20993,-35.83631],[150.21173,-35.83182],[150.21635,-35.83343],[150.21723,-35.8308],[150.23527,-35.83557],[150.23019,-35.82876],[150.22488,-35.82732],[150.22724,-35.81858],[150.23721,-35.81791],[150.22755,-35.81624],[150.22606,-35.81192],[150.22919,-35.81036],[150.22528,-35.80887],[150.22882,-35.80628],[150.22728,-35.80351],[150.23536,-35.8049],[150.2373,-35.80202],[150.23062,-35.80121],[150.23339,-35.79731],[150.23114,-35.79271],[150.23708,-35.79152],[150.23611,-35.7853],[150.23324,-35.78503],[150.23608,-35.78233],[150.23302,-35.7812],[150.23644,-35.7782],[150.23083,-35.77408],[150.26107,-35.75109],[150.26109,-35.74675],[150.27909,-35.7169],[150.27705,-35.71127],[150.28151,-35.70967],[150.28058,-35.70298],[150.28543,-35.70225],[150.29072,-35.6937],[150.2976,-35.69556],[150.29884,-35.68396],[150.30514,-35.68535],[150.29976,-35.6788],[150.30471,-35.67902],[150.30171,-35.67362],[150.30688,-35.67282],[150.30442,-35.67036],[150.30761,-35.66857],[150.29815,-35.66474],[150.29571,-35.65679],[150.29835,-35.64894],[150.30767,-35.63857],[150.3024,-35.63835],[150.29373,-35.64455],[150.28578,-35.63623],[150.29733,-35.63498],[150.28863,-35.63267],[150.27774,-35.64067],[150.27876,-35.63724],[150.27411,-35.63672],[150.27253,-35.63333],[150.27475,-35.63188],[150.27238,-35.62434],[150.26868,-35.62366],[150.26994,-35.6169],[150.26273,-35.6186],[150.26602,-35.62134],[150.26081,-35.6217],[150.2594,-35.62718],[150.24962,-35.6317],[150.25528,-35.61712],[150.25795,-35.57082],[150.2539,-35.56429],[150.25192,-35.56667],[150.24609,-35.56189],[150.24683,-35.55925],[150.24136,-35.55821],[150.23752,-35.54926],[150.23485,-35.55429],[150.22358,-35.54512],[150.22129,-35.5505],[150.21335,-35.54428],[150.21246,-35.54936],[150.20305,-35.54336],[150.20378,-35.54647],[150.19764,-35.5507],[150.19875,-35.55349],[150.19195,-35.54983],[150.18216,-35.55942],[150.1821,-35.57027],[150.17311,-35.57535],[150.16671,-35.57056],[150.16127,-35.57481],[150.1572,-35.56967],[150.15125,-35.57336],[150.1425,-35.57282],[150.141,-35.56867],[150.13548,-35.56859],[150.13683,-35.56473],[150.13317,-35.56271],[150.13098,-35.56898],[150.11952,-35.57574],[150.1085,-35.57048],[150.10794,-35.57331],[150.09944,-35.57644],[150.0945,-35.57507],[150.09429,-35.58069],[150.07819,-35.57875],[150.0764,-35.57383],[150.07163,-35.57904],[150.06688,-35.57836],[150.06711,-35.57408],[150.05592,-35.57658],[150.05119,-35.57355],[150.05134,-35.57032],[150.03707,-35.56148],[150.02655,-35.56085],[150.02383,-35.55435],[150.0108,-35.55176],[150.0022,-35.54182],[150.00155,-35.53276],[149.99744,-35.53008],[149.99462,-35.52133],[149.98427,-35.51019],[149.98017,-35.50966],[149.98092,-35.50384],[149.96405,-35.50077],[149.95744,-35.53072],[149.94933,-35.52942],[149.94876,-35.53218],[149.94917,-35.54054],[149.95666,-35.54396],[149.95065,-35.54566],[149.94928,-35.54988],[149.95333,-35.55041],[149.95198,-35.55193],[149.94285,-35.5533],[149.94133,-35.5607],[149.9482,-35.56182],[149.94597,-35.5657],[149.93665,-35.56147],[149.92991,-35.56537],[149.92899,-35.57846],[149.93634,-35.59434],[149.93319,-35.60257],[149.93512,-35.61087],[149.92208,-35.6183],[149.91997,-35.62399],[149.92183,-35.6347],[149.91566,-35.63801],[149.9084,-35.63701],[149.86147,-35.71139],[149.86262,-35.71379],[149.85416,-35.72013],[149.85077,-35.71497],[149.84542,-35.7175],[149.84021,-35.71494],[149.83934,-35.72378],[149.82983,-35.7214],[149.82256,-35.73472],[149.81844,-35.73341],[149.81441,-35.73629],[149.82072,-35.74519],[149.81742,-35.75391],[149.80388,-35.76078],[149.79633,-35.77372],[149.77385,-35.78158],[149.75961,-35.7941],[149.75433,-35.79459],[149.75135,-35.78953],[149.7093,-35.78417],[149.7041,-35.79092],[149.69304,-35.79516],[149.68492,-35.80268],[149.68629,-35.80742],[149.68014,-35.81367],[149.67652,-35.82836],[149.67712,-35.83401],[149.68193,-35.83772],[149.67819,-35.84673],[149.67905,-35.86984],[149.68654,-35.87797],[149.68875,-35.8989],[149.69392,-35.90816],[149.69137,-35.92754],[149.68756,-35.93244],[149.68941,-35.94246],[149.68571,-35.95657]]],[[[150.22615,-36.24288],[150.22312,-36.24577],[150.22584,-36.24814],[150.22287,-36.25611],[150.22754,-36.25949],[150.231,-36.24974],[150.22732,-36.24757],[150.23088,-36.24363],[150.22615,-36.24288]]],[[[150.31211,-35.66823],[150.31019,-35.66553],[150.30984,-35.66751],[150.31211,-35.66823]]],[[[149.96953,-36.78648],[149.96966,-36.78532],[149.96894,-36.78629],[149.96953,-36.78648]]],[[[149.97335,-36.77889],[149.97309,-36.77803],[149.97289,-36.77888],[149.97335,-36.77889]]],[[[150.15092,-36.26211],[150.14985,-36.26143],[150.15102,-36.26267],[150.15092,-36.26211]]],[[[149.94891,-37.01805],[149.94809,-37.01722],[149.94816,-37.01782],[149.94891,-37.01805]]],[[[149.97365,-36.77741],[149.97305,-36.77768],[149.97368,-36.77775],[149.97365,-36.77741]]],[[[149.98317,-36.75493],[149.98267,-36.75428],[149.98269,-36.75478],[149.98317,-36.75493]]],[[[149.98336,-36.7529],[149.98307,-36.7523],[149.98287,-36.7526],[149.98336,-36.7529]]],[[[149.9827,-36.75712],[149.98247,-36.75654],[149.98242,-36.757],[149.9827,-36.75712]]],[[[149.98342,-36.74965],[149.98309,-36.7491],[149.9831,-36.74974],[149.98342,-36.74965]]],[[[149.99138,-36.72962],[149.99126,-36.72923],[149.99096,-36.7294],[149.99138,-36.72962]]],[[[150.02154,-37.18879],[150.02137,-37.18829],[150.02128,-37.18881],[150.02154,-37.18879]]],[[[150.05217,-37.26363],[150.05189,-37.26309],[150.05174,-37.26337],[150.05217,-37.26363]]],[[[150.15017,-36.2641],[150.15,-36.26376],[150.14963,-36.26404],[150.15017,-36.2641]]],[[[149.98387,-36.74974],[149.98383,-36.74939],[149.98357,-36.74992],[149.98387,-36.74974]]],[[[150.15078,-36.26427],[150.15077,-36.2639],[150.15054,-36.26408],[150.15078,-36.26427]]],[[[150.08019,-36.37909],[150.08014,-36.37864],[150.07994,-36.3789],[150.08019,-36.37909]]],[[[150.01074,-37.1739],[150.01078,-37.17363],[150.01035,-37.17378],[150.01074,-37.1739]]],[[[150.15014,-36.26589],[150.15018,-36.26559],[150.14993,-36.2655],[150.15014,-36.26589]]],[[[150.29852,-35.69161],[150.29845,-35.6912],[150.29836,-35.69145],[150.29852,-35.69161]]],[[[150.28216,-35.71008],[150.28193,-35.70992],[150.28196,-35.71029],[150.28216,-35.71008]]],[[[150.05267,-37.26252],[150.05223,-37.26215],[150.05218,-37.26233],[150.05267,-37.26252]]],[[[150.02036,-37.18396],[150.02059,-37.18372],[150.02021,-37.18382],[150.02036,-37.18396]]],[[[150.0731,-36.46102],[150.07292,-36.4609],[150.07277,-36.46104],[150.0731,-36.46102]]],[[[149.98264,-36.75059],[149.98267,-36.75025],[149.98251,-36.75044],[149.98264,-36.75059]]],[[[150.05743,-36.48724],[150.0575,-36.48709],[150.05711,-36.4873],[150.05743,-36.48724]]],[[[150.07935,-36.37891],[150.0794,-36.37869],[150.07918,-36.37883],[150.07935,-36.37891]]],[[[150.07271,-36.46565],[150.07266,-36.46544],[150.07245,-36.46564],[150.07271,-36.46565]]],[[[150.1425,-36.21937],[150.1423,-36.21919],[150.14219,-36.21933],[150.1425,-36.21937]]],[[[150.07226,-36.46536],[150.0724,-36.46523],[150.07214,-36.4652],[150.07226,-36.46536]],[[150.14803,-36.23364],[150.14784,-36.23359],[150.14829,-36.23369],[150.14803,-36.23364]]],[[[150.08145,-36.37797],[150.0815,-36.37774],[150.08136,-36.3778],[150.08145,-36.37797]]],[[[149.93492,-36.88502],[149.93492,-36.88473],[149.93481,-36.88491],[149.93492,-36.88502]]],[[[150.00531,-37.16275],[150.00545,-37.16269],[150.00516,-37.16268],[150.00531,-37.16275]]],[[[150.05707,-36.4874],[150.05693,-36.48762],[150.05715,-36.4875],[150.05707,-36.4874]]],[[[150.07234,-36.45],[150.07253,-36.44977],[150.07223,-36.45003],[150.07234,-36.45]]],[[[150.08213,-36.42248],[150.08204,-36.42235],[150.08197,-36.42246],[150.08213,-36.42248]]],[[[150.07277,-36.46588],[150.07293,-36.46576],[150.07283,-36.46573],[150.07277,-36.46588]]],[[[150.00543,-37.16253],[150.00535,-37.16244],[150.0052,-37.16255],[150.00543,-37.16253]]],[[[150.0724,-36.45303],[150.07236,-36.45287],[150.0723,-36.45298],[150.0724,-36.45303]]],[[[150.07243,-36.45335],[150.07232,-36.45328],[150.07249,-36.45346],[150.07243,-36.45335]]],[[[150.05735,-36.4865],[150.05736,-36.48642],[150.0572,-36.48649],[150.05735,-36.4865]]],[[[150.05653,-36.48784],[150.05656,-36.48773],[150.05639,-36.4878],[150.05653,-36.48784]]],[[[150.07305,-36.45396],[150.07313,-36.45391],[150.07297,-36.45389],[150.07305,-36.45396]]],[[[150.07285,-36.45283],[150.07289,-36.45277],[150.07277,-36.45271],[150.07285,-36.45283]]],[[[150.07503,-36.42157],[150.07508,-36.4215],[150.07497,-36.42147],[150.07503,-36.42157]]],[[[150.07283,-36.44894],[150.07273,-36.44886],[150.07266,-36.44896],[150.07283,-36.44894]]],[[[150.07284,-36.4536],[150.07287,-36.45351],[150.07274,-36.45357],[150.07284,-36.4536]]],[[[150.06791,-36.41712],[150.06782,-36.41706],[150.0678,-36.41716],[150.06791,-36.41712]]],[[[150.07247,-36.45391],[150.07254,-36.45381],[150.07242,-36.45387],[150.07247,-36.45391]]],[[[150.14771,-36.2334],[150.14773,-36.23334],[150.14764,-36.23331],[150.14771,-36.2334]]],[[[150.07325,-36.46061],[150.07323,-36.46054],[150.07317,-36.46059],[150.07325,-36.46061]]],[[[150.07524,-36.42164],[150.07526,-36.42159],[150.07516,-36.42158],[150.07524,-36.42164]]],[[[150.07487,-36.42165],[150.07477,-36.42161],[150.07484,-36.42168],[150.07487,-36.42165]]]]},"properties":{"districtname":"BEGA","urbanity":"R"}},{"type":"Feature","geometry":{"type":"Polygon","coordinates":[[[151.16658,-33.66386],[151.16,-33.66026],[151.13639,-33.68185],[151.14448,-33.70997],[151.13876,-33.72904],[151.15639,-33.73195],[151.14803,-33.75026],[151.14017,-33.75506],[151.14309,-33.75869],[151.14236,-33.77119],[151.13797,-33.77434],[151.13868,-33.77902],[151.14889,-33.78741],[151.14868,-33.7944],[151.15246,-33.7904],[151.17153,-33.79108],[151.2072,-33.77882],[151.20943,-33.77728],[151.19908,-33.76741],[151.1988,-33.76205],[151.19122,-33.75629],[151.2096,-33.7539],[151.21641,-33.7494],[151.21857,-33.75232],[151.22659,-33.75158],[151.22031,-33.74044],[151.2215,-33.73135],[151.21251,-33.70074],[151.19361,-33.70994],[151.1903,-33.70891],[151.19142,-33.70269],[151.18866,-33.69883],[151.17467,-33.69677],[151.17372,-33.69173],[151.16573,-33.68582],[151.17176,-33.67753],[151.16702,-33.67307],[151.16916,-33.66793],[151.16658,-33.66386]]]},"properties":{"districtname":"DAVIDSON","urbanity":"U"}},{"type":"Feature","geometry":{"type":"Polygon","coordinates":[[[151.20943,-33.77728],[151.17153,-33.79108],[151.15716,-33.79195],[151.15792,-33.80042],[151.1482,-33.79914],[151.14292,-33.80219],[151.17222,-33.80774],[151.17936,-33.80538],[151.17542,-33.81245],[151.18814,-33.8244],[151.19906,-33.82205],[151.20083,-33.82771],[151.22329,-33.83153],[151.23092,-33.82777],[151.23112,-33.81667],[151.23589,-33.80626],[151.2327,-33.80384],[151.23439,-33.78938],[151.23103,-33.7839],[151.21661,-33.78399],[151.20943,-33.77728]]]},"properties":{"districtname":"WILLOUGHBY","urbanity":"U"}},{"type":"Feature","geometry":{"type":"Polygon","coordinates":[[[151.00371,-33.90471],[151.00051,-33.90405],[150.99995,-33.91184],[150.99103,-33.90894],[150.97827,-33.91031],[150.97332,-33.90706],[150.97437,-33.92],[150.9791,-33.92887],[150.96822,-33.93143],[150.96609,-33.94268],[150.97338,-33.95254],[150.98293,-33.95514],[150.98094,-33.96457],[150.98912,-33.96577],[150.99829,-33.9745],[150.99436,-33.97838],[150.99568,-33.98147],[150.99988,-33.98285],[151.00404,-33.9797],[151.01179,-33.98373],[151.02085,-33.9764],[151.03661,-33.97645],[151.0456,-33.96926],[151.0413,-33.96098],[151.0427,-33.94895],[151.03875,-33.93425],[151.01941,-33.93447],[151.02639,-33.91778],[151.01405,-33.91611],[151.01574,-33.90605],[151.00371,-33.90471]]]},"properties":{"districtname":"EAST HILLS","urbanity":"U"}},{"type":"Feature","geometry":{"type":"Polygon","coordinates":[[[151.06916,-33.88308],[151.03947,-33.88776],[151.03705,-33.90608],[151.02911,-33.90871],[151.01574,-33.90605],[151.01405,-33.91611],[151.02639,-33.91778],[151.01941,-33.93447],[151.0385,-33.93395],[151.0398,-33.94087],[151.07704,-33.94318],[151.06513,-33.91746],[151.07723,-33.90728],[151.0717,-33.90306],[151.06773,-33.89379],[151.06916,-33.88308]]]},"properties":{"districtname":"BANKSTOWN","urbanity":"U"}},{"type":"Feature","geometry":{"type":"Polygon","coordinates":[[[149.52542,-34.91359],[149.52645,-34.9079],[149.49097,-34.90218],[149.48849,-34.91624],[149.45507,-34.9115],[149.45345,-34.92011],[149.44945,-34.92036],[149.44782,-34.92784],[149.42881,-34.92609],[149.428,-34.93061],[149.42266,-34.92986],[149.40666,-34.96248],[149.38791,-34.97994],[149.38562,-34.9967],[149.3801,-35.00769],[149.37365,-35.06257],[149.37631,-35.09588],[149.37069,-35.10734],[149.34672,-35.1205],[149.32782,-35.15459],[149.29944,-35.17308],[149.27514,-35.17626],[149.25846,-35.1822],[149.23625,-35.18107],[149.21429,-35.20007],[149.20071,-35.2054],[149.20852,-35.2115],[149.20246,-35.22461],[149.20499,-35.22909],[149.21379,-35.21959],[149.2344,-35.22099],[149.24554,-35.22671],[149.24596,-35.2307],[149.23438,-35.24278],[149.24943,-35.24717],[149.25066,-35.25223],[149.25733,-35.25719],[149.27318,-35.25917],[149.27181,-35.27347],[149.27538,-35.27504],[149.27963,-35.27064],[149.2893,-35.27569],[149.29847,-35.27214],[149.30977,-35.27826],[149.31531,-35.27622],[149.31627,-35.28178],[149.32248,-35.28673],[149.32757,-35.28239],[149.33633,-35.28872],[149.3415,-35.28669],[149.34322,-35.29204],[149.34887,-35.29206],[149.35056,-35.29934],[149.36096,-35.30159],[149.36167,-35.30901],[149.3738,-35.3048],[149.3837,-35.30646],[149.38658,-35.3034],[149.39479,-35.30318],[149.39929,-35.31908],[149.39804,-35.32524],[149.36661,-35.34014],[149.36414,-35.34796],[149.35145,-35.35124],[149.33642,-35.33971],[149.29367,-35.33212],[149.29542,-35.33316],[149.28173,-35.33806],[149.25475,-35.33011],[149.24755,-35.33066],[149.23053,-35.34271],[149.2192,-35.34127],[149.20717,-35.34529],[149.1844,-35.37833],[149.14719,-35.41421],[149.14407,-35.42423],[149.13852,-35.42831],[149.1406,-35.43409],[149.15236,-35.4334],[149.1551,-35.43598],[149.15245,-35.4434],[149.1351,-35.45402],[149.13861,-35.4683],[149.15162,-35.49319],[149.15067,-35.50975],[149.13146,-35.55359],[149.14264,-35.59277],[149.12604,-35.59184],[149.12562,-35.58748],[149.11046,-35.58712],[149.10915,-35.58407],[149.08462,-35.5808],[149.07815,-35.5864],[149.07924,-35.60774],[149.08453,-35.61463],[149.08757,-35.63964],[149.09563,-35.64032],[149.09748,-35.64728],[149.0953,-35.67927],[149.10439,-35.68486],[149.10376,-35.69071],[149.10942,-35.69657],[149.09935,-35.71465],[149.1041,-35.72497],[149.0991,-35.72927],[149.10069,-35.73629],[149.09071,-35.7656],[149.09164,-35.77393],[149.09738,-35.77743],[149.09348,-35.78722],[149.10033,-35.7903],[149.09676,-35.79817],[149.10151,-35.80364],[149.09827,-35.80792],[149.1006,-35.81469],[149.09593,-35.81757],[149.09358,-35.8241],[149.09205,-35.83537],[149.09569,-35.84562],[149.08421,-35.85019],[149.07432,-35.86576],[149.06429,-35.87493],[149.06014,-35.88828],[149.06174,-35.89143],[149.05179,-35.90209],[149.05725,-35.90732],[149.04955,-35.91995],[149.04639,-35.92052],[149.03404,-35.91102],[149.02777,-35.91272],[149.0124,-35.89961],[148.99942,-35.90266],[148.99767,-35.89641],[148.97566,-35.89216],[148.9616,-35.89671],[148.94055,-35.87579],[148.93217,-35.87289],[148.93035,-35.86812],[148.91982,-35.86073],[148.92005,-35.85723],[148.90945,-35.85306],[148.90315,-35.83526],[148.90707,-35.82957],[148.89764,-35.82469],[148.89661,-35.81789],[148.88668,-35.81005],[148.89778,-35.79465],[148.89487,-35.77187],[148.90332,-35.75792],[148.89883,-35.75129],[148.8941,-35.75133],[148.88808,-35.73705],[148.89231,-35.72841],[148.88502,-35.71792],[148.87772,-35.71495],[148.87249,-35.72142],[148.86861,-35.73104],[148.86407,-35.73386],[148.86745,-35.73867],[148.86143,-35.75017],[148.86245,-35.75751],[148.85567,-35.76095],[148.85609,-35.75353],[148.8358,-35.74191],[148.8225,-35.72096],[148.81278,-35.71974],[148.80528,-35.714],[148.79982,-35.72561],[148.79408,-35.724],[148.78203,-35.73663],[148.76689,-35.70322],[148.75773,-35.69943],[148.7528,-35.68677],[148.7409,-35.68418],[148.71997,-35.66738],[148.67769,-35.65637],[148.66422,-35.65983],[148.64471,-35.65265],[148.63384,-35.64564],[148.62992,-35.63905],[148.62416,-35.6389],[148.61272,-35.62387],[148.61461,-35.61844],[148.60665,-35.61527],[148.58069,-35.62067],[148.57998,-35.62657],[148.58623,-35.63277],[148.58039,-35.63945],[148.58058,-35.6501],[148.57716,-35.65277],[148.5808,-35.66044],[148.57642,-35.66417],[148.57353,-35.66202],[148.56664,-35.66555],[148.57028,-35.6674],[148.56664,-35.67256],[148.5711,-35.67874],[148.55741,-35.6814],[148.56715,-35.68814],[148.56242,-35.69184],[148.55741,-35.68948],[148.55534,-35.69334],[148.55413,-35.69092],[148.55167,-35.69251],[148.55,-35.69851],[148.55315,-35.70633],[148.54934,-35.70552],[148.54747,-35.71349],[148.52824,-35.7237],[148.52344,-35.74234],[148.51632,-35.75517],[148.5075,-35.76257],[148.5035,-35.77802],[148.49433,-35.77957],[148.47889,-35.79361],[148.46894,-35.81557],[148.47103,-35.82355],[148.46008,-35.82862],[148.45307,-35.8404],[148.45186,-35.85361],[148.44693,-35.8592],[148.45011,-35.86189],[148.451,-35.87132],[148.44578,-35.87376],[148.43832,-35.89889],[148.44648,-35.90569],[148.46282,-35.90768],[148.47136,-35.91502],[148.46889,-35.94186],[148.47394,-35.94561],[148.48307,-35.94618],[148.48746,-35.95544],[148.49376,-35.95848],[148.4947,-35.96532],[148.52997,-35.9872],[148.53445,-35.99157],[148.5335,-36.00002],[148.55848,-36.00041],[148.5601,-36.02154],[148.55595,-36.04153],[148.56147,-36.05234],[148.56046,-36.05739],[148.57009,-36.06894],[148.56026,-36.08357],[148.56598,-36.09342],[148.56145,-36.10515],[148.55254,-36.10566],[148.53229,-36.09582],[148.52601,-36.08796],[148.52213,-36.09024],[148.51295,-36.08769],[148.49142,-36.10032],[148.48636,-36.09839],[148.48209,-36.10056],[148.4769,-36.10621],[148.47891,-36.11359],[148.47073,-36.11888],[148.45984,-36.11844],[148.4534,-36.12668],[148.45749,-36.13071],[148.4567,-36.13917],[148.46098,-36.1449],[148.45272,-36.14919],[148.44072,-36.17227],[148.42787,-36.17682],[148.43603,-36.18113],[148.43832,-36.18637],[148.43525,-36.20198],[148.42641,-36.20348],[148.42463,-36.20979],[148.42747,-36.23387],[148.43473,-36.23992],[148.43101,-36.2569],[148.42545,-36.26275],[148.41585,-36.26347],[148.40987,-36.27825],[148.4052,-36.27913],[148.39642,-36.29059],[148.37292,-36.28803],[148.36869,-36.29974],[148.37473,-36.30639],[148.37192,-36.31577],[148.37338,-36.32471],[148.36856,-36.32523],[148.36565,-36.33014],[148.36732,-36.33957],[148.35743,-36.3405],[148.3519,-36.35708],[148.3463,-36.35894],[148.34258,-36.3685],[148.33717,-36.37151],[148.33241,-36.36995],[148.32875,-36.38325],[148.31959,-36.38684],[148.3148,-36.39332],[148.30712,-36.39268],[148.30388,-36.40276],[148.28897,-36.41111],[148.28615,-36.41858],[148.28085,-36.42118],[148.27861,-36.43138],[148.27002,-36.43363],[148.27143,-36.43811],[148.26329,-36.45545],[148.27307,-36.45902],[148.26887,-36.47078],[148.27057,-36.48211],[148.26381,-36.48198],[148.25736,-36.49745],[148.25895,-36.50057],[148.25031,-36.50233],[148.24702,-36.51021],[148.26107,-36.52731],[148.25041,-36.54371],[148.26927,-36.54933],[148.27123,-36.55916],[148.27785,-36.56048],[148.28762,-36.56886],[148.29766,-36.58773],[148.3113,-36.59563],[148.30308,-36.60038],[148.30495,-36.61058],[148.29029,-36.60909],[148.27378,-36.619],[148.25718,-36.61683],[148.24703,-36.62698],[148.24954,-36.63345],[148.23955,-36.66357],[148.24639,-36.66698],[148.2524,-36.68234],[148.25088,-36.68667],[148.25446,-36.69156],[148.25137,-36.70602],[148.23865,-36.70643],[148.23542,-36.72292],[148.24056,-36.72996],[148.23345,-36.73901],[148.23269,-36.74632],[148.20818,-36.75426],[148.20801,-36.76338],[148.20148,-36.77493],[148.20072,-36.79862],[149.35618,-37.26294],[149.4004,-37.11514],[149.39791,-37.02063],[149.41814,-37.00632],[149.41706,-37.00031],[149.39476,-37.00174],[149.39762,-36.99267],[149.39404,-36.98403],[149.39924,-36.98178],[149.38218,-36.9756],[149.38039,-36.9655],[149.37498,-36.95882],[149.38164,-36.94352],[149.38263,-36.91926],[149.3879,-36.91394],[149.37964,-36.90508],[149.38215,-36.89614],[149.37856,-36.89301],[149.38246,-36.89023],[149.37986,-36.88731],[149.38252,-36.87934],[149.37704,-36.87482],[149.38593,-36.87185],[149.39999,-36.87463],[149.40738,-36.86211],[149.41408,-36.86437],[149.41644,-36.86084],[149.42592,-36.85819],[149.44811,-36.86094],[149.44802,-36.85328],[149.46182,-36.84772],[149.47073,-36.85415],[149.47691,-36.85236],[149.47706,-36.84811],[149.5027,-36.84563],[149.503,-36.84003],[149.51025,-36.83082],[149.50267,-36.8213],[149.48458,-36.81929],[149.48054,-36.80939],[149.48694,-36.79559],[149.48555,-36.78946],[149.47258,-36.79379],[149.46657,-36.77974],[149.461,-36.78298],[149.4416,-36.78026],[149.43752,-36.77436],[149.4466,-36.76798],[149.43868,-36.75676],[149.44721,-36.7509],[149.44764,-36.74552],[149.45825,-36.7362],[149.45745,-36.73017],[149.45229,-36.72956],[149.45205,-36.72148],[149.45969,-36.71664],[149.45952,-36.71107],[149.4492,-36.70931],[149.44516,-36.70321],[149.43881,-36.70104],[149.4467,-36.69769],[149.45075,-36.68935],[149.458,-36.68696],[149.4544,-36.67739],[149.4585,-36.67222],[149.45416,-36.66917],[149.4597,-36.66176],[149.46437,-36.66096],[149.46091,-36.64654],[149.44486,-36.64605],[149.44045,-36.64892],[149.43335,-36.64493],[149.4154,-36.65123],[149.40987,-36.64241],[149.41417,-36.63833],[149.41283,-36.63352],[149.39815,-36.62334],[149.40142,-36.61755],[149.39467,-36.60393],[149.38061,-36.59654],[149.3787,-36.59259],[149.38672,-36.58774],[149.38854,-36.57602],[149.38558,-36.57561],[149.38401,-36.56457],[149.39629,-36.55382],[149.39634,-36.548],[149.40585,-36.54983],[149.42711,-36.54255],[149.43382,-36.54481],[149.43338,-36.54078],[149.43881,-36.53847],[149.44176,-36.52951],[149.44794,-36.52728],[149.4546,-36.53011],[149.46018,-36.52376],[149.46218,-36.51472],[149.45989,-36.51208],[149.46759,-36.5096],[149.47148,-36.50398],[149.46781,-36.48583],[149.45719,-36.48522],[149.46429,-36.47381],[149.47403,-36.46754],[149.4691,-36.46218],[149.47513,-36.45002],[149.47292,-36.44799],[149.48448,-36.4298],[149.49019,-36.42586],[149.49707,-36.42847],[149.49897,-36.42452],[149.51237,-36.41716],[149.52594,-36.41533],[149.52965,-36.40473],[149.54206,-36.39917],[149.54363,-36.39242],[149.53673,-36.38718],[149.53797,-36.3666],[149.57008,-36.35975],[149.58866,-36.34256],[149.60052,-36.34102],[149.60275,-36.33762],[149.53651,-36.22442],[149.54748,-36.22415],[149.55194,-36.21809],[149.54796,-36.20578],[149.56993,-36.2016],[149.56959,-36.18769],[149.57421,-36.18103],[149.56997,-36.16306],[149.57295,-36.1619],[149.57434,-36.15162],[149.57917,-36.15126],[149.58341,-36.14268],[149.54777,-36.11601],[149.54848,-36.11221],[149.54303,-36.10722],[149.54495,-36.10381],[149.55255,-36.10578],[149.55166,-36.09723],[149.56279,-36.09641],[149.56997,-36.08704],[149.58067,-36.08735],[149.57891,-36.08391],[149.58373,-36.08097],[149.57648,-36.07287],[149.58201,-36.06849],[149.57101,-36.06061],[149.57516,-36.05351],[149.56735,-36.01913],[149.56838,-36.00875],[149.58512,-36.00557],[149.5831,-35.99643],[149.58536,-35.9911],[149.60731,-35.99273],[149.61534,-35.98547],[149.62483,-35.98553],[149.63668,-35.97585],[149.64861,-35.97474],[149.65829,-35.98541],[149.6699,-35.98628],[149.6728,-35.9893],[149.67986,-35.98144],[149.68248,-35.95724],[149.68738,-35.95504],[149.68756,-35.93244],[149.69137,-35.92754],[149.69393,-35.90826],[149.68875,-35.8989],[149.68654,-35.87797],[149.67869,-35.86601],[149.68049,-35.85763],[149.6782,-35.8466],[149.68193,-35.83772],[149.67699,-35.83376],[149.67661,-35.82586],[149.68018,-35.8136],[149.68629,-35.80742],[149.68492,-35.80268],[149.69304,-35.79516],[149.7041,-35.79092],[149.7093,-35.78417],[149.75135,-35.78953],[149.75433,-35.79459],[149.75961,-35.7941],[149.77385,-35.78158],[149.79633,-35.77372],[149.80388,-35.76078],[149.81742,-35.75391],[149.82072,-35.74519],[149.81441,-35.73629],[149.81844,-35.73341],[149.82256,-35.73472],[149.82983,-35.7214],[149.83934,-35.72378],[149.84021,-35.71494],[149.84542,-35.7175],[149.85077,-35.71497],[149.85416,-35.72013],[149.86262,-35.71379],[149.86147,-35.71139],[149.9084,-35.63701],[149.91566,-35.63801],[149.92183,-35.6347],[149.91997,-35.62399],[149.92208,-35.6183],[149.93512,-35.61087],[149.93319,-35.60257],[149.93634,-35.59434],[149.92899,-35.57846],[149.92991,-35.56537],[149.93665,-35.56147],[149.94597,-35.5657],[149.9482,-35.56182],[149.94133,-35.5607],[149.94285,-35.5533],[149.95198,-35.55193],[149.95333,-35.55041],[149.94928,-35.54988],[149.95065,-35.54566],[149.95666,-35.54396],[149.94917,-35.54054],[149.94876,-35.53218],[149.94933,-35.52942],[149.95744,-35.53072],[149.96405,-35.50077],[149.97901,-35.50245],[149.97741,-35.49023],[150.00206,-35.4753],[150.00586,-35.46049],[150.00538,-35.44456],[150.01409,-35.43813],[150.0073,-35.42905],[150.01793,-35.41922],[150.02089,-35.41226],[150.03269,-35.41002],[150.03846,-35.40572],[150.04196,-35.38312],[150.03702,-35.36741],[150.04492,-35.35852],[150.04673,-35.34738],[150.04142,-35.34443],[150.03805,-35.33162],[150.04467,-35.31781],[150.05106,-35.31561],[150.05106,-35.30905],[150.08537,-35.30525],[150.0873,-35.30061],[150.08231,-35.29319],[150.08605,-35.29108],[150.09804,-35.29312],[150.10541,-35.2847],[150.11661,-35.29345],[150.12133,-35.29088],[150.12204,-35.28394],[150.13369,-35.27934],[150.13796,-35.27325],[150.15193,-35.26677],[150.16437,-35.26977],[150.16689,-35.26643],[150.16099,-35.25674],[150.17206,-35.24873],[150.16783,-35.244],[150.16869,-35.23924],[150.18257,-35.23652],[150.18744,-35.2301],[150.19105,-35.23393],[150.19793,-35.22946],[150.19499,-35.2192],[150.18745,-35.22009],[150.19087,-35.21464],[150.18558,-35.20786],[150.188,-35.2034],[150.18615,-35.20006],[150.19873,-35.19887],[150.20336,-35.20282],[150.21506,-35.20399],[150.21567,-35.20097],[150.21469,-35.1943],[150.20433,-35.17755],[150.20393,-35.17069],[150.1758,-35.16541],[150.16943,-35.1484],[150.16001,-35.15129],[150.15165,-35.14359],[150.14145,-35.1443],[150.1427,-35.13137],[150.13954,-35.11755],[150.12915,-35.11292],[150.13396,-35.10628],[150.13206,-35.10291],[150.12704,-35.10275],[150.12957,-35.09716],[150.11909,-35.08868],[150.10909,-35.0843],[150.10575,-35.08579],[150.10342,-35.07853],[150.10752,-35.07713],[150.10793,-35.072],[150.10248,-35.072],[150.09713,-35.06717],[150.08946,-35.06775],[150.08571,-35.06299],[150.08772,-35.05901],[150.07258,-35.05071],[150.07623,-35.04241],[150.06665,-35.04003],[150.06689,-35.03532],[150.06171,-35.03647],[150.06463,-35.02185],[150.05319,-35.01839],[150.05439,-35.01409],[150.04984,-35.0087],[150.05192,-35.00726],[150.04259,-34.99944],[150.03599,-35.00336],[150.02414,-35.00345],[150.02232,-35.02143],[150.02975,-35.03188],[150.02425,-35.04576],[150.02882,-35.05394],[150.02271,-35.05551],[150.01132,-35.06739],[149.99681,-35.07575],[149.98629,-35.06592],[149.97739,-35.06611],[149.98029,-35.07937],[149.98436,-35.08439],[149.98371,-35.08852],[149.98052,-35.08895],[149.98063,-35.09502],[149.9887,-35.09466],[149.99708,-35.10237],[150.01104,-35.10159],[150.02666,-35.09533],[150.02655,-35.1044],[150.01841,-35.10864],[150.01802,-35.11904],[150.02041,-35.12164],[150.03134,-35.11969],[150.03147,-35.12295],[150.03588,-35.12461],[150.03514,-35.12848],[150.03094,-35.13126],[150.01408,-35.13141],[150.01083,-35.13974],[149.99608,-35.14276],[149.99118,-35.14969],[149.99221,-35.16199],[149.97841,-35.16623],[149.96678,-35.16027],[149.96089,-35.15022],[149.93162,-35.14984],[149.93399,-35.16554],[149.95247,-35.17851],[149.95208,-35.20962],[149.92688,-35.23748],[149.91898,-35.2354],[149.91559,-35.24095],[149.90491,-35.24284],[149.89742,-35.23923],[149.89739,-35.23424],[149.91406,-35.23347],[149.92032,-35.22766],[149.91756,-35.22489],[149.90053,-35.22466],[149.89513,-35.23149],[149.88272,-35.23531],[149.88233,-35.24167],[149.89281,-35.24708],[149.88283,-35.25616],[149.84891,-35.24645],[149.84577,-35.24017],[149.84974,-35.23211],[149.84729,-35.23093],[149.84973,-35.2226],[149.84364,-35.22194],[149.84633,-35.21413],[149.83584,-35.20676],[149.8231,-35.20619],[149.81496,-35.21067],[149.80714,-35.21079],[149.79402,-35.20297],[149.79845,-35.20053],[149.79591,-35.19479],[149.7806,-35.19309],[149.77595,-35.1965],[149.76782,-35.19616],[149.77118,-35.19201],[149.77031,-35.17948],[149.77294,-35.17862],[149.76601,-35.17099],[149.76279,-35.17328],[149.7568,-35.17088],[149.75281,-35.17625],[149.74467,-35.17946],[149.73877,-35.17606],[149.72893,-35.18389],[149.70775,-35.17499],[149.7094,-35.16957],[149.6994,-35.163],[149.69975,-35.16015],[149.68858,-35.15899],[149.68604,-35.15274],[149.66066,-35.13792],[149.65312,-35.12358],[149.65277,-35.11562],[149.64268,-35.11278],[149.64129,-35.11773],[149.63484,-35.1169],[149.63153,-35.13463],[149.61186,-35.13328],[149.60715,-35.12965],[149.59977,-35.14354],[149.59287,-35.1448],[149.59099,-35.15673],[149.57249,-35.15351],[149.56891,-35.15984],[149.56354,-35.15987],[149.55909,-35.15925],[149.56,-35.15481],[149.54238,-35.15242],[149.55342,-35.12667],[149.5574,-35.12724],[149.55979,-35.11551],[149.5442,-35.11357],[149.54311,-35.11079],[149.54461,-35.10352],[149.54995,-35.10428],[149.55665,-35.07115],[149.53825,-35.06856],[149.55051,-35.00941],[149.55238,-34.99367],[149.54689,-34.99276],[149.55123,-34.97556],[149.51904,-34.96615],[149.52684,-34.95919],[149.52988,-34.94319],[149.52362,-34.93946],[149.52709,-34.93911],[149.52637,-34.9315],[149.51446,-34.92994],[149.51614,-34.92177],[149.52377,-34.92276],[149.52542,-34.91359]]]},"properties":{"districtname":"MONARO","urbanity":"R"}},{"type":"Feature","geometry":{"type":"Polygon","coordinates":[[[150.69855,-32.99939],[150.69669,-32.99639],[150.68579,-32.99676],[150.68562,-33.00597],[150.67719,-33.01326],[150.67242,-33.0268],[150.67904,-33.0277],[150.68219,-33.03192],[150.6821,-33.04473],[150.69662,-33.04177],[150.7054,-33.04463],[150.70721,-33.05863],[150.71807,-33.06864],[150.72789,-33.07201],[150.63024,-33.05857],[150.62965,-33.06154],[150.61075,-33.06604],[150.61153,-33.0707],[150.60559,-33.0737],[150.61404,-33.07353],[150.60966,-33.08371],[150.6134,-33.08903],[150.60677,-33.08966],[150.61219,-33.09253],[150.61092,-33.09853],[150.60149,-33.10087],[150.61728,-33.10385],[150.61978,-33.1097],[150.6098,-33.10822],[150.61206,-33.11878],[150.60804,-33.11975],[150.6059,-33.12507],[150.60236,-33.12269],[150.59839,-33.12521],[150.61049,-33.13447],[150.60993,-33.14351],[150.60458,-33.14745],[150.59672,-33.14502],[150.58627,-33.1478],[150.58953,-33.15994],[150.58436,-33.1622],[150.58353,-33.16807],[150.57004,-33.16809],[150.57335,-33.16079],[150.57078,-33.15601],[150.5637,-33.16215],[150.55429,-33.16187],[150.55518,-33.16726],[150.55184,-33.17068],[150.55578,-33.17523],[150.55235,-33.18358],[150.54373,-33.18512],[150.54309,-33.18864],[150.53866,-33.18794],[150.53618,-33.19207],[150.52376,-33.19446],[150.53036,-33.19814],[150.53321,-33.21051],[150.54108,-33.21412],[150.54393,-33.22052],[150.53166,-33.22384],[150.52565,-33.23896],[150.53285,-33.24011],[150.54466,-33.25626],[150.54953,-33.2573],[150.55515,-33.25402],[150.56086,-33.25712],[150.56308,-33.26566],[150.55433,-33.26523],[150.55299,-33.2743],[150.55763,-33.28069],[150.57553,-33.28956],[150.55789,-33.29051],[150.55652,-33.29372],[150.56492,-33.29785],[150.56669,-33.30652],[150.55986,-33.31246],[150.55146,-33.3111],[150.55138,-33.31505],[150.55973,-33.32025],[150.5824,-33.32106],[150.58566,-33.32557],[150.58229,-33.33118],[150.59164,-33.33915],[150.58979,-33.34322],[150.58241,-33.34311],[150.58095,-33.35147],[150.57634,-33.35272],[150.57501,-33.35773],[150.56649,-33.35552],[150.56677,-33.35939],[150.55991,-33.36138],[150.55935,-33.36567],[150.54701,-33.36884],[150.52629,-33.38749],[150.52935,-33.39072],[150.52193,-33.39321],[150.51837,-33.40904],[150.50117,-33.42094],[150.50041,-33.42853],[150.49283,-33.44049],[150.4838,-33.44557],[150.48642,-33.45423],[150.48332,-33.46869],[150.48659,-33.4853],[150.47716,-33.49683],[150.46382,-33.50114],[150.45418,-33.51155],[150.44753,-33.51165],[150.44285,-33.53652],[150.43045,-33.53813],[150.43549,-33.54259],[150.43885,-33.55523],[150.44705,-33.56449],[150.44802,-33.57228],[150.46482,-33.5757],[150.46859,-33.5838],[150.48299,-33.57932],[150.48786,-33.58307],[150.49815,-33.58012],[150.51492,-33.58195],[150.52236,-33.57051],[150.53474,-33.56556],[150.53394,-33.55735],[150.54476,-33.5575],[150.55037,-33.56587],[150.54756,-33.572],[150.56049,-33.5712],[150.56494,-33.57552],[150.56224,-33.58061],[150.5645,-33.59015],[150.55837,-33.59722],[150.56311,-33.61014],[150.57995,-33.61304],[150.58165,-33.62278],[150.60092,-33.6145],[150.60786,-33.61751],[150.61595,-33.6142],[150.60611,-33.66271],[150.61543,-33.66508],[150.616,-33.66204],[150.63284,-33.66314],[150.63371,-33.65866],[150.65756,-33.66166],[150.65362,-33.68474],[150.65936,-33.68553],[150.65882,-33.67359],[150.66772,-33.66581],[150.66637,-33.65361],[150.67877,-33.6278],[150.68499,-33.62239],[150.69352,-33.62058],[150.69953,-33.61227],[150.78214,-33.63751],[150.79658,-33.66038],[150.8123,-33.67754],[150.81897,-33.67603],[150.81306,-33.66912],[150.81824,-33.66159],[150.82712,-33.65726],[150.83517,-33.65799],[150.8587,-33.64631],[150.87656,-33.65957],[150.89531,-33.6634],[150.91354,-33.67804],[150.92212,-33.6648],[150.93066,-33.66469],[150.93289,-33.66202],[150.92704,-33.65465],[150.92803,-33.6492],[150.93679,-33.64963],[150.9363,-33.64179],[150.92457,-33.63938],[150.92795,-33.63653],[150.92308,-33.62821],[150.93525,-33.62868],[150.93577,-33.61884],[150.92985,-33.61478],[150.93532,-33.61172],[150.93717,-33.60647],[150.93021,-33.60176],[150.93589,-33.59237],[150.93448,-33.58649],[150.94233,-33.58464],[150.93955,-33.58795],[150.94569,-33.59368],[150.94409,-33.59757],[150.94675,-33.60326],[150.97112,-33.60811],[150.97237,-33.6127],[150.97811,-33.61632],[150.9801,-33.62621],[151.0111,-33.62623],[151.0123,-33.62232],[151.02356,-33.62385],[151.0193,-33.61009],[151.00637,-33.5974],[151.01291,-33.58592],[151.01455,-33.57267],[151.00803,-33.56891],[151.01172,-33.56258],[151.00862,-33.55505],[151.01298,-33.54904],[151.0101,-33.54457],[151.01358,-33.53834],[151.01114,-33.53206],[151.02366,-33.52413],[151.0288,-33.51628],[151.02277,-33.50601],[151.02145,-33.49225],[151.01605,-33.49063],[151.01038,-33.48376],[151.0104,-33.4721],[151.00507,-33.46614],[151.00158,-33.45397],[150.99279,-33.44588],[150.99041,-33.42896],[150.97405,-33.42365],[150.97195,-33.4196],[150.97969,-33.41256],[150.98654,-33.39842],[150.98403,-33.38785],[150.99022,-33.3784],[150.98476,-33.37514],[150.98443,-33.37107],[150.98722,-33.36439],[150.99345,-33.36335],[151.00043,-33.35039],[151.01145,-33.34849],[151.01697,-33.35338],[151.02454,-33.3496],[151.03111,-33.35131],[151.04201,-33.34318],[151.06482,-33.34138],[151.06623,-33.33365],[151.07883,-33.33526],[151.08991,-33.32546],[151.08423,-33.3184],[151.09377,-33.31198],[151.09211,-33.30701],[151.09601,-33.29993],[151.09409,-33.28568],[151.08923,-33.28117],[151.09153,-33.27849],[151.09005,-33.27124],[151.08685,-33.26906],[151.09475,-33.26161],[151.09974,-33.26168],[151.09694,-33.25932],[151.09938,-33.24534],[151.10675,-33.23164],[151.10265,-33.22235],[151.09865,-33.22052],[151.0982,-33.20304],[151.10099,-33.19752],[151.09666,-33.19332],[151.09955,-33.18445],[151.10419,-33.18121],[151.10106,-33.17736],[151.10066,-33.1652],[151.10583,-33.1515],[151.09957,-33.14434],[151.101,-33.13663],[151.1076,-33.12789],[151.11692,-33.12473],[151.12556,-33.11516],[151.13534,-33.11031],[151.13462,-33.10475],[151.12794,-33.09169],[151.11454,-33.09116],[151.10398,-33.07696],[151.088,-33.07836],[151.08395,-33.07524],[151.06414,-33.08121],[151.05214,-33.0802],[151.04182,-33.09125],[151.03516,-33.12405],[151.02448,-33.12572],[151.01955,-33.12182],[151.01288,-33.12182],[151.00362,-33.12605],[150.99417,-33.12242],[150.98564,-33.128],[150.98052,-33.12625],[150.9659,-33.12988],[150.95027,-33.12252],[150.94199,-33.1232],[150.93393,-33.11916],[150.9314,-33.11311],[150.92411,-33.11109],[150.90524,-33.11583],[150.9,-33.12116],[150.88455,-33.11901],[150.87339,-33.11422],[150.87246,-33.10433],[150.86626,-33.10222],[150.85875,-33.09412],[150.84704,-33.09806],[150.85172,-33.08999],[150.84879,-33.08735],[150.85324,-33.08338],[150.84905,-33.07993],[150.84837,-33.07452],[150.85572,-33.07033],[150.85176,-33.06458],[150.85896,-33.06106],[150.85339,-33.0593],[150.85323,-33.0527],[150.84708,-33.05231],[150.85252,-33.04896],[150.85754,-33.05],[150.84977,-33.04588],[150.85122,-33.04197],[150.85796,-33.04306],[150.85283,-33.03696],[150.85453,-33.0319],[150.85134,-33.03027],[150.84664,-33.03537],[150.83849,-33.03457],[150.83527,-33.03051],[150.83017,-33.03309],[150.82612,-33.02562],[150.8185,-33.02364],[150.81979,-33.01457],[150.81477,-33.01575],[150.81215,-33.01176],[150.80569,-33.01035],[150.80479,-33.00603],[150.76384,-33.00031],[150.76106,-33.01477],[150.74543,-33.02194],[150.73564,-33.01614],[150.73019,-33.01733],[150.72643,-33.01298],[150.71144,-33.01452],[150.70324,-33.01062],[150.70387,-33.00528],[150.69855,-32.99939]]]},"properties":{"districtname":"HAWKESBURY","urbanity":"R"}},{"type":"Feature","geometry":{"type":"MultiPolygon","coordinates":[[[[152.76753,-30.18469],[152.76794,-30.18243],[152.75528,-30.18079],[152.75506,-30.18682],[152.75002,-30.18854],[152.75083,-30.19661],[152.69277,-30.18897],[152.69754,-30.19907],[152.70756,-30.20353],[152.70554,-30.20735],[152.69397,-30.21102],[152.69327,-30.21846],[152.6974,-30.2239],[152.67122,-30.23858],[152.66898,-30.24501],[152.66328,-30.24706],[152.66326,-30.2519],[152.6549,-30.25531],[152.64818,-30.253],[152.64678,-30.25859],[152.64376,-30.25467],[152.63945,-30.25526],[152.64174,-30.25201],[152.63843,-30.25139],[152.6334,-30.25377],[152.63492,-30.25699],[152.63053,-30.25622],[152.62674,-30.25983],[152.61595,-30.25817],[152.61161,-30.2495],[152.60291,-30.25228],[152.58647,-30.24105],[152.58264,-30.24436],[152.58035,-30.24227],[152.57399,-30.24465],[152.56121,-30.2335],[152.56475,-30.23932],[152.55804,-30.24096],[152.5597,-30.24525],[152.55127,-30.25825],[152.55723,-30.26249],[152.55511,-30.27381],[152.55035,-30.27744],[152.55486,-30.28114],[152.55066,-30.28149],[152.54711,-30.28887],[152.53859,-30.29549],[152.53306,-30.29279],[152.53103,-30.29564],[152.53304,-30.30092],[152.52926,-30.30143],[152.52596,-30.31183],[152.50773,-30.31946],[152.50169,-30.33003],[152.49654,-30.33145],[152.4935,-30.3369],[152.48075,-30.33209],[152.48254,-30.33736],[152.47879,-30.33784],[152.48204,-30.34548],[152.47668,-30.34774],[152.47467,-30.35679],[152.47812,-30.36841],[152.47767,-30.38982],[152.4841,-30.39153],[152.47859,-30.39698],[152.46524,-30.39557],[152.46054,-30.39807],[152.45391,-30.39675],[152.44892,-30.40091],[152.4463,-30.39843],[152.43806,-30.40023],[152.43506,-30.4053],[152.43049,-30.40616],[152.42969,-30.41605],[152.41962,-30.42673],[152.41736,-30.4367],[152.40181,-30.435],[152.39685,-30.44211],[152.39206,-30.4429],[152.38965,-30.45304],[152.39566,-30.46899],[152.39324,-30.4764],[152.40831,-30.48872],[152.40676,-30.49261],[152.40026,-30.50093],[152.39233,-30.50071],[152.38581,-30.50518],[152.38256,-30.51931],[152.38771,-30.5222],[152.38631,-30.5297],[152.37692,-30.53525],[152.37498,-30.54176],[152.36408,-30.54504],[152.36165,-30.55579],[152.35267,-30.55601],[152.34824,-30.56319],[152.33581,-30.56703],[152.33628,-30.57241],[152.33003,-30.57933],[152.32992,-30.58421],[152.31173,-30.60018],[152.31606,-30.60296],[152.31902,-30.61338],[152.33355,-30.62073],[152.33162,-30.62936],[152.33688,-30.64046],[152.34519,-30.63985],[152.35055,-30.64765],[152.3693,-30.65889],[152.36228,-30.66694],[152.358,-30.67843],[152.35841,-30.6842],[152.36933,-30.69868],[152.36568,-30.70462],[152.37155,-30.7194],[152.37084,-30.72773],[152.37586,-30.73179],[152.37531,-30.74533],[152.36675,-30.75177],[152.36548,-30.75847],[152.36145,-30.75789],[152.35196,-30.76914],[152.355,-30.77811],[152.34703,-30.78112],[152.34386,-30.79189],[152.33334,-30.78948],[152.31704,-30.79262],[152.31716,-30.80249],[152.3107,-30.80495],[152.29999,-30.82175],[152.29146,-30.82372],[152.28679,-30.82986],[152.2886,-30.83232],[152.28454,-30.84149],[152.28951,-30.84414],[152.29949,-30.86622],[152.29062,-30.88225],[152.28725,-30.89996],[152.29379,-30.90875],[152.29311,-30.91991],[152.28942,-30.92128],[152.29603,-30.93108],[152.28431,-30.94911],[152.28745,-30.9543],[152.28599,-30.95966],[152.29066,-30.96132],[152.28797,-30.96686],[152.29415,-30.97307],[152.28866,-30.98091],[152.28366,-30.97925],[152.28303,-30.98503],[152.26983,-30.99913],[152.27652,-31.0095],[152.29256,-31.01145],[152.29263,-31.01523],[152.31527,-31.02784],[152.3244,-31.02484],[152.32643,-31.0301],[152.34335,-31.03993],[152.34518,-31.05061],[152.33106,-31.05726],[152.34064,-31.0682],[152.33422,-31.0757],[152.33736,-31.08008],[152.33471,-31.08475],[152.33656,-31.10522],[152.34816,-31.10921],[152.34959,-31.11699],[152.33795,-31.11441],[152.33665,-31.11626],[152.34346,-31.12435],[152.34261,-31.12833],[152.3309,-31.12745],[152.31658,-31.20292],[152.25633,-31.19475],[152.25867,-31.20103],[152.25575,-31.20102],[152.25303,-31.20653],[152.24178,-31.20357],[152.23478,-31.19809],[152.23176,-31.20539],[152.2234,-31.20789],[152.20001,-31.19326],[152.17717,-31.19926],[152.17073,-31.19145],[152.1513,-31.18598],[152.14732,-31.19973],[152.15432,-31.21064],[152.14997,-31.22419],[152.15488,-31.22816],[152.16319,-31.2279],[152.15867,-31.23798],[152.16249,-31.24129],[152.15685,-31.2484],[152.15931,-31.25083],[152.15541,-31.25539],[152.15742,-31.25791],[152.1517,-31.26879],[152.15247,-31.27384],[152.14973,-31.28009],[152.14337,-31.28016],[152.13962,-31.28448],[152.13369,-31.27881],[152.12982,-31.283],[152.12337,-31.28016],[152.09961,-31.39314],[152.09739,-31.38809],[152.09253,-31.39192],[152.08714,-31.39166],[152.07091,-31.40357],[152.06784,-31.39849],[152.06182,-31.42965],[152.06817,-31.44256],[152.07036,-31.44112],[152.08278,-31.448],[152.08774,-31.45609],[152.07939,-31.46201],[152.08068,-31.47133],[152.07854,-31.47283],[152.08211,-31.47483],[152.08073,-31.47958],[152.08435,-31.48308],[152.08163,-31.48534],[152.08692,-31.49609],[152.08328,-31.49908],[152.08576,-31.50724],[152.16408,-31.51713],[152.16569,-31.50005],[152.15922,-31.48261],[152.15401,-31.47943],[152.14755,-31.44239],[152.15425,-31.44572],[152.16276,-31.44516],[152.17697,-31.4565],[152.17599,-31.47245],[152.1798,-31.47673],[152.18753,-31.47847],[152.18856,-31.48206],[152.18313,-31.4904],[152.18219,-31.50824],[152.17824,-31.51928],[152.19085,-31.52705],[152.19824,-31.53818],[152.20558,-31.54002],[152.21321,-31.53334],[152.20973,-31.52935],[152.21704,-31.51878],[152.21379,-31.51425],[152.21751,-31.50729],[152.23766,-31.50876],[152.24091,-31.50307],[152.245,-31.50425],[152.2507,-31.49809],[152.25368,-31.4916],[152.2515,-31.48962],[152.25477,-31.48716],[152.26549,-31.49203],[152.27122,-31.49903],[152.27108,-31.50705],[152.27397,-31.50711],[152.2813,-31.51745],[152.27872,-31.52105],[152.28129,-31.52408],[152.28927,-31.51896],[152.29621,-31.52435],[152.30559,-31.51291],[152.32113,-31.51217],[152.3347,-31.51546],[152.33174,-31.52472],[152.34281,-31.52498],[152.3417,-31.52844],[152.3452,-31.53044],[152.33613,-31.53409],[152.33152,-31.53975],[152.34258,-31.55128],[152.33269,-31.55522],[152.3424,-31.55768],[152.34248,-31.56603],[152.33829,-31.56865],[152.34328,-31.57032],[152.34101,-31.57416],[152.34926,-31.57631],[152.34391,-31.5838],[152.33605,-31.58326],[152.32823,-31.58863],[152.32934,-31.59353],[152.32339,-31.60045],[152.31755,-31.60159],[152.31743,-31.61187],[152.31189,-31.61965],[152.31292,-31.62331],[152.30837,-31.62467],[152.31173,-31.62726],[152.32334,-31.62203],[152.33339,-31.62317],[152.33519,-31.61441],[152.34843,-31.6163],[152.34704,-31.62368],[152.35613,-31.62499],[152.35045,-31.64989],[152.36202,-31.65345],[152.3706,-31.64967],[152.38221,-31.64995],[152.38612,-31.65142],[152.38551,-31.65454],[152.39494,-31.65584],[152.39175,-31.66497],[152.40062,-31.6675],[152.40722,-31.66819],[152.40846,-31.65883],[152.41907,-31.65385],[152.42009,-31.64592],[152.43935,-31.65282],[152.44428,-31.65189],[152.44514,-31.64788],[152.45035,-31.64522],[152.4605,-31.64724],[152.46497,-31.64047],[152.47445,-31.64239],[152.47957,-31.63893],[152.49041,-31.64052],[152.51438,-31.63567],[152.52138,-31.64399],[152.52895,-31.64428],[152.52127,-31.63407],[152.52548,-31.61934],[152.53302,-31.61292],[152.53953,-31.61659],[152.5422,-31.61199],[152.54553,-31.61452],[152.5539,-31.61154],[152.56124,-31.60014],[152.54954,-31.58099],[152.55368,-31.5676],[152.57433,-31.56799],[152.58963,-31.55733],[152.59896,-31.56411],[152.60537,-31.56216],[152.60513,-31.55208],[152.60757,-31.55105],[152.60534,-31.543],[152.61515,-31.53959],[152.62523,-31.54166],[152.6324,-31.5362],[152.64215,-31.53811],[152.65641,-31.53313],[152.65394,-31.52032],[152.65722,-31.51882],[152.6499,-31.51778],[152.65079,-31.51323],[152.6647,-31.51058],[152.68052,-31.51317],[152.67691,-31.51106],[152.68129,-31.50995],[152.67844,-31.50728],[152.69229,-31.50286],[152.69763,-31.50708],[152.69381,-31.51047],[152.69582,-31.51622],[152.71078,-31.51834],[152.71551,-31.52925],[152.71981,-31.53011],[152.72645,-31.53959],[152.7335,-31.53244],[152.73544,-31.52549],[152.7315,-31.51897],[152.74026,-31.51823],[152.75328,-31.52275],[152.76165,-31.51879],[152.75869,-31.50541],[152.76427,-31.50394],[152.76562,-31.49628],[152.75726,-31.49519],[152.75942,-31.48292],[152.7814,-31.48578],[152.78578,-31.46287],[152.77933,-31.46831],[152.77276,-31.46737],[152.76197,-31.46219],[152.76702,-31.45762],[152.75598,-31.45008],[152.76586,-31.43565],[152.75626,-31.43156],[152.756,-31.42711],[152.7661,-31.42493],[152.76901,-31.42904],[152.77489,-31.42932],[152.77364,-31.40377],[152.77882,-31.39999],[152.79011,-31.40024],[152.79723,-31.4039],[152.80322,-31.41298],[152.81191,-31.41573],[152.83382,-31.40328],[152.85493,-31.4032],[152.85135,-31.3815],[152.83788,-31.37807],[152.83569,-31.37199],[152.83767,-31.36771],[152.84215,-31.3667],[152.84627,-31.3695],[152.84663,-31.37466],[152.85071,-31.37517],[152.85992,-31.36678],[152.8544,-31.35751],[152.83966,-31.36412],[152.83609,-31.36194],[152.83378,-31.3387],[152.84355,-31.31828],[152.83332,-31.31545],[152.83268,-31.31007],[152.85268,-31.29234],[152.85243,-31.28596],[152.86417,-31.28771],[152.86446,-31.29589],[152.96694,-31.31052],[152.96545,-31.29171],[152.97302,-31.27974],[152.96827,-31.2785],[152.96663,-31.27462],[152.97153,-31.26081],[152.96875,-31.25571],[152.97114,-31.25277],[152.96171,-31.24918],[152.96087,-31.23491],[152.96958,-31.20752],[152.9759,-31.19701],[152.98258,-31.19289],[152.98445,-31.18682],[152.97718,-31.18555],[152.97683,-31.17417],[152.99746,-31.13607],[153.0358,-31.09135],[153.04935,-31.07934],[153.05534,-31.07957],[153.05653,-31.06446],[153.06569,-31.05557],[153.06562,-31.04708],[153.05348,-31.0535],[153.04322,-31.04463],[153.03866,-31.03221],[153.03826,-31.01002],[153.04268,-30.99039],[153.05363,-30.96484],[153.07862,-30.93246],[153.08953,-30.92395],[153.08651,-30.91829],[153.08874,-30.91106],[153.08165,-30.90483],[153.08417,-30.89767],[153.07604,-30.88781],[153.07598,-30.87819],[153.06591,-30.87509],[153.06877,-30.88127],[153.05935,-30.88693],[153.03773,-30.88327],[153.02882,-30.87233],[153.02321,-30.87314],[153.01617,-30.86432],[153.00585,-30.84109],[153.0014,-30.81802],[153.00074,-30.80154],[153.00366,-30.79387],[152.99874,-30.79093],[152.99789,-30.77745],[153.00246,-30.7484],[152.99841,-30.74324],[152.9955,-30.7451],[152.99136,-30.74261],[152.98805,-30.72952],[152.99084,-30.70082],[152.99742,-30.67954],[153.01129,-30.65113],[153.02022,-30.6476],[153.01423,-30.63374],[153.01009,-30.61085],[153.01529,-30.59634],[153.0128,-30.58449],[153.01525,-30.56998],[153.02167,-30.55521],[153.02937,-30.54694],[153.02497,-30.53385],[153.03272,-30.50292],[153.03119,-30.49999],[153.04301,-30.47269],[153.06065,-30.44913],[153.03949,-30.43194],[152.99423,-30.40522],[152.99322,-30.40177],[152.98492,-30.40323],[152.98115,-30.39681],[152.95763,-30.38875],[152.96548,-30.34844],[152.95172,-30.35124],[152.93908,-30.33967],[152.90843,-30.3276],[152.90183,-30.32988],[152.89572,-30.32683],[152.89061,-30.32944],[152.88454,-30.32531],[152.87835,-30.3274],[152.86438,-30.32294],[152.85509,-30.31196],[152.84671,-30.3097],[152.83882,-30.31383],[152.81993,-30.30046],[152.8166,-30.29402],[152.8237,-30.28684],[152.8177,-30.27999],[152.82306,-30.27531],[152.81891,-30.27256],[152.82092,-30.26493],[152.83316,-30.27332],[152.83207,-30.2694],[152.83731,-30.26976],[152.8414,-30.26116],[152.84676,-30.26022],[152.84828,-30.25681],[152.85166,-30.2592],[152.85566,-30.25296],[152.84931,-30.25244],[152.84886,-30.24562],[152.84372,-30.24076],[152.84705,-30.23933],[152.8452,-30.23614],[152.83701,-30.23229],[152.83424,-30.22339],[152.82941,-30.22204],[152.83287,-30.21705],[152.82706,-30.21352],[152.81759,-30.21329],[152.81769,-30.20685],[152.80921,-30.20036],[152.80737,-30.19328],[152.8016,-30.19224],[152.80359,-30.18957],[152.76753,-30.18469]]],[[[153.09045,-30.91015],[153.08956,-30.91116],[153.09128,-30.91162],[153.09045,-30.91015]]],[[[153.08778,-30.9149],[153.08761,-30.91553],[153.08866,-30.91605],[153.08778,-30.9149]],[[153.10111,-30.93892],[153.10049,-30.93807],[153.10164,-30.9394],[153.10111,-30.93892]]],[[[153.07619,-30.94963],[153.07735,-30.94868],[153.07689,-30.94861],[153.07619,-30.94963]]],[[[153.07578,-30.94951],[153.07628,-30.9491],[153.07619,-30.94871],[153.07578,-30.94951]]],[[[153.07693,-30.87901],[153.07641,-30.87822],[153.07643,-30.87861],[153.07693,-30.87901]]],[[[153.01984,-30.64909],[153.01941,-30.64918],[153.01972,-30.64942],[153.01984,-30.64909]]],[[[153.0436,-30.88204],[153.04372,-30.88188],[153.0434,-30.88173],[153.0436,-30.88204]]],[[[153.10208,-30.93849],[153.10227,-30.93883],[153.10238,-30.93866],[153.10208,-30.93849]]]]},"properties":{"districtname":"OXLEY","urbanity":"R"}},{"type":"Feature","geometry":{"type":"Polygon","coordinates":[[[151.71071,-32.92271],[151.70197,-32.92119],[151.69828,-32.92357],[151.68954,-32.93411],[151.68689,-32.94403],[151.67857,-32.93934],[151.66489,-32.94327],[151.65737,-32.93622],[151.65247,-32.96664],[151.64356,-32.9661],[151.63805,-32.97109],[151.64408,-32.97557],[151.62877,-32.97863],[151.62284,-32.99878],[151.66512,-33.00351],[151.67462,-33.01125],[151.68551,-33.00467],[151.70686,-33.00792],[151.71589,-33.00357],[151.72047,-33.00779],[151.71887,-33.00974],[151.7283,-33.01116],[151.73222,-32.98937],[151.72795,-32.9779],[151.73729,-32.96986],[151.73912,-32.963],[151.72811,-32.95942],[151.72742,-32.94674],[151.74867,-32.9378],[151.72074,-32.93344],[151.7231,-32.92318],[151.71071,-32.92271]]]},"properties":{"districtname":"CHARLESTOWN","urbanity":"U"}},{"type":"Feature","geometry":{"type":"Polygon","coordinates":[[[151.54456,-32.92644],[151.53143,-32.90141],[151.51554,-32.91752],[151.51565,-32.94258],[151.52043,-32.95684],[151.51673,-32.96655],[151.51177,-32.9683],[151.50212,-32.96288],[151.49073,-32.97254],[151.47986,-32.96683],[151.46403,-32.96791],[151.44756,-32.99278],[151.43186,-32.99254],[151.41785,-33.00178],[151.40147,-33.00194],[151.39472,-33.00877],[151.38511,-33.00726],[151.38435,-33.02301],[151.37776,-33.02679],[151.37368,-33.03803],[151.36661,-33.04413],[151.34205,-33.04286],[151.33691,-33.0471],[151.33161,-33.06098],[151.333,-33.06906],[151.35597,-33.08081],[151.3567,-33.08981],[151.37306,-33.09489],[151.379,-33.09981],[151.38274,-33.10936],[151.37998,-33.12034],[151.38388,-33.12959],[151.38306,-33.13975],[151.38742,-33.14328],[151.38839,-33.15016],[151.39232,-33.15202],[151.39711,-33.16513],[151.3892,-33.16989],[151.40406,-33.17359],[151.40057,-33.17584],[151.39863,-33.18574],[151.41097,-33.18743],[151.41096,-33.19413],[151.41794,-33.19514],[151.41853,-33.19213],[151.43317,-33.1942],[151.43146,-33.19929],[151.43545,-33.19986],[151.4445,-33.19328],[151.44304,-33.20096],[151.45522,-33.20285],[151.46442,-33.19382],[151.49044,-33.18677],[151.51217,-33.19433],[151.51553,-33.18394],[151.52771,-33.17986],[151.52622,-33.17419],[151.52975,-33.16886],[151.52575,-33.15663],[151.5348,-33.13984],[151.57382,-33.11882],[151.56859,-33.08507],[151.61423,-33.08758],[151.63307,-33.06077],[151.61835,-33.01388],[151.62877,-32.97863],[151.64408,-32.97557],[151.63805,-32.97109],[151.64356,-32.9661],[151.65247,-32.96664],[151.65737,-32.93622],[151.64249,-32.93718],[151.63315,-32.92772],[151.63045,-32.93141],[151.61916,-32.9341],[151.60247,-32.92781],[151.59761,-32.93356],[151.59895,-32.93712],[151.58656,-32.93297],[151.58149,-32.93618],[151.56987,-32.93102],[151.57179,-32.92668],[151.5697,-32.92361],[151.5605,-32.93119],[151.54456,-32.92644]]]},"properties":{"districtname":"LAKE MACQUARIE","urbanity":"R"}},{"type":"Feature","geometry":{"type":"Polygon","coordinates":[[[150.87888,-33.6602],[150.8587,-33.64631],[150.83475,-33.65961],[150.83694,-33.66394],[150.84418,-33.66262],[150.84727,-33.66688],[150.8531,-33.66801],[150.85396,-33.67469],[150.85099,-33.67626],[150.85462,-33.68068],[150.85189,-33.68482],[150.86313,-33.68829],[150.86509,-33.69238],[150.85945,-33.69956],[150.86789,-33.71133],[150.86418,-33.71924],[150.86882,-33.72308],[150.86737,-33.72694],[150.87266,-33.7292],[150.87045,-33.7328],[150.9179,-33.73849],[150.92253,-33.72887],[150.93784,-33.72035],[150.92761,-33.69699],[150.91145,-33.67542],[150.89825,-33.66525],[150.87888,-33.6602]]]},"properties":{"districtname":"RIVERSTONE","urbanity":"R"}},{"type":"Feature","geometry":{"type":"Polygon","coordinates":[[[150.71073,-33.61436],[150.69953,-33.61227],[150.69352,-33.62058],[150.67988,-33.6265],[150.66637,-33.65361],[150.66772,-33.66581],[150.65927,-33.67248],[150.67599,-33.67332],[150.67771,-33.69042],[150.69599,-33.70508],[150.70266,-33.69825],[150.70932,-33.69915],[150.70835,-33.70374],[150.72368,-33.70572],[150.72243,-33.71232],[150.72617,-33.71777],[150.71817,-33.73251],[150.72553,-33.73347],[150.7247,-33.73712],[150.74094,-33.73982],[150.73855,-33.75422],[150.72805,-33.76053],[150.72365,-33.77294],[150.71466,-33.77365],[150.70362,-33.7856],[150.75911,-33.78309],[150.81132,-33.7913],[150.81006,-33.78383],[150.80339,-33.77711],[150.80204,-33.77005],[150.79269,-33.75842],[150.79303,-33.75347],[150.78403,-33.74178],[150.79735,-33.73256],[150.78193,-33.71967],[150.84539,-33.72855],[150.84403,-33.71769],[150.86548,-33.71631],[150.86789,-33.71133],[150.85936,-33.69872],[150.86508,-33.69233],[150.86187,-33.68689],[150.85189,-33.68482],[150.85462,-33.68068],[150.85099,-33.67626],[150.85396,-33.67469],[150.85319,-33.66814],[150.84727,-33.66688],[150.84418,-33.66262],[150.83689,-33.66391],[150.83508,-33.65791],[150.82712,-33.65726],[150.8135,-33.66745],[150.81424,-33.67265],[150.81916,-33.67532],[150.8123,-33.67754],[150.79658,-33.66038],[150.78214,-33.63751],[150.71073,-33.61436]]]},"properties":{"districtname":"LONDONDERRY","urbanity":"R"}},{"type":"Feature","geometry":{"type":"Polygon","coordinates":[[[146.90282,-34.82965],[146.86987,-34.82528],[146.8713,-34.8178],[146.8535,-34.8156],[146.85483,-34.80888],[146.84854,-34.8081],[146.84299,-34.83791],[146.84608,-34.84502],[146.83962,-34.86063],[146.83538,-34.86004],[146.82928,-34.87824],[146.83256,-34.88117],[146.84136,-34.88053],[146.84164,-34.88546],[146.83293,-34.89256],[146.8395,-34.89288],[146.84328,-34.89802],[146.84208,-34.9025],[146.7845,-34.92404],[146.77933,-34.93874],[146.77976,-34.94744],[146.79302,-34.95793],[146.79646,-34.96941],[146.80411,-34.9695],[146.80807,-34.98468],[146.79424,-35.05813],[146.79179,-35.05594],[146.78886,-35.07063],[146.78423,-35.07006],[146.77879,-35.09839],[146.7702,-35.09726],[146.77202,-35.08776],[146.76188,-35.07681],[146.68846,-35.06811],[146.65968,-35.0908],[146.64783,-35.09169],[146.62532,-35.10078],[146.61475,-35.11444],[146.60388,-35.11181],[146.6037,-35.11425],[146.59943,-35.11321],[146.59948,-35.11702],[146.59669,-35.11489],[146.56289,-35.11946],[146.45154,-35.19124],[146.45199,-35.18768],[146.44816,-35.1872],[146.44682,-35.1942],[146.38895,-35.23206],[146.38655,-35.24744],[146.41367,-35.25053],[146.40338,-35.30439],[146.39247,-35.30299],[146.38877,-35.32284],[146.37295,-35.32099],[146.36989,-35.33715],[146.36402,-35.33737],[146.35423,-35.38778],[146.36508,-35.38931],[146.37458,-35.40489],[146.3808,-35.40568],[146.3797,-35.41151],[146.39138,-35.42987],[146.39939,-35.43466],[146.43119,-35.47498],[146.43189,-35.47138],[146.5401,-35.48716],[146.53945,-35.49072],[146.55485,-35.49155],[146.5543,-35.49435],[146.56029,-35.49643],[146.66978,-35.52027],[146.66233,-35.54775],[146.67417,-35.54915],[146.67297,-35.55526],[146.79616,-35.57499],[146.79767,-35.56628],[146.87137,-35.57585],[146.87235,-35.57105],[146.88838,-35.57323],[146.89091,-35.56047],[146.90086,-35.56048],[146.91024,-35.55464],[146.91166,-35.54745],[146.9222,-35.54711],[146.95372,-35.52792],[146.95547,-35.52306],[146.96215,-35.52387],[146.97077,-35.51942],[146.97969,-35.52231],[146.9819,-35.51563],[146.99119,-35.51683],[146.99391,-35.48927],[147.01661,-35.49387],[147.04018,-35.48419],[147.05176,-35.47031],[147.07125,-35.46059],[147.07023,-35.45295],[147.08735,-35.45045],[147.09861,-35.45436],[147.10526,-35.45273],[147.11024,-35.45594],[147.12182,-35.4562],[147.12653,-35.46462],[147.13241,-35.46789],[147.1578,-35.46915],[147.16625,-35.45682],[147.1716,-35.45488],[147.17494,-35.45708],[147.18498,-35.44846],[147.1941,-35.45469],[147.19232,-35.46209],[147.19546,-35.46608],[147.21102,-35.47272],[147.21734,-35.47096],[147.22643,-35.47367],[147.23256,-35.46946],[147.23789,-35.47049],[147.24676,-35.4881],[147.25148,-35.49108],[147.2632,-35.48854],[147.26644,-35.49213],[147.28009,-35.49387],[147.28356,-35.5003],[147.29389,-35.50129],[147.29738,-35.49574],[147.30303,-35.49558],[147.30549,-35.4993],[147.32812,-35.50405],[147.33354,-35.50948],[147.36381,-35.51386],[147.37898,-35.52574],[147.37801,-35.53086],[147.3881,-35.53196],[147.38449,-35.53554],[147.38795,-35.53886],[147.38233,-35.55091],[147.38669,-35.55538],[147.38501,-35.55923],[147.39151,-35.56361],[147.40379,-35.54478],[147.41902,-35.53359],[147.42402,-35.53471],[147.42717,-35.53951],[147.43822,-35.5374],[147.4446,-35.5301],[147.45628,-35.53094],[147.46745,-35.53922],[147.48826,-35.54564],[147.49528,-35.52998],[147.50045,-35.52847],[147.50174,-35.52208],[147.49824,-35.51376],[147.50017,-35.50874],[147.51815,-35.49695],[147.51943,-35.49382],[147.51478,-35.48862],[147.52204,-35.48211],[147.52739,-35.48439],[147.5285,-35.49083],[147.55333,-35.49859],[147.5566,-35.50571],[147.56855,-35.51032],[147.5692,-35.51583],[147.58132,-35.51553],[147.58864,-35.5243],[147.59283,-35.52349],[147.59436,-35.5271],[147.60022,-35.52883],[147.60896,-35.54019],[147.63098,-35.54716],[147.6503,-35.5388],[147.66819,-35.54675],[147.68119,-35.55666],[147.6856,-35.53418],[147.73829,-35.54107],[147.74154,-35.53707],[147.73692,-35.53101],[147.75572,-35.53345],[147.75439,-35.5446],[147.78926,-35.55155],[147.79244,-35.54726],[147.79435,-35.55057],[147.8068,-35.55219],[147.80736,-35.54943],[147.81213,-35.54941],[147.8454,-35.55459],[147.84731,-35.54488],[147.86217,-35.54686],[147.86334,-35.54065],[147.8929,-35.54433],[147.8912,-35.5533],[147.91152,-35.55585],[147.91706,-35.5606],[147.92107,-35.55895],[147.91898,-35.56759],[147.95658,-35.57181],[147.96474,-35.56815],[147.97496,-35.57277],[147.98989,-35.56792],[147.99058,-35.57114],[148.00754,-35.57467],[148.0129,-35.56689],[148.01764,-35.56594],[148.01748,-35.56879],[148.0258,-35.56504],[148.03971,-35.56484],[148.04527,-35.55998],[148.05751,-35.5608],[148.05867,-35.55849],[148.09239,-35.56239],[148.08811,-35.5731],[148.09211,-35.58464],[148.08831,-35.59261],[148.09304,-35.59781],[148.09402,-35.60576],[148.09061,-35.61186],[148.09459,-35.6122],[148.09845,-35.60356],[148.10511,-35.60169],[148.11105,-35.60143],[148.11825,-35.60606],[148.13292,-35.60135],[148.13573,-35.61282],[148.14102,-35.61888],[148.13971,-35.63064],[148.14827,-35.64705],[148.13989,-35.64661],[148.14188,-35.65498],[148.13652,-35.65814],[148.14522,-35.66786],[148.14258,-35.67953],[148.15373,-35.68469],[148.15425,-35.69138],[148.17787,-35.69125],[148.18126,-35.69755],[148.19014,-35.69703],[148.19593,-35.70511],[148.20571,-35.70754],[148.20518,-35.72159],[148.21522,-35.72769],[148.21618,-35.72326],[148.22326,-35.72424],[148.23356,-35.72051],[148.24297,-35.71087],[148.26936,-35.71731],[148.26478,-35.71438],[148.26835,-35.70077],[148.25756,-35.69153],[148.27479,-35.69416],[148.27292,-35.70311],[148.2826,-35.70453],[148.28606,-35.68803],[148.29744,-35.68254],[148.32117,-35.67904],[148.3216,-35.6873],[148.31755,-35.69078],[148.32276,-35.6952],[148.31854,-35.70227],[148.32605,-35.70508],[148.32506,-35.71017],[148.33381,-35.71545],[148.32417,-35.72296],[148.33407,-35.71968],[148.3411,-35.72971],[148.33599,-35.7438],[148.34377,-35.74398],[148.34239,-35.75185],[148.3533,-35.75308],[148.35108,-35.75637],[148.35532,-35.76207],[148.35701,-35.75934],[148.36698,-35.76081],[148.36824,-35.76789],[148.38175,-35.77348],[148.38164,-35.77791],[148.38683,-35.78364],[148.3996,-35.78703],[148.40483,-35.79045],[148.40441,-35.7943],[148.41558,-35.79458],[148.42143,-35.80278],[148.42092,-35.8117],[148.42342,-35.80817],[148.44021,-35.81264],[148.44496,-35.80483],[148.4577,-35.81349],[148.46891,-35.81599],[148.47889,-35.79361],[148.49433,-35.77957],[148.5035,-35.77802],[148.5075,-35.76257],[148.51632,-35.75517],[148.52344,-35.74234],[148.52824,-35.7237],[148.54747,-35.71349],[148.54934,-35.70552],[148.55315,-35.70633],[148.55,-35.69851],[148.55167,-35.69251],[148.55413,-35.69092],[148.55534,-35.69334],[148.55741,-35.68948],[148.56242,-35.69184],[148.56715,-35.68814],[148.55741,-35.6814],[148.5711,-35.67874],[148.56664,-35.67256],[148.57028,-35.6674],[148.56664,-35.66555],[148.58077,-35.66052],[148.57716,-35.65277],[148.58058,-35.6501],[148.58039,-35.63945],[148.58623,-35.63277],[148.57998,-35.62657],[148.58006,-35.6218],[148.5901,-35.61671],[148.60502,-35.61496],[148.61461,-35.61844],[148.61272,-35.62387],[148.61881,-35.63283],[148.64471,-35.65265],[148.66796,-35.66047],[148.67701,-35.65634],[148.69837,-35.66024],[148.7066,-35.66561],[148.71997,-35.66738],[148.74434,-35.68595],[148.75122,-35.68556],[148.75779,-35.6995],[148.76689,-35.70322],[148.78203,-35.73663],[148.79408,-35.724],[148.79982,-35.72561],[148.80186,-35.72275],[148.80415,-35.71401],[148.79629,-35.70934],[148.78845,-35.69779],[148.79751,-35.68041],[148.79845,-35.66658],[148.79056,-35.65931],[148.77351,-35.65549],[148.77283,-35.65003],[148.7675,-35.6474],[148.77137,-35.64585],[148.77086,-35.64002],[148.78345,-35.6285],[148.77963,-35.62373],[148.77907,-35.61479],[148.76844,-35.60329],[148.7832,-35.59539],[148.78878,-35.58833],[148.77295,-35.56778],[148.77853,-35.56352],[148.77795,-35.55851],[148.76941,-35.54368],[148.77225,-35.52984],[148.76798,-35.52497],[148.76606,-35.51089],[148.76833,-35.50826],[148.7628,-35.49549],[148.76519,-35.49088],[148.77439,-35.48613],[148.76675,-35.46717],[148.77288,-35.46238],[148.77599,-35.45487],[148.77302,-35.44948],[148.77485,-35.44182],[148.78892,-35.42648],[148.79016,-35.41564],[148.7858,-35.4089],[148.79598,-35.40662],[148.79569,-35.39299],[148.80867,-35.38244],[148.80407,-35.37619],[148.8057,-35.36514],[148.7967,-35.3584],[148.7993,-35.35036],[148.79355,-35.33911],[148.80172,-35.32916],[148.80373,-35.31676],[148.76388,-35.31692],[148.7672,-35.27357],[148.75204,-35.26353],[148.75311,-35.25785],[148.67896,-35.24865],[148.67803,-35.25326],[148.61662,-35.24495],[148.61578,-35.249],[148.54422,-35.23933],[148.54921,-35.23158],[148.5475,-35.22692],[148.56532,-35.22035],[148.57038,-35.21105],[148.57052,-35.20294],[148.581,-35.19497],[148.57693,-35.17915],[148.58229,-35.16785],[148.57903,-35.15978],[148.58209,-35.1517],[148.57077,-35.15014],[148.5483,-35.13216],[148.54183,-35.13535],[148.52483,-35.12392],[148.52893,-35.1011],[148.52419,-35.10004],[148.5247,-35.0879],[148.46923,-35.08013],[148.46772,-35.08822],[148.47192,-35.08876],[148.46637,-35.11742],[148.46246,-35.11694],[148.45951,-35.12832],[148.45684,-35.15451],[148.42271,-35.1643],[148.41586,-35.16234],[148.41191,-35.15603],[148.41369,-35.15299],[148.39469,-35.1505],[148.39683,-35.13988],[148.38955,-35.14155],[148.34759,-35.13707],[148.34705,-35.13987],[148.34152,-35.13922],[148.34189,-35.14185],[148.33357,-35.13831],[148.3343,-35.13475],[148.3303,-35.13239],[148.31418,-35.13233],[148.31485,-35.12902],[148.31032,-35.1265],[148.29314,-35.12538],[148.29293,-35.12236],[148.28321,-35.12113],[148.28377,-35.11823],[148.26188,-35.1171],[148.25674,-35.11983],[148.22744,-35.11194],[148.21566,-35.1104],[148.21513,-35.11297],[148.20886,-35.11323],[148.19982,-35.11087],[148.199,-35.11878],[148.20658,-35.12176],[148.20609,-35.12862],[148.21179,-35.14374],[148.21666,-35.14803],[148.21432,-35.15448],[148.21634,-35.1579],[148.22211,-35.15829],[148.22366,-35.16311],[148.20634,-35.17099],[148.19753,-35.17072],[148.19673,-35.17495],[148.19177,-35.17353],[148.19148,-35.17877],[148.18356,-35.18483],[148.18646,-35.18649],[148.18384,-35.18936],[148.16441,-35.1936],[148.16012,-35.19285],[148.16137,-35.18678],[148.15777,-35.18628],[148.15548,-35.19727],[148.14955,-35.19783],[148.1222,-35.18997],[148.11979,-35.20255],[148.1125,-35.20161],[148.11201,-35.20383],[148.08716,-35.19891],[148.08785,-35.19542],[148.08258,-35.19471],[148.07743,-35.20036],[148.06445,-35.19858],[148.0593,-35.20087],[148.03892,-35.19887],[148.03777,-35.1941],[148.03263,-35.19666],[148.01418,-35.19155],[148.01355,-35.19531],[147.99682,-35.19389],[147.96174,-35.18735],[147.96623,-35.1975],[147.9758,-35.20368],[147.97778,-35.20894],[147.97416,-35.213],[147.96655,-35.21202],[147.96552,-35.21788],[147.96105,-35.21733],[147.95863,-35.22905],[147.93496,-35.2259],[147.93406,-35.23113],[147.92825,-35.23079],[147.92781,-35.23322],[147.89734,-35.23103],[147.89406,-35.23953],[147.90019,-35.24171],[147.89915,-35.24481],[147.89425,-35.24774],[147.89155,-35.25861],[147.88384,-35.25966],[147.87958,-35.26817],[147.88429,-35.27764],[147.87351,-35.27833],[147.87211,-35.28213],[147.86341,-35.28095],[147.85479,-35.27801],[147.85584,-35.26627],[147.85213,-35.25961],[147.84136,-35.25694],[147.83673,-35.24394],[147.84029,-35.2381],[147.83355,-35.22616],[147.83407,-35.22162],[147.8105,-35.2155],[147.79569,-35.2029],[147.79514,-35.19922],[147.78846,-35.19887],[147.77708,-35.18544],[147.77161,-35.18452],[147.76205,-35.14755],[147.76689,-35.13531],[147.75387,-35.12946],[147.75102,-35.1253],[147.75274,-35.117],[147.73575,-35.11007],[147.73676,-35.09583],[147.73325,-35.09189],[147.70454,-35.09284],[147.69362,-35.09139],[147.69489,-35.08899],[147.69121,-35.08567],[147.68647,-35.08595],[147.69238,-35.05593],[147.65678,-35.05369],[147.65758,-35.05019],[147.64605,-35.04935],[147.64715,-35.04335],[147.6426,-35.04277],[147.64392,-35.03566],[147.63513,-35.0345],[147.63765,-35.01831],[147.63093,-35.01743],[147.63347,-35.00367],[147.59909,-34.99767],[147.60038,-34.98675],[147.5532,-34.98073],[147.55547,-34.97673],[147.44462,-34.96438],[147.43113,-34.97539],[147.42444,-34.9699],[147.41425,-34.96844],[147.41601,-34.95872],[147.41381,-34.95629],[147.35959,-34.95072],[147.36039,-34.94645],[147.34606,-34.94461],[147.3459,-34.9529],[147.31719,-34.94938],[147.31345,-34.94495],[147.32217,-34.94609],[147.32475,-34.9374],[147.31564,-34.93661],[147.31772,-34.92485],[147.3127,-34.9242],[147.31601,-34.90648],[147.22696,-34.89292],[147.22579,-34.89935],[147.09046,-34.88053],[147.09745,-34.84363],[147.09009,-34.84269],[147.09351,-34.82458],[147.08473,-34.8236],[147.08074,-34.84537],[146.9593,-34.82942],[146.95672,-34.84379],[146.95131,-34.84314],[146.95406,-34.82881],[146.90543,-34.82278],[146.90282,-34.82965]]]},"properties":{"districtname":"WAGGA WAGGA","urbanity":"R"}},{"type":"Feature","geometry":{"type":"MultiPolygon","coordinates":[[[[152.96998,-31.3125],[152.86446,-31.29589],[152.86417,-31.28771],[152.85243,-31.28596],[152.85268,-31.29234],[152.83268,-31.31007],[152.83332,-31.31545],[152.84355,-31.31828],[152.83378,-31.3387],[152.83609,-31.36194],[152.83966,-31.36412],[152.8544,-31.35751],[152.85992,-31.36678],[152.85071,-31.37517],[152.84663,-31.37466],[152.84627,-31.3695],[152.84215,-31.3667],[152.83767,-31.36771],[152.83569,-31.37199],[152.83788,-31.37807],[152.85135,-31.3815],[152.85493,-31.4032],[152.83382,-31.40328],[152.81191,-31.41573],[152.80322,-31.41298],[152.79723,-31.4039],[152.79011,-31.40024],[152.77882,-31.39999],[152.77364,-31.40377],[152.77489,-31.42932],[152.76901,-31.42904],[152.7661,-31.42493],[152.756,-31.42711],[152.75626,-31.43156],[152.76586,-31.43565],[152.75598,-31.45008],[152.76702,-31.45762],[152.76197,-31.46219],[152.77276,-31.46737],[152.77933,-31.46831],[152.78578,-31.46287],[152.7814,-31.48578],[152.75942,-31.48292],[152.75726,-31.49519],[152.76562,-31.49628],[152.76427,-31.50394],[152.75869,-31.50541],[152.76165,-31.51879],[152.75328,-31.52275],[152.74026,-31.51823],[152.7315,-31.51897],[152.73544,-31.52549],[152.7335,-31.53244],[152.72645,-31.53959],[152.71981,-31.53011],[152.71551,-31.52925],[152.71078,-31.51834],[152.69582,-31.51622],[152.69381,-31.51047],[152.69763,-31.50708],[152.69229,-31.50286],[152.67844,-31.50728],[152.68129,-31.50995],[152.67691,-31.51106],[152.68052,-31.51317],[152.6647,-31.51058],[152.65079,-31.51323],[152.6499,-31.51778],[152.65722,-31.51882],[152.65394,-31.52032],[152.65641,-31.53313],[152.64215,-31.53811],[152.6324,-31.5362],[152.62523,-31.54166],[152.61515,-31.53959],[152.60534,-31.543],[152.60757,-31.55105],[152.60513,-31.55208],[152.60537,-31.56216],[152.59896,-31.56411],[152.58963,-31.55733],[152.57433,-31.56799],[152.55368,-31.5676],[152.54954,-31.58099],[152.56124,-31.60014],[152.5539,-31.61154],[152.54553,-31.61452],[152.5422,-31.61199],[152.53953,-31.61659],[152.53302,-31.61292],[152.52548,-31.61934],[152.52127,-31.63407],[152.52895,-31.64428],[152.52138,-31.64399],[152.51438,-31.63567],[152.50334,-31.63716],[152.49951,-31.65641],[152.50172,-31.6609],[152.51489,-31.66279],[152.51284,-31.67263],[152.51586,-31.67312],[152.5086,-31.6781],[152.50994,-31.68162],[152.50544,-31.69403],[152.50896,-31.70496],[152.49949,-31.7158],[152.50341,-31.7163],[152.50358,-31.7216],[152.51518,-31.72561],[152.52246,-31.74196],[152.53587,-31.7445],[152.54369,-31.74985],[152.53733,-31.75436],[152.54011,-31.76842],[152.54941,-31.76969],[152.54829,-31.77556],[152.55518,-31.77685],[152.56327,-31.80007],[152.5677,-31.79756],[152.5792,-31.79964],[152.58545,-31.81564],[152.58144,-31.82402],[152.58555,-31.83029],[152.60344,-31.82969],[152.60886,-31.83455],[152.61338,-31.84709],[152.61024,-31.85131],[152.61458,-31.85728],[152.61458,-31.86365],[152.62298,-31.86586],[152.62228,-31.87518],[152.6299,-31.88278],[152.64816,-31.88437],[152.6577,-31.89109],[152.66555,-31.89025],[152.68824,-31.87494],[152.70215,-31.87636],[152.72535,-31.85695],[152.74772,-31.84555],[152.75453,-31.84506],[152.75102,-31.83803],[152.74431,-31.84192],[152.7373,-31.83677],[152.73353,-31.82536],[152.73564,-31.81335],[152.757,-31.7774],[152.80518,-31.72936],[152.80501,-31.72384],[152.79521,-31.71616],[152.79326,-31.70914],[152.80559,-31.68162],[152.83409,-31.65037],[152.84952,-31.64143],[152.83944,-31.64033],[152.83392,-31.62942],[152.83927,-31.61137],[152.84838,-31.60159],[152.83988,-31.58863],[152.84531,-31.5729],[152.8752,-31.53138],[152.93095,-31.47808],[152.93787,-31.47608],[152.93411,-31.46704],[152.93722,-31.4592],[152.93176,-31.45292],[152.93372,-31.44772],[152.92661,-31.44246],[152.9241,-31.4301],[152.9146,-31.42415],[152.91486,-31.41061],[152.92316,-31.3862],[152.93878,-31.35952],[152.95845,-31.33329],[152.96939,-31.32233],[152.9729,-31.32321],[152.97182,-31.32017],[152.97637,-31.31383],[152.96998,-31.3125]]],[[[159.06472,-31.50981],[159.05894,-31.51262],[159.04342,-31.51189],[159.04348,-31.51461],[159.03794,-31.51215],[159.03688,-31.51689],[159.0393,-31.52272],[159.04518,-31.51715],[159.05141,-31.52331],[159.05379,-31.51925],[159.05697,-31.51976],[159.07705,-31.54309],[159.07439,-31.54796],[159.07562,-31.56921],[159.06892,-31.57798],[159.06665,-31.58837],[159.06865,-31.59559],[159.07358,-31.59779],[159.08975,-31.58057],[159.09422,-31.57096],[159.09963,-31.57335],[159.09549,-31.56864],[159.09879,-31.56671],[159.09774,-31.56426],[159.10259,-31.56617],[159.10544,-31.56387],[159.10157,-31.56251],[159.10418,-31.5581],[159.09792,-31.55917],[159.09497,-31.55424],[159.09771,-31.55215],[159.0924,-31.54681],[159.09466,-31.54502],[159.08768,-31.54518],[159.08188,-31.53978],[159.08107,-31.52666],[159.07508,-31.52694],[159.07252,-31.51789],[159.06377,-31.51737],[159.06472,-31.50981]]],[[[159.06969,-31.4977],[159.06554,-31.49753],[159.06999,-31.5023],[159.06969,-31.4977]]],[[[159.10859,-31.54002],[159.10643,-31.54017],[159.10648,-31.54177],[159.10859,-31.54002]]],[[[159.05969,-31.53426],[159.0582,-31.5349],[159.06109,-31.53497],[159.05969,-31.53426]]],[[[159.07081,-31.49634],[159.07056,-31.49402],[159.0697,-31.49598],[159.07081,-31.49634]]],[[[159.07386,-31.50179],[159.07202,-31.5024],[159.07333,-31.50259],[159.07386,-31.50179]]],[[[159.07298,-31.59957],[159.07254,-31.59875],[159.07128,-31.59904],[159.07298,-31.59957]]],[[[159.06815,-31.50484],[159.06877,-31.50423],[159.06793,-31.50362],[159.06815,-31.50484]]],[[[159.07132,-31.48681],[159.07056,-31.48834],[159.07192,-31.48724],[159.07132,-31.48681]]],[[[159.06276,-31.50844],[159.06256,-31.50913],[159.0637,-31.50898],[159.06276,-31.50844]]],[[[159.06495,-31.50173],[159.06412,-31.5011],[159.06419,-31.5016],[159.06495,-31.50173]]],[[[159.10583,-31.5398],[159.10536,-31.54006],[159.10566,-31.54074],[159.10583,-31.5398]]],[[[152.92336,-31.42957],[152.92342,-31.42904],[152.92309,-31.42944],[152.92336,-31.42957]]],[[[152.93517,-31.4466],[152.93523,-31.4464],[152.93485,-31.4463],[152.93517,-31.4466]]],[[[152.93168,-31.43295],[152.93154,-31.43269],[152.93136,-31.43275],[152.93168,-31.43295]]],[[[152.92133,-31.42901],[152.92139,-31.42879],[152.9211,-31.42872],[152.92133,-31.42901]]]]},"properties":{"districtname":"PORT MACQUARIE","urbanity":"R"}},{"type":"Feature","geometry":{"type":"MultiPolygon","coordinates":[[[[152.15229,-31.44461],[152.14739,-31.44271],[152.1507,-31.46838],[152.16569,-31.50005],[152.16408,-31.51713],[152.08576,-31.50724],[152.0838,-31.50048],[151.91278,-31.47669],[151.91044,-31.4817],[151.91528,-31.48374],[151.9092,-31.48774],[151.91236,-31.48771],[151.91168,-31.49157],[151.91478,-31.49384],[151.91079,-31.50041],[151.91893,-31.50707],[151.91588,-31.51002],[151.8446,-31.49938],[151.84276,-31.50903],[151.80261,-31.50503],[151.78946,-31.51508],[151.76158,-31.51117],[151.76071,-31.51541],[151.75335,-31.5143],[151.75664,-31.52024],[151.75375,-31.52437],[151.76391,-31.54093],[151.78661,-31.5478],[151.78825,-31.55988],[151.80043,-31.56761],[151.8025,-31.57385],[151.78319,-31.58564],[151.79474,-31.59602],[151.79556,-31.60055],[151.80776,-31.60674],[151.80719,-31.60934],[151.8193,-31.61233],[151.81648,-31.61928],[151.82061,-31.62074],[151.82433,-31.62782],[151.8183,-31.63143],[151.81923,-31.63406],[151.82532,-31.63411],[151.83483,-31.64445],[151.8431,-31.64464],[151.84606,-31.64884],[151.84387,-31.65121],[151.85054,-31.65149],[151.85239,-31.65659],[151.85731,-31.65368],[151.86504,-31.65915],[151.87216,-31.6589],[151.87437,-31.66516],[151.87954,-31.66337],[151.88115,-31.65642],[151.89348,-31.66563],[151.90561,-31.66725],[151.90611,-31.67299],[151.90973,-31.67025],[151.91544,-31.67312],[151.91865,-31.6714],[151.92881,-31.67972],[151.92678,-31.68386],[151.93432,-31.68248],[151.93614,-31.68856],[151.94675,-31.69289],[151.95398,-31.68541],[151.95499,-31.69442],[151.96113,-31.69169],[151.96432,-31.6981],[151.96734,-31.69356],[151.97423,-31.69456],[151.97828,-31.69148],[151.96657,-31.75106],[151.96096,-31.74783],[151.95904,-31.75725],[151.95589,-31.754],[151.94923,-31.756],[151.94706,-31.77854],[151.94333,-31.78044],[151.94755,-31.78101],[151.94403,-31.80161],[151.94574,-31.80581],[151.95512,-31.80823],[151.96526,-31.8035],[151.97978,-31.8066],[151.98453,-31.82285],[152.00279,-31.82189],[152.00803,-31.8345],[152.01547,-31.82965],[152.02639,-31.82841],[152.02615,-31.83566],[152.03395,-31.84396],[152.04132,-31.83811],[152.05102,-31.84154],[152.06935,-31.84045],[152.07067,-31.83794],[152.06481,-31.83241],[152.06549,-31.82747],[152.07735,-31.82678],[152.08308,-31.84034],[152.09729,-31.83812],[152.1002,-31.85105],[152.11345,-31.85521],[152.11988,-31.87056],[152.13011,-31.87047],[152.13726,-31.88335],[152.14945,-31.8813],[152.14758,-31.88626],[152.14139,-31.88997],[152.14231,-31.89516],[152.12903,-31.89965],[152.13801,-31.90842],[152.14489,-31.92545],[152.14195,-31.94144],[152.14505,-31.94521],[152.13984,-31.94856],[152.14249,-31.95167],[152.13862,-31.95686],[152.14409,-31.96677],[152.13894,-31.96918],[152.08999,-32.20517],[152.09572,-32.2101],[152.09438,-32.21345],[152.10158,-32.22903],[152.10238,-32.24388],[152.114,-32.25312],[152.12059,-32.26758],[152.1155,-32.27327],[152.11988,-32.28391],[152.07492,-32.27775],[152.05214,-32.38534],[152.0631,-32.40148],[152.07229,-32.40641],[152.07285,-32.41449],[152.07949,-32.42349],[152.09745,-32.42701],[152.10415,-32.43836],[152.12111,-32.45278],[152.12217,-32.45727],[152.11598,-32.46507],[152.11828,-32.46891],[152.11395,-32.47408],[152.10712,-32.47095],[152.10083,-32.50597],[152.12053,-32.50883],[152.11935,-32.52448],[152.11379,-32.5359],[152.14638,-32.54209],[152.16528,-32.54238],[152.20216,-32.52159],[152.20743,-32.52162],[152.21045,-32.54268],[152.21972,-32.54593],[152.22624,-32.53995],[152.22628,-32.53227],[152.23805,-32.53172],[152.23527,-32.53682],[152.23853,-32.54089],[152.24606,-32.54086],[152.25076,-32.5464],[152.25973,-32.5459],[152.26453,-32.55352],[152.26389,-32.55802],[152.27313,-32.5659],[152.23733,-32.58245],[152.23607,-32.58753],[152.25662,-32.58521],[152.27457,-32.5878],[152.28428,-32.58192],[152.29196,-32.58297],[152.31114,-32.54907],[152.33479,-32.52794],[152.36194,-32.51057],[152.44513,-32.47211],[152.49172,-32.45775],[152.51735,-32.45235],[152.52001,-32.45498],[152.52097,-32.44664],[152.53957,-32.4429],[152.53723,-32.43353],[152.52945,-32.43455],[152.52044,-32.42872],[152.51651,-32.40895],[152.5244,-32.38559],[152.53377,-32.37938],[152.5302,-32.37056],[152.53491,-32.35577],[152.54443,-32.34899],[152.54146,-32.34361],[152.55171,-32.33474],[152.54606,-32.32748],[152.53695,-32.3292],[152.52936,-32.31938],[152.53043,-32.31645],[152.52287,-32.31198],[152.52341,-32.29688],[152.52613,-32.28196],[152.53546,-32.26119],[152.552,-32.2391],[152.56648,-32.22964],[152.5678,-32.2245],[152.56539,-32.22236],[152.57117,-32.21568],[152.55996,-32.20665],[152.54393,-32.202],[152.54156,-32.19527],[152.53779,-32.19426],[152.53616,-32.18262],[152.51389,-32.17796],[152.50865,-32.17238],[152.50585,-32.15699],[152.50905,-32.12902],[152.52322,-32.09813],[152.53659,-32.0843],[152.54632,-32.08099],[152.54884,-32.07173],[152.5434,-32.06721],[152.548,-32.05779],[152.5415,-32.04761],[152.54303,-32.03838],[152.55618,-32.01751],[152.56537,-32.01021],[152.56966,-32.01028],[152.56593,-32.005],[152.57711,-31.9874],[152.63018,-31.92559],[152.66897,-31.89414],[152.69686,-31.87739],[152.68824,-31.87494],[152.67,-31.88838],[152.66089,-31.89128],[152.64789,-31.88429],[152.63121,-31.88346],[152.62237,-31.87539],[152.62298,-31.86586],[152.61458,-31.86365],[152.61458,-31.85728],[152.61024,-31.85131],[152.61338,-31.84709],[152.60886,-31.83455],[152.60359,-31.82972],[152.59458,-31.83197],[152.58476,-31.82949],[152.58144,-31.82402],[152.58545,-31.81564],[152.5792,-31.79964],[152.5677,-31.79756],[152.56327,-31.80007],[152.55518,-31.77685],[152.54829,-31.77556],[152.54941,-31.76969],[152.54011,-31.76842],[152.53733,-31.75436],[152.54369,-31.74985],[152.53587,-31.7445],[152.52246,-31.74196],[152.51518,-31.72561],[152.50358,-31.7216],[152.50341,-31.7163],[152.49949,-31.7158],[152.50896,-31.70496],[152.50544,-31.69403],[152.50994,-31.68162],[152.5086,-31.6781],[152.51586,-31.67312],[152.51284,-31.67263],[152.51489,-31.66279],[152.50172,-31.6609],[152.49951,-31.65641],[152.50334,-31.63716],[152.49041,-31.64052],[152.47957,-31.63893],[152.47445,-31.64239],[152.46497,-31.64047],[152.4605,-31.64724],[152.45035,-31.64522],[152.44514,-31.64788],[152.44428,-31.65189],[152.43935,-31.65282],[152.42009,-31.64592],[152.41907,-31.65385],[152.40846,-31.65883],[152.40722,-31.66819],[152.39175,-31.66497],[152.39494,-31.65584],[152.38551,-31.65454],[152.38612,-31.65142],[152.38221,-31.64995],[152.3706,-31.64967],[152.36202,-31.65345],[152.35271,-31.65161],[152.35043,-31.64986],[152.35613,-31.62499],[152.34704,-31.62368],[152.34843,-31.6163],[152.33519,-31.61441],[152.33339,-31.62317],[152.32334,-31.62203],[152.31173,-31.62726],[152.30837,-31.62467],[152.31292,-31.62331],[152.31189,-31.61965],[152.31743,-31.61187],[152.31755,-31.60159],[152.32339,-31.60045],[152.32934,-31.59353],[152.32823,-31.58863],[152.33605,-31.58326],[152.34391,-31.5838],[152.34926,-31.57631],[152.34101,-31.57416],[152.34328,-31.57032],[152.33829,-31.56865],[152.34248,-31.56603],[152.3424,-31.55768],[152.33269,-31.55522],[152.34258,-31.55128],[152.33152,-31.53975],[152.33613,-31.53409],[152.3452,-31.53044],[152.3417,-31.52844],[152.34281,-31.52498],[152.33174,-31.52472],[152.33475,-31.51551],[152.32113,-31.51217],[152.30559,-31.51291],[152.29621,-31.52435],[152.28927,-31.51896],[152.28129,-31.52408],[152.27872,-31.52105],[152.2813,-31.51745],[152.27397,-31.50711],[152.27108,-31.50705],[152.27122,-31.49903],[152.26549,-31.49203],[152.25477,-31.48716],[152.2515,-31.48962],[152.25368,-31.4916],[152.2507,-31.49809],[152.245,-31.50425],[152.24091,-31.50307],[152.23766,-31.50876],[152.21751,-31.50729],[152.21379,-31.51425],[152.21704,-31.51878],[152.20973,-31.52935],[152.21321,-31.53334],[152.20558,-31.54002],[152.19824,-31.53818],[152.19085,-31.52705],[152.17824,-31.51928],[152.18219,-31.50824],[152.18313,-31.4904],[152.18856,-31.48206],[152.18753,-31.47847],[152.1798,-31.47673],[152.17599,-31.47245],[152.17697,-31.4565],[152.16276,-31.44516],[152.15229,-31.44461]]],[[[152.55268,-32.46375],[152.55355,-32.46331],[152.55326,-32.46197],[152.55268,-32.46375]]],[[[152.5426,-32.44788],[152.5427,-32.44729],[152.54142,-32.44702],[152.5426,-32.44788]]]]},"properties":{"districtname":"MYALL LAKES","urbanity":"R"}},{"type":"Feature","geometry":{"type":"Polygon","coordinates":[[[151.24057,-33.85951],[151.23284,-33.85572],[151.19594,-33.84977],[151.19415,-33.85374],[151.19841,-33.86028],[151.19219,-33.86156],[151.18588,-33.86851],[151.19691,-33.87485],[151.2022,-33.88398],[151.20838,-33.88299],[151.20183,-33.8891],[151.21679,-33.89208],[151.21429,-33.90382],[151.22328,-33.90463],[151.22266,-33.90152],[151.23111,-33.90633],[151.24159,-33.90273],[151.24204,-33.89019],[151.23193,-33.88849],[151.23649,-33.88653],[151.23741,-33.88243],[151.22927,-33.8763],[151.23254,-33.86703],[151.24057,-33.85951]]]},"properties":{"districtname":"SYDNEY","urbanity":"U"}},{"type":"Feature","geometry":{"type":"Polygon","coordinates":[[[151.1842,-33.84454],[151.17848,-33.84522],[151.14999,-33.8674],[151.14496,-33.88972],[151.2022,-33.88398],[151.19691,-33.87485],[151.18588,-33.86851],[151.19219,-33.86156],[151.19841,-33.86028],[151.19415,-33.85374],[151.19594,-33.84977],[151.1842,-33.84454]]]},"properties":{"districtname":"BALMAIN","urbanity":"R"}},{"type":"Feature","geometry":{"type":"Polygon","coordinates":[[[145.34428,-32.68247],[145.25729,-32.67124],[145.24938,-32.72438],[145.165,-32.71482],[145.12726,-32.95467],[145.11884,-32.95369],[145.10756,-33.0337],[145.02771,-33.02191],[145.02699,-33.02633],[145.01027,-33.02444],[145.00798,-33.03553],[144.99174,-33.03365],[144.99356,-33.02251],[144.98489,-33.02155],[144.98436,-33.02585],[144.98755,-33.02635],[144.98231,-33.06331],[144.98645,-33.06666],[144.98592,-33.07051],[144.98093,-33.07303],[144.97941,-33.08378],[144.96351,-33.08198],[144.96279,-33.08728],[144.94115,-33.08476],[144.94232,-33.07829],[144.90887,-33.07443],[144.91308,-33.04912],[144.79824,-33.03621],[144.77798,-33.16345],[144.77578,-33.15798],[144.77227,-33.15739],[144.76949,-33.16165],[144.76429,-33.16015],[144.76241,-33.16322],[144.7572,-33.15236],[144.7526,-33.1553],[144.75236,-33.16105],[144.74732,-33.16178],[144.74967,-33.17095],[144.74199,-33.17086],[144.74387,-33.17327],[144.73338,-33.23174],[144.64569,-33.22234],[144.64265,-33.24111],[144.61223,-33.23779],[144.60926,-33.25647],[144.59744,-33.25519],[144.59514,-33.27008],[144.57993,-33.26842],[144.57751,-33.2885],[144.54948,-33.28565],[144.54741,-33.30006],[144.49088,-33.29301],[144.48848,-33.3005],[144.4717,-33.29898],[144.47161,-33.29121],[144.43321,-33.2879],[144.43297,-33.28043],[144.4157,-33.2792],[144.41384,-33.28645],[144.26241,-33.27382],[144.26406,-33.26382],[144.27745,-33.25521],[144.26825,-33.24518],[144.24932,-33.25215],[144.23637,-33.25076],[144.25125,-33.15621],[143.90591,-33.11569],[143.8982,-33.16138],[143.83903,-33.15458],[143.81667,-33.13743],[143.78988,-33.14885],[143.72096,-33.14044],[143.71946,-33.14909],[143.71481,-33.1546],[143.67311,-33.17052],[143.66533,-33.17907],[143.64715,-33.1584],[143.63622,-33.15724],[143.63732,-33.14989],[143.55204,-33.14042],[143.5719,-33.01199],[143.60207,-33.00655],[143.6537,-33.01211],[143.66154,-32.95528],[143.67181,-32.94075],[143.58507,-32.93111],[143.59264,-32.8852],[143.50586,-32.87599],[143.49957,-32.91834],[143.41698,-32.90748],[143.43244,-32.80843],[143.26961,-32.79137],[143.27123,-32.78023],[142.96465,-32.74852],[142.94436,-32.89052],[142.51554,-32.84744],[142.55192,-32.9916],[142.54799,-33.01713],[142.42448,-33.00521],[142.42802,-32.97901],[142.37648,-32.97366],[142.3713,-32.97607],[142.37469,-32.97951],[142.37211,-32.99594],[142.38023,-32.9974],[142.38055,-33.00133],[142.38469,-32.99988],[142.38288,-33.00493],[142.37448,-33.01534],[142.36613,-33.01751],[142.36297,-33.02508],[142.36548,-33.02851],[142.35749,-33.02735],[142.35735,-33.03456],[142.35095,-33.03353],[142.32632,-33.05003],[142.31336,-33.05012],[142.31157,-33.06684],[142.28747,-33.08487],[142.28931,-33.08844],[142.30195,-33.09223],[142.29532,-33.09482],[142.29657,-33.1024],[142.29116,-33.10005],[142.28704,-33.10739],[142.29479,-33.10909],[142.29339,-33.11658],[142.27961,-33.116],[142.27408,-33.11257],[142.28012,-33.12108],[142.27528,-33.12382],[142.27116,-33.11961],[142.26905,-33.12297],[142.24461,-33.11944],[142.24283,-33.13086],[142.22147,-33.12885],[142.22663,-33.1262],[142.22449,-33.12002],[142.10569,-33.11241],[142.10781,-33.09012],[142.02294,-33.08479],[142.03836,-33.14393],[141.56078,-33.09628],[141.57321,-33.00556],[141.40259,-32.98765],[141.34871,-33.36597],[141.30668,-33.36184],[141.3095,-33.34147],[141.26663,-33.33723],[141.264,-33.35574],[141.00228,-33.32898],[141.00296,-34.02253],[141.01237,-34.02472],[141.00433,-34.02687],[141.0019,-34.03927],[141.01702,-34.04725],[141.01859,-34.05628],[141.02474,-34.05992],[141.02756,-34.05744],[141.0237,-34.05099],[141.03233,-34.0471],[141.03233,-34.03735],[141.03615,-34.03604],[141.04358,-34.04319],[141.03945,-34.0514],[141.04247,-34.06109],[141.04916,-34.06112],[141.06565,-34.04992],[141.07195,-34.0629],[141.08531,-34.06256],[141.08294,-34.07108],[141.08922,-34.07663],[141.09731,-34.07115],[141.09562,-34.06089],[141.08726,-34.05716],[141.09424,-34.05064],[141.10106,-34.05119],[141.10692,-34.06104],[141.12034,-34.06485],[141.13735,-34.05765],[141.13781,-34.06179],[141.14298,-34.06352],[141.14469,-34.05651],[141.1531,-34.05453],[141.15119,-34.06008],[141.15369,-34.06399],[141.14391,-34.06773],[141.15319,-34.0689],[141.15368,-34.0821],[141.16586,-34.0832],[141.17361,-34.07342],[141.17862,-34.08855],[141.18496,-34.09194],[141.19367,-34.08959],[141.19365,-34.08419],[141.18744,-34.07944],[141.19984,-34.07212],[141.20591,-34.06171],[141.21092,-34.0612],[141.21548,-34.06538],[141.22203,-34.06228],[141.22232,-34.06891],[141.22834,-34.07368],[141.23579,-34.07108],[141.23729,-34.06404],[141.24271,-34.06191],[141.24734,-34.07314],[141.2417,-34.08196],[141.24255,-34.08733],[141.24745,-34.08807],[141.25209,-34.07888],[141.25957,-34.07812],[141.2687,-34.09212],[141.28371,-34.10386],[141.29855,-34.10695],[141.3008,-34.1137],[141.31746,-34.1124],[141.31843,-34.11629],[141.31354,-34.12485],[141.32571,-34.12648],[141.32312,-34.13315],[141.32494,-34.13877],[141.33015,-34.13705],[141.33295,-34.13064],[141.34641,-34.12434],[141.34851,-34.1123],[141.35898,-34.11071],[141.36266,-34.11293],[141.36876,-34.1271],[141.37178,-34.1264],[141.3709,-34.1197],[141.38159,-34.12213],[141.38812,-34.13472],[141.40337,-34.12719],[141.40825,-34.12784],[141.41032,-34.13217],[141.40608,-34.14195],[141.40741,-34.14639],[141.41716,-34.15077],[141.43391,-34.14589],[141.43281,-34.15993],[141.44455,-34.168],[141.44883,-34.16745],[141.45025,-34.16106],[141.46594,-34.16574],[141.4712,-34.15919],[141.48281,-34.16341],[141.48738,-34.15485],[141.4968,-34.15551],[141.51085,-34.17769],[141.51875,-34.1809],[141.50678,-34.19012],[141.50766,-34.19416],[141.51858,-34.20315],[141.5172,-34.20679],[141.50615,-34.21048],[141.51008,-34.21647],[141.53387,-34.21068],[141.53644,-34.20492],[141.53081,-34.19555],[141.53355,-34.19142],[141.54774,-34.20083],[141.5565,-34.19728],[141.56048,-34.19089],[141.58393,-34.1988],[141.58812,-34.19598],[141.58932,-34.18709],[141.59584,-34.19177],[141.60329,-34.19121],[141.60495,-34.18392],[141.59284,-34.18191],[141.58939,-34.17734],[141.60257,-34.16878],[141.60297,-34.16224],[141.59934,-34.15607],[141.58782,-34.15755],[141.58391,-34.15195],[141.58733,-34.15074],[141.59531,-34.15479],[141.60459,-34.1491],[141.61255,-34.15676],[141.61854,-34.15627],[141.62097,-34.14927],[141.61182,-34.13901],[141.62132,-34.14517],[141.62799,-34.1454],[141.63213,-34.14012],[141.63006,-34.12968],[141.63266,-34.12147],[141.65468,-34.11668],[141.67746,-34.10121],[141.68858,-34.1023],[141.70829,-34.09634],[141.71278,-34.11228],[141.71902,-34.11488],[141.72988,-34.10556],[141.72548,-34.09401],[141.73147,-34.09095],[141.74635,-34.10339],[141.76185,-34.09752],[141.75263,-34.10623],[141.75696,-34.11208],[141.7779,-34.10176],[141.77469,-34.11384],[141.77689,-34.11687],[141.78653,-34.11171],[141.84139,-34.13244],[141.85149,-34.12448],[141.85327,-34.13122],[141.86777,-34.12864],[141.87643,-34.13737],[141.8888,-34.1244],[141.88475,-34.11497],[141.90332,-34.11125],[141.91333,-34.11553],[141.9226,-34.11456],[141.92979,-34.12578],[141.92564,-34.13459],[141.93406,-34.13824],[141.93878,-34.135],[141.93976,-34.12225],[141.94501,-34.11946],[141.96239,-34.13599],[141.97044,-34.13609],[141.97234,-34.13311],[141.96975,-34.11989],[141.97766,-34.11269],[141.9849,-34.11293],[141.99301,-34.12129],[141.99848,-34.11854],[142.0129,-34.12534],[142.02225,-34.12522],[142.02483,-34.12184],[142.01663,-34.11698],[142.01314,-34.10568],[142.02667,-34.10673],[142.03759,-34.09953],[142.04252,-34.10511],[142.02871,-34.11876],[142.02959,-34.12613],[142.03702,-34.12978],[142.05009,-34.12543],[142.06261,-34.12585],[142.07565,-34.13141],[142.07718,-34.1387],[142.06661,-34.14468],[142.06535,-34.1506],[142.07755,-34.15733],[142.08278,-34.17353],[142.09307,-34.1719],[142.10542,-34.17751],[142.11962,-34.1749],[142.12012,-34.15688],[142.13801,-34.16012],[142.14354,-34.15113],[142.14871,-34.14874],[142.16668,-34.15408],[142.15927,-34.17117],[142.16667,-34.17187],[142.16341,-34.17639],[142.16615,-34.18291],[142.17832,-34.18373],[142.18391,-34.17569],[142.19859,-34.18348],[142.21881,-34.18096],[142.22772,-34.18918],[142.22947,-34.20804],[142.23311,-34.20841],[142.23664,-34.20378],[142.24419,-34.21153],[142.24379,-34.21651],[142.23534,-34.22374],[142.24404,-34.23245],[142.24355,-34.24609],[142.23468,-34.24965],[142.23214,-34.25562],[142.24326,-34.25897],[142.24959,-34.26674],[142.24479,-34.27738],[142.24832,-34.28727],[142.23212,-34.2974],[142.23233,-34.30298],[142.2364,-34.30737],[142.25374,-34.30607],[142.26734,-34.29527],[142.27368,-34.30401],[142.28617,-34.29657],[142.29897,-34.30574],[142.28875,-34.30606],[142.28403,-34.31075],[142.28,-34.31937],[142.28414,-34.32676],[142.29439,-34.32344],[142.30133,-34.32909],[142.31626,-34.33011],[142.32197,-34.3371],[142.33093,-34.33937],[142.34716,-34.3372],[142.36775,-34.3269],[142.37324,-34.33151],[142.37963,-34.33089],[142.39658,-34.33756],[142.39716,-34.34407],[142.38831,-34.34304],[142.38446,-34.3469],[142.38655,-34.35531],[142.39179,-34.36028],[142.38996,-34.36275],[142.38501,-34.3639],[142.37176,-34.35778],[142.36342,-34.36234],[142.36597,-34.36504],[142.37349,-34.36246],[142.37817,-34.36422],[142.37738,-34.36716],[142.36824,-34.37059],[142.37308,-34.38797],[142.36438,-34.3853],[142.35082,-34.39651],[142.35624,-34.40065],[142.35192,-34.40689],[142.36002,-34.41205],[142.35169,-34.42186],[142.36457,-34.42325],[142.35994,-34.43152],[142.36787,-34.43559],[142.36084,-34.44005],[142.36452,-34.44887],[142.35334,-34.46957],[142.35634,-34.47228],[142.36441,-34.46931],[142.37234,-34.47168],[142.37929,-34.46725],[142.38368,-34.47734],[142.37469,-34.47679],[142.3632,-34.48557],[142.35898,-34.49316],[142.35981,-34.49916],[142.36996,-34.50376],[142.37585,-34.49222],[142.39306,-34.49267],[142.39425,-34.49479],[142.38739,-34.4984],[142.38471,-34.5056],[142.37509,-34.51527],[142.3807,-34.51944],[142.39362,-34.51612],[142.40032,-34.52218],[142.36992,-34.52653],[142.36778,-34.53044],[142.3723,-34.53493],[142.3781,-34.53194],[142.37686,-34.54117],[142.39055,-34.54906],[142.39928,-34.54713],[142.4053,-34.54126],[142.4107,-34.55346],[142.40651,-34.56288],[142.40822,-34.5684],[142.41524,-34.56814],[142.42582,-34.56213],[142.4302,-34.57471],[142.44481,-34.57531],[142.45163,-34.58425],[142.45875,-34.58123],[142.45161,-34.57278],[142.44896,-34.55934],[142.45479,-34.55758],[142.46839,-34.56472],[142.47284,-34.57673],[142.45837,-34.58756],[142.47192,-34.59254],[142.4694,-34.60148],[142.46153,-34.60603],[142.46843,-34.61264],[142.45835,-34.61781],[142.46392,-34.62711],[142.45364,-34.63037],[142.45228,-34.63339],[142.45654,-34.63631],[142.46501,-34.63403],[142.47108,-34.64012],[142.48087,-34.63518],[142.48391,-34.63669],[142.47602,-34.64293],[142.47176,-34.65146],[142.47138,-34.66576],[142.47559,-34.67261],[142.49391,-34.67177],[142.49606,-34.6676],[142.48756,-34.66686],[142.48696,-34.66343],[142.49959,-34.66484],[142.50622,-34.65652],[142.51638,-34.66316],[142.50078,-34.66876],[142.49743,-34.67466],[142.49947,-34.68184],[142.50804,-34.68224],[142.51322,-34.69262],[142.51021,-34.69665],[142.4999,-34.69896],[142.4996,-34.70292],[142.50431,-34.70426],[142.51279,-34.70027],[142.51941,-34.70292],[142.50955,-34.71397],[142.51274,-34.72355],[142.50275,-34.73146],[142.49946,-34.73872],[142.51235,-34.74183],[142.50789,-34.74976],[142.52416,-34.75978],[142.52869,-34.75962],[142.53356,-34.75334],[142.53838,-34.76309],[142.55048,-34.763],[142.55016,-34.76915],[142.55689,-34.77581],[142.56727,-34.76719],[142.57547,-34.77159],[142.5946,-34.77254],[142.61704,-34.78583],[142.63084,-34.78474],[142.63956,-34.78027],[142.64464,-34.77521],[142.64645,-34.76323],[142.63929,-34.75742],[142.6266,-34.76065],[142.62099,-34.75767],[142.61632,-34.73665],[142.61795,-34.7292],[142.62346,-34.72767],[142.63732,-34.73506],[142.65211,-34.72958],[142.66178,-34.72191],[142.66734,-34.73589],[142.6786,-34.73933],[142.6868,-34.73416],[142.67653,-34.72884],[142.67849,-34.72244],[142.69071,-34.72685],[142.69968,-34.72407],[142.68473,-34.71428],[142.69118,-34.70142],[142.68208,-34.69044],[142.67896,-34.68084],[142.68058,-34.67287],[142.68423,-34.67101],[142.70583,-34.67968],[142.71091,-34.67583],[142.70904,-34.66246],[142.69544,-34.65991],[142.6893,-34.65233],[142.69738,-34.64112],[142.6951,-34.63577],[142.70083,-34.62443],[142.70894,-34.62272],[142.70755,-34.6188],[142.68944,-34.61803],[142.70406,-34.61357],[142.7003,-34.59897],[142.71468,-34.60048],[142.72372,-34.59232],[142.73846,-34.60181],[142.75918,-34.60012],[142.76352,-34.59673],[142.76341,-34.59042],[142.7469,-34.58777],[142.7483,-34.57675],[142.75849,-34.57977],[142.78348,-34.5795],[142.78303,-34.57555],[142.77,-34.5685],[142.77166,-34.56592],[142.78184,-34.5652],[142.78844,-34.5579],[142.79098,-34.5464],[142.79442,-34.55141],[142.80575,-34.55415],[142.8101,-34.56086],[142.79643,-34.57206],[142.80108,-34.57929],[142.78625,-34.58382],[142.78736,-34.58997],[142.79798,-34.5977],[142.80259,-34.5891],[142.81014,-34.58897],[142.80937,-34.59576],[142.80295,-34.60166],[142.805,-34.60839],[142.81851,-34.61235],[142.81852,-34.60312],[142.82317,-34.60029],[142.82499,-34.60885],[142.83824,-34.61303],[142.84107,-34.6262],[142.84549,-34.62632],[142.84763,-34.6201],[142.85272,-34.61915],[142.86081,-34.62787],[142.86818,-34.62729],[142.85497,-34.63957],[142.85876,-34.64502],[142.85981,-34.63974],[142.86306,-34.63898],[142.86414,-34.64393],[142.87163,-34.65064],[142.86918,-34.65733],[142.86036,-34.6651],[142.86419,-34.6671],[142.87154,-34.66379],[142.87575,-34.67487],[142.88663,-34.67223],[142.88704,-34.68007],[142.8938,-34.67882],[142.89118,-34.6718],[142.8998,-34.67177],[142.89309,-34.66563],[142.90053,-34.66239],[142.90135,-34.65491],[142.92368,-34.64796],[142.92209,-34.65643],[142.93243,-34.65547],[142.93502,-34.66073],[142.94316,-34.66161],[142.94869,-34.66963],[142.95887,-34.66482],[142.95793,-34.67106],[142.9628,-34.67564],[142.96762,-34.69183],[142.97253,-34.69516],[142.97713,-34.69322],[142.98225,-34.68269],[142.97515,-34.67088],[142.98589,-34.66835],[142.98932,-34.66257],[142.99466,-34.67397],[143.00064,-34.66965],[143.01678,-34.67284],[143.01716,-34.67625],[143.00792,-34.68625],[143.01018,-34.69365],[143.02179,-34.69285],[143.0242,-34.68291],[143.03251,-34.68292],[143.02943,-34.69184],[143.03947,-34.7026],[143.04439,-34.69929],[143.03752,-34.69167],[143.04034,-34.68605],[143.04361,-34.68699],[143.04695,-34.69707],[143.05482,-34.69884],[143.06486,-34.6894],[143.06698,-34.67946],[143.07069,-34.67833],[143.07185,-34.68939],[143.07623,-34.69595],[143.09257,-34.70127],[143.10649,-34.69231],[143.11255,-34.68073],[143.12139,-34.68748],[143.11178,-34.68697],[143.10713,-34.70148],[143.12768,-34.6925],[143.1181,-34.69843],[143.11803,-34.70298],[143.13354,-34.70055],[143.13498,-34.70773],[143.14717,-34.71482],[143.14793,-34.70864],[143.15368,-34.70533],[143.15638,-34.69932],[143.16169,-34.6979],[143.1658,-34.70198],[143.16536,-34.71812],[143.1732,-34.7197],[143.18096,-34.70939],[143.17931,-34.71732],[143.19175,-34.71277],[143.2,-34.71721],[143.19677,-34.72086],[143.20092,-34.73343],[143.21885,-34.72946],[143.22247,-34.73253],[143.21385,-34.738],[143.22127,-34.74288],[143.21911,-34.75263],[143.2244,-34.75871],[143.22892,-34.75774],[143.22878,-34.74778],[143.24073,-34.74539],[143.24416,-34.75487],[143.24891,-34.75789],[143.26536,-34.74863],[143.27391,-34.75267],[143.26735,-34.75474],[143.27154,-34.75944],[143.2541,-34.76659],[143.25203,-34.77248],[143.25772,-34.77861],[143.26305,-34.77366],[143.27318,-34.77671],[143.27162,-34.77889],[143.26596,-34.77665],[143.26348,-34.78093],[143.27577,-34.78154],[143.27328,-34.78788],[143.27674,-34.79225],[143.28629,-34.79526],[143.2847,-34.78491],[143.29382,-34.79077],[143.29675,-34.78544],[143.30858,-34.78002],[143.31308,-34.78125],[143.313,-34.787],[143.3174,-34.7907],[143.32909,-34.78634],[143.33364,-34.79341],[143.34821,-34.79188],[143.35158,-34.7953],[143.34727,-34.80675],[143.35689,-34.81215],[143.3597,-34.81719],[143.35159,-34.82326],[143.3542,-34.83023],[143.35059,-34.8343],[143.35134,-34.83877],[143.34128,-34.84615],[143.34364,-34.84823],[143.3546,-34.84578],[143.34843,-34.84805],[143.34515,-34.85318],[143.3525,-34.85842],[143.34828,-34.86138],[143.34865,-34.86478],[143.33819,-34.87049],[143.33765,-34.87575],[143.34288,-34.87591],[143.34215,-34.88134],[143.33647,-34.87956],[143.33301,-34.88871],[143.334,-34.88594],[143.32792,-34.88261],[143.32115,-34.88854],[143.32846,-34.89532],[143.32578,-34.8981],[143.3327,-34.905],[143.32975,-34.90658],[143.33299,-34.91116],[143.34037,-34.91399],[143.34219,-34.91927],[143.33922,-34.92793],[143.34279,-34.93269],[143.33752,-34.93709],[143.33729,-34.94051],[143.34121,-34.94074],[143.33734,-34.94538],[143.33316,-34.93871],[143.32454,-34.94363],[143.32181,-34.94238],[143.31962,-34.94806],[143.32258,-34.95095],[143.31738,-34.95245],[143.32383,-34.97916],[143.31803,-34.98639],[143.31857,-34.99292],[143.32962,-34.99563],[143.33811,-35.01085],[143.33167,-35.02366],[143.33474,-35.02633],[143.33264,-35.0278],[143.33585,-35.0374],[143.33073,-35.03745],[143.32812,-35.03378],[143.32182,-35.03654],[143.3278,-35.03795],[143.32425,-35.04189],[143.32953,-35.04149],[143.32873,-35.0459],[143.33658,-35.04317],[143.33027,-35.05369],[143.33444,-35.05432],[143.33432,-35.04923],[143.33727,-35.04863],[143.33985,-35.05534],[143.33801,-35.06167],[143.34165,-35.06221],[143.34166,-35.05842],[143.35077,-35.06453],[143.34963,-35.06983],[143.34324,-35.06478],[143.33907,-35.06775],[143.3456,-35.07396],[143.34305,-35.07886],[143.33742,-35.08028],[143.34354,-35.08235],[143.34163,-35.08498],[143.34511,-35.08708],[143.34084,-35.08835],[143.34608,-35.09351],[143.34074,-35.09547],[143.34458,-35.09622],[143.34816,-35.10537],[143.34901,-35.10037],[143.35342,-35.10272],[143.35273,-35.09949],[143.36098,-35.1031],[143.35772,-35.10477],[143.36176,-35.1165],[143.37378,-35.12249],[143.37875,-35.13118],[143.38718,-35.13761],[143.38695,-35.14346],[143.39062,-35.14479],[143.38985,-35.14989],[143.38241,-35.15585],[143.38696,-35.15945],[143.38266,-35.16288],[143.3875,-35.16222],[143.38196,-35.17292],[143.39199,-35.17267],[143.39388,-35.17795],[143.38697,-35.18299],[143.3886,-35.18629],[143.39312,-35.18554],[143.39103,-35.189],[143.39565,-35.19301],[143.40056,-35.18988],[143.40436,-35.19369],[143.41692,-35.19493],[143.42601,-35.1894],[143.43127,-35.19517],[143.43374,-35.19068],[143.44931,-35.18902],[143.4591,-35.20331],[143.46472,-35.20254],[143.46619,-35.21458],[143.47158,-35.21937],[143.49436,-35.22002],[143.50504,-35.21377],[143.51832,-35.21145],[143.52381,-35.21917],[143.52916,-35.21981],[143.54875,-35.21368],[143.54691,-35.20609],[143.5637,-35.20245],[143.58,-35.21413],[143.58111,-35.21928],[143.57589,-35.22632],[143.57807,-35.2317],[143.56381,-35.2366],[143.5666,-35.24013],[143.56361,-35.24347],[143.56965,-35.24612],[143.57398,-35.25652],[143.57107,-35.26706],[143.57353,-35.26918],[143.575,-35.26555],[143.57907,-35.26746],[143.58351,-35.26505],[143.58074,-35.26875],[143.58234,-35.27281],[143.59067,-35.27384],[143.58435,-35.27903],[143.5907,-35.28147],[143.58218,-35.28743],[143.5796,-35.2956],[143.58228,-35.29807],[143.57708,-35.2984],[143.57781,-35.30328],[143.56902,-35.30243],[143.57272,-35.30564],[143.56749,-35.30834],[143.56288,-35.31801],[143.56217,-35.33749],[143.5672,-35.34364],[143.57255,-35.33734],[143.57455,-35.34064],[143.5798,-35.33968],[143.59034,-35.35033],[143.59841,-35.35208],[143.60302,-35.36539],[143.60845,-35.36658],[143.6097,-35.37009],[143.61608,-35.36893],[143.61333,-35.37679],[143.61905,-35.38212],[143.61962,-35.38703],[143.6247,-35.38789],[143.62653,-35.38077],[143.62992,-35.38475],[143.63313,-35.38346],[143.63464,-35.38656],[143.62935,-35.39173],[143.63124,-35.3955],[143.63787,-35.3962],[143.64041,-35.40105],[143.64614,-35.39942],[143.64904,-35.39535],[143.65388,-35.39486],[143.6524,-35.39142],[143.65563,-35.39087],[143.65714,-35.38498],[143.66816,-35.38587],[143.66416,-35.37766],[143.66774,-35.37117],[143.67648,-35.37056],[143.68284,-35.37411],[143.68464,-35.36815],[143.68891,-35.37132],[143.68948,-35.37738],[143.69285,-35.37785],[143.69306,-35.38384],[143.69701,-35.38382],[143.70251,-35.37781],[143.70318,-35.38927],[143.71177,-35.38471],[143.70949,-35.39269],[143.72677,-35.39024],[143.73202,-35.39402],[143.73952,-35.39352],[143.74551,-35.38628],[143.74584,-35.38868],[143.75143,-35.38792],[143.75158,-35.39245],[143.75758,-35.39458],[143.7638,-35.39223],[143.76282,-35.40035],[143.76873,-35.40158],[143.76882,-35.40793],[143.76155,-35.41027],[143.75907,-35.41444],[143.7598,-35.41738],[143.76613,-35.41607],[143.76285,-35.42305],[143.78996,-35.42231],[143.79373,-35.42955],[143.80008,-35.43345],[143.80871,-35.43324],[143.81846,-35.43779],[143.81267,-35.44398],[143.81358,-35.44664],[143.82245,-35.44604],[143.82181,-35.44933],[143.82691,-35.45506],[143.83998,-35.45769],[143.84613,-35.46336],[143.85544,-35.46182],[143.85393,-35.46895],[143.86043,-35.47453],[143.85887,-35.48009],[143.86387,-35.47722],[143.86967,-35.48178],[143.87138,-35.47781],[143.87659,-35.48615],[143.8875,-35.48528],[143.8994,-35.4953],[143.90774,-35.49414],[143.90395,-35.49501],[143.90583,-35.49989],[143.91214,-35.49949],[143.91199,-35.49488],[143.91731,-35.49705],[143.91815,-35.50079],[143.93477,-35.49928],[143.93217,-35.50198],[143.93346,-35.50665],[143.94132,-35.50179],[143.94851,-35.5008],[143.95904,-35.50445],[143.961,-35.49897],[143.96689,-35.50287],[143.9701,-35.50006],[143.96875,-35.50555],[143.97254,-35.50956],[143.96469,-35.50849],[143.96244,-35.51396],[143.97094,-35.52],[143.96928,-35.52307],[143.97466,-35.53254],[143.99659,-35.53566],[143.99563,-35.54218],[143.99926,-35.5451],[143.99013,-35.55478],[144.01144,-35.56311],[144.0094,-35.55805],[144.01269,-35.55406],[144.03391,-35.55584],[144.03944,-35.54931],[144.04079,-35.55549],[144.04622,-35.55244],[144.04676,-35.56295],[144.06371,-35.57003],[144.0624,-35.57677],[144.10515,-35.59085],[144.10616,-35.59537],[144.10325,-35.59776],[144.11085,-35.59883],[144.10937,-35.60188],[144.11362,-35.60227],[144.11098,-35.60744],[144.11596,-35.61314],[144.11479,-35.61971],[144.11981,-35.62083],[144.11746,-35.62604],[144.1274,-35.6343],[144.13118,-35.63329],[144.13144,-35.64076],[144.13725,-35.64032],[144.1426,-35.64712],[144.15248,-35.6425],[144.14947,-35.64575],[144.1535,-35.64602],[144.15699,-35.65079],[144.15367,-35.65003],[144.15141,-35.65335],[144.15841,-35.65793],[144.16253,-35.6716],[144.17205,-35.67186],[144.17443,-35.67453],[144.18685,-35.67032],[144.18996,-35.67383],[144.18654,-35.67503],[144.1896,-35.67663],[144.18828,-35.68048],[144.19477,-35.68566],[144.21317,-35.68654],[144.21485,-35.69208],[144.22115,-35.69306],[144.21614,-35.69663],[144.21968,-35.69901],[144.21579,-35.70109],[144.2158,-35.70644],[144.23034,-35.71542],[144.24811,-35.72104],[144.24773,-35.72965],[144.25321,-35.72979],[144.25401,-35.73858],[144.2676,-35.75365],[144.2709,-35.75385],[144.27813,-35.7449],[144.27786,-35.7408],[144.28545,-35.73694],[144.29596,-35.73702],[144.30132,-35.74282],[144.29467,-35.7505],[144.29513,-35.75433],[144.29943,-35.75178],[144.30682,-35.75723],[144.31184,-35.74941],[144.31444,-35.75703],[144.31769,-35.7522],[144.32787,-35.75267],[144.32789,-35.75569],[144.32167,-35.75788],[144.32259,-35.7636],[144.31861,-35.76656],[144.3242,-35.7687],[144.33117,-35.76508],[144.33628,-35.77036],[144.34165,-35.76389],[144.34045,-35.76972],[144.34286,-35.77152],[144.34878,-35.76696],[144.34677,-35.77462],[144.35333,-35.77608],[144.35187,-35.78584],[144.36027,-35.78475],[144.35545,-35.7884],[144.36163,-35.79195],[144.36219,-35.79567],[144.37067,-35.7904],[144.37697,-35.79314],[144.37304,-35.79793],[144.37578,-35.80178],[144.37232,-35.80815],[144.36669,-35.81123],[144.37735,-35.81105],[144.37755,-35.81423],[144.36905,-35.8131],[144.36471,-35.81974],[144.36855,-35.82478],[144.37197,-35.82308],[144.37242,-35.81661],[144.37552,-35.82063],[144.38433,-35.81963],[144.37479,-35.82518],[144.37925,-35.82933],[144.37217,-35.83194],[144.38662,-35.83581],[144.38523,-35.83782],[144.38176,-35.83363],[144.38161,-35.837],[144.37599,-35.83516],[144.37309,-35.83731],[144.3757,-35.84098],[144.38439,-35.842],[144.38056,-35.84335],[144.3845,-35.84635],[144.38133,-35.85237],[144.38709,-35.85511],[144.39032,-35.85059],[144.38897,-35.8586],[144.39711,-35.85933],[144.39865,-35.86271],[144.41148,-35.85913],[144.40516,-35.86021],[144.40819,-35.8655],[144.40181,-35.86809],[144.41102,-35.87117],[144.40401,-35.87424],[144.40872,-35.87528],[144.40361,-35.88076],[144.41159,-35.88121],[144.40694,-35.88401],[144.41184,-35.88618],[144.41361,-35.8924],[144.41833,-35.8932],[144.4146,-35.8949],[144.41675,-35.89805],[144.40854,-35.89894],[144.40798,-35.90392],[144.41476,-35.90489],[144.41907,-35.90018],[144.42452,-35.90019],[144.4251,-35.90235],[144.41687,-35.90586],[144.41657,-35.9101],[144.42071,-35.91087],[144.42049,-35.90625],[144.42357,-35.906],[144.42649,-35.91863],[144.43969,-35.92477],[144.44018,-35.93217],[144.44948,-35.92866],[144.44538,-35.93129],[144.44606,-35.9348],[144.45788,-35.93584],[144.45999,-35.93963],[144.46168,-35.93453],[144.46627,-35.93344],[144.46392,-35.94068],[144.47213,-35.94112],[144.46684,-35.94635],[144.47538,-35.94793],[144.4797,-35.9454],[144.4812,-35.94737],[144.47768,-35.95153],[144.47975,-35.95347],[144.48334,-35.94938],[144.4879,-35.94974],[144.48237,-35.95194],[144.48114,-35.95865],[144.48878,-35.95712],[144.4874,-35.96407],[144.4936,-35.96863],[144.49755,-35.96847],[144.50153,-35.95809],[144.50097,-35.97061],[144.50748,-35.97103],[144.51321,-35.96516],[144.51487,-35.96669],[144.51053,-35.96951],[144.51009,-35.97394],[144.52049,-35.97013],[144.52115,-35.97344],[144.51614,-35.97921],[144.51656,-35.98623],[144.51191,-35.98907],[144.5157,-35.99521],[144.52861,-35.99408],[144.53905,-36.001],[144.5476,-36.00062],[144.54747,-36.00502],[144.5538,-36.00303],[144.55779,-36.0141],[144.56305,-36.00753],[144.56416,-36.01681],[144.57064,-36.01709],[144.57127,-36.02407],[144.57947,-36.02102],[144.58658,-36.02718],[144.58143,-36.02994],[144.58338,-36.03901],[144.58895,-36.03834],[144.59207,-36.04337],[144.59938,-36.0374],[144.60685,-36.04252],[144.61032,-36.03948],[144.60604,-36.03639],[144.61565,-36.03155],[144.61896,-36.03907],[144.6133,-36.04248],[144.6176,-36.04684],[144.60846,-36.0638],[144.61584,-36.06646],[144.61049,-36.07125],[144.61772,-36.07712],[144.62205,-36.0762],[144.62091,-36.071],[144.62835,-36.06529],[144.61986,-36.06317],[144.61844,-36.0597],[144.62643,-36.0618],[144.62508,-36.05205],[144.63262,-36.04816],[144.6375,-36.04754],[144.64383,-36.05662],[144.64655,-36.05611],[144.64692,-36.05099],[144.65297,-36.05302],[144.65469,-36.07535],[144.6579,-36.07037],[144.66063,-36.07584],[144.66463,-36.0766],[144.66795,-36.06861],[144.67001,-36.07166],[144.67399,-36.06803],[144.67855,-36.06916],[144.67871,-36.06252],[144.68883,-36.06128],[144.68789,-36.06634],[144.69241,-36.06963],[144.68231,-36.08404],[144.68431,-36.09561],[144.68859,-36.09573],[144.69284,-36.09114],[144.69774,-36.0939],[144.69871,-36.08723],[144.70698,-36.09293],[144.71909,-36.08587],[144.71962,-36.09054],[144.72595,-36.09066],[144.72316,-36.09417],[144.72542,-36.09882],[144.71883,-36.10112],[144.71865,-36.11393],[144.72535,-36.11232],[144.72653,-36.11806],[144.73412,-36.1169],[144.73126,-36.11186],[144.7408,-36.10758],[144.74748,-36.12156],[144.75414,-36.12242],[144.75684,-36.11881],[144.76431,-36.11958],[144.77206,-36.11617],[144.77121,-36.11955],[144.77748,-36.12988],[144.7874,-36.12732],[144.7854,-36.1223],[144.7921,-36.12261],[144.79869,-36.1132],[144.80059,-36.11507],[144.79599,-36.117],[144.79658,-36.11969],[144.80866,-36.12325],[144.8135,-36.11391],[144.80727,-36.11342],[144.80654,-36.10746],[144.81648,-36.10952],[144.81033,-36.10226],[144.82002,-36.108],[144.82375,-36.10272],[144.82978,-36.10296],[144.83541,-36.09851],[144.84204,-36.10042],[144.84321,-36.0959],[144.83975,-36.0945],[144.84392,-36.09237],[144.84195,-36.08301],[144.85062,-36.08147],[144.84724,-36.07291],[144.85629,-36.07385],[144.85381,-36.06979],[144.85631,-36.06562],[144.86068,-36.06664],[144.85749,-36.06839],[144.8612,-36.07193],[144.86427,-36.06559],[144.86304,-36.05929],[144.87492,-36.05775],[144.88903,-36.06371],[144.90161,-36.06368],[144.9041,-36.06091],[144.90832,-36.06425],[144.9323,-36.06703],[144.93762,-36.06983],[144.93648,-36.07586],[144.94744,-36.08281],[144.98081,-36.07314],[144.98689,-36.06412],[144.9859,-36.05644],[144.98226,-36.0484],[144.96797,-36.04228],[144.96206,-36.01819],[144.95471,-36.01878],[144.94608,-36.01251],[144.94617,-36.0048],[144.93544,-35.99885],[144.92939,-35.99036],[144.92367,-35.98901],[144.92604,-35.97443],[144.93095,-35.9686],[144.95756,-35.9609],[144.94888,-35.93168],[144.95276,-35.91679],[144.96713,-35.90503],[144.96478,-35.89603],[144.97509,-35.88384],[144.96975,-35.87885],[144.97259,-35.87406],[144.96824,-35.86546],[144.9708,-35.861],[144.979,-35.85837],[144.99183,-35.85879],[144.98966,-35.85468],[144.99328,-35.85592],[144.99224,-35.85235],[144.99961,-35.85493],[145.0005,-35.84931],[145.00665,-35.85609],[145.01938,-35.85652],[145.0245,-35.84706],[145.03008,-35.84955],[145.03741,-35.84605],[145.03875,-35.83826],[145.04107,-35.84158],[145.04987,-35.83358],[145.05149,-35.83887],[145.05432,-35.838],[145.05354,-35.83528],[145.06047,-35.83735],[145.06841,-35.83536],[145.07427,-35.82665],[145.07653,-35.83185],[145.07747,-35.8274],[145.09175,-35.82598],[145.09339,-35.8285],[145.08928,-35.83133],[145.09248,-35.83584],[145.09939,-35.8258],[145.10412,-35.82855],[145.1142,-35.82043],[145.11527,-35.82601],[145.12228,-35.82076],[145.12549,-35.82986],[145.1279,-35.82066],[145.12879,-35.82727],[145.13398,-35.82737],[145.13643,-35.83421],[145.13964,-35.82838],[145.14767,-35.83357],[145.15885,-35.83075],[145.15352,-35.84284],[145.16822,-35.84256],[145.17189,-35.83873],[145.18124,-35.842],[145.18272,-35.83503],[145.18982,-35.83418],[145.19334,-35.83769],[145.19792,-35.83481],[145.20632,-35.83794],[145.21487,-35.83617],[145.21723,-35.83741],[145.21599,-35.84147],[145.2229,-35.84244],[145.2245,-35.8396],[145.22003,-35.83687],[145.22479,-35.83214],[145.22934,-35.83333],[145.23521,-35.82953],[145.24061,-35.83366],[145.24643,-35.83036],[145.253,-35.83506],[145.26086,-35.83545],[145.25978,-35.83944],[145.26421,-35.84213],[145.25831,-35.85064],[145.26721,-35.85244],[145.27263,-35.84518],[145.27877,-35.8534],[145.28499,-35.8507],[145.2842,-35.85667],[145.29259,-35.85382],[145.2928,-35.85831],[145.29646,-35.86061],[145.30901,-35.86045],[145.31225,-35.85568],[145.32438,-35.85068],[145.34156,-35.86242],[145.35013,-35.86052],[145.35543,-35.86706],[145.3606,-35.86117],[145.3774,-35.85877],[145.38675,-35.85034],[145.41033,-35.84884],[145.40966,-35.83676],[145.42062,-35.83707],[145.41375,-35.83097],[145.42001,-35.82817],[145.42601,-35.82962],[145.42917,-35.83449],[145.43679,-35.83015],[145.44157,-35.83576],[145.44799,-35.83083],[145.45149,-35.82171],[145.46251,-35.82693],[145.46911,-35.81819],[145.46865,-35.81287],[145.47771,-35.80478],[145.47776,-35.80774],[145.47319,-35.80979],[145.47435,-35.8124],[145.49299,-35.815],[145.49693,-35.80889],[145.51158,-35.81228],[145.51373,-35.81626],[145.52146,-35.81883],[145.52802,-35.81181],[145.52714,-35.80663],[145.53558,-35.80199],[145.53483,-35.8079],[145.5419,-35.80903],[145.53635,-35.81845],[145.5391,-35.822],[145.54241,-35.82151],[145.54774,-35.81291],[145.5624,-35.81302],[145.56292,-35.81612],[145.55705,-35.81872],[145.55947,-35.82345],[145.55724,-35.82724],[145.56647,-35.82665],[145.5639,-35.83428],[145.57573,-35.83919],[145.58096,-35.84796],[145.5936,-35.84975],[145.59255,-35.85576],[145.5865,-35.86103],[145.5978,-35.86192],[145.59502,-35.86876],[145.60006,-35.87441],[145.60539,-35.87486],[145.60238,-35.86792],[145.60992,-35.87034],[145.61477,-35.86531],[145.62579,-35.86217],[145.62871,-35.86767],[145.61874,-35.86914],[145.6149,-35.87271],[145.61701,-35.87555],[145.62756,-35.87488],[145.62065,-35.88414],[145.62992,-35.88046],[145.63149,-35.88764],[145.63994,-35.89436],[145.64744,-35.89352],[145.65096,-35.89957],[145.658,-35.90119],[145.66149,-35.9124],[145.66871,-35.91312],[145.66891,-35.91925],[145.67894,-35.91709],[145.67374,-35.92603],[145.6859,-35.9307],[145.68744,-35.92385],[145.69724,-35.92063],[145.70329,-35.92491],[145.69558,-35.92596],[145.69744,-35.9366],[145.70744,-35.93234],[145.71436,-35.93738],[145.72098,-35.93494],[145.72693,-35.94584],[145.71862,-35.94413],[145.71569,-35.94933],[145.72439,-35.95425],[145.73436,-35.95135],[145.73658,-35.95484],[145.73117,-35.95653],[145.73228,-35.95991],[145.74399,-35.95914],[145.74352,-35.9628],[145.74663,-35.96426],[145.75778,-35.95799],[145.76595,-35.96663],[145.76845,-35.96294],[145.77833,-35.96011],[145.78181,-35.96381],[145.77705,-35.97261],[145.78478,-35.97195],[145.78819,-35.9753],[145.79307,-35.97279],[145.79345,-35.98287],[145.80666,-35.98275],[145.80712,-35.98872],[145.8107,-35.99138],[145.81687,-35.98819],[145.81312,-35.98368],[145.82845,-35.98299],[145.82906,-35.97979],[145.82479,-35.97847],[145.8285,-35.97529],[145.83652,-35.97741],[145.83709,-35.98304],[145.84768,-35.98223],[145.84908,-35.97895],[145.84512,-35.9739],[145.85477,-35.97667],[145.86007,-35.97365],[145.84871,-35.96898],[145.85408,-35.96551],[145.85285,-35.96089],[145.87067,-35.95557],[145.88086,-35.95782],[145.89035,-35.95719],[145.89423,-35.95333],[145.90762,-35.95365],[145.91005,-35.95704],[145.90008,-35.96339],[145.903,-35.96888],[145.90678,-35.9634],[145.91398,-35.96962],[145.91555,-35.96439],[145.92465,-35.96427],[145.92861,-35.96683],[145.92587,-35.9729],[145.93349,-35.97319],[145.94702,-35.96127],[145.98791,-35.74732],[145.98525,-35.74698],[145.99059,-35.71856],[145.98571,-35.71795],[145.98636,-35.71425],[145.98403,-35.71397],[145.98534,-35.70602],[145.9738,-35.70455],[145.97815,-35.68157],[145.99159,-35.68327],[145.99361,-35.67359],[145.99449,-35.6688],[145.98454,-35.66742],[145.98587,-35.66057],[145.99583,-35.66161],[145.99802,-35.6498],[145.98463,-35.64815],[145.98693,-35.63601],[146.0045,-35.63814],[146.00726,-35.62415],[145.99413,-35.62223],[145.99476,-35.619],[146.00177,-35.62003],[146.0012,-35.61162],[146.0084,-35.58301],[146.01327,-35.57501],[146.01683,-35.57549],[146.01644,-35.56445],[146.00735,-35.5632],[146.00889,-35.55534],[146.01781,-35.55647],[146.0192,-35.54963],[146.01437,-35.54907],[146.01847,-35.52575],[146.0271,-35.52681],[146.06485,-35.3226],[146.05963,-35.31768],[146.04615,-35.32311],[146.03918,-35.3142],[146.0367,-35.31643],[146.03042,-35.31399],[146.02458,-35.31791],[146.02211,-35.31198],[146.01087,-35.30537],[145.99296,-35.3111],[145.9859,-35.30417],[145.98925,-35.30105],[145.98556,-35.29924],[145.98722,-35.29538],[145.98337,-35.28961],[145.98665,-35.28923],[145.98453,-35.28788],[145.98716,-35.2849],[145.97655,-35.27994],[145.95995,-35.28261],[145.95694,-35.2785],[145.96,-35.27205],[145.96977,-35.27086],[145.95739,-35.26371],[145.96509,-35.25934],[145.9625,-35.25309],[145.96757,-35.25445],[145.96418,-35.25134],[145.96716,-35.24875],[145.97588,-35.2534],[145.97656,-35.24843],[145.97231,-35.24369],[145.97508,-35.24473],[145.97655,-35.23533],[145.97952,-35.23798],[145.98473,-35.23205],[145.98306,-35.2246],[145.98573,-35.22319],[145.99004,-35.228],[145.99567,-35.22672],[145.99484,-35.22042],[145.98947,-35.21767],[145.99503,-35.21027],[145.99587,-35.2143],[146.00591,-35.21164],[146.01081,-35.21377],[146.00931,-35.21131],[146.01503,-35.20898],[146.01794,-35.21874],[146.02432,-35.21833],[146.02927,-35.2137],[146.02026,-35.20804],[146.01981,-35.20344],[146.02912,-35.20654],[146.03201,-35.20436],[146.02869,-35.20388],[146.02874,-35.19814],[146.03996,-35.19856],[146.00942,-35.16643],[146.01461,-35.14187],[146.00807,-35.13942],[146.01413,-35.1363],[146.00645,-35.13323],[146.01111,-35.13293],[146.01446,-35.12911],[146.01385,-35.12383],[146.01818,-35.12352],[146.03033,-35.05462],[146.03687,-35.05791],[146.04275,-35.05666],[146.05808,-35.03286],[146.04908,-35.01793],[146.05928,-35.00148],[146.05277,-34.99457],[146.06526,-34.94784],[146.06101,-34.94164],[146.06587,-34.92743],[146.07361,-34.92861],[146.08092,-34.91837],[146.06899,-34.91584],[146.07485,-34.89817],[146.13768,-34.90781],[146.14564,-34.89799],[146.15239,-34.90169],[146.17437,-34.79062],[146.17836,-34.79105],[146.17943,-34.78567],[146.19799,-34.788],[146.21882,-34.67488],[146.33242,-34.68899],[146.34487,-34.6993],[146.3574,-34.7004],[146.37616,-34.69473],[146.39417,-34.69817],[146.40256,-34.70468],[146.40273,-34.70127],[146.40798,-34.70228],[146.4104,-34.70601],[146.42021,-34.7053],[146.4206,-34.70179],[146.42537,-34.69991],[146.42882,-34.70314],[146.42838,-34.70826],[146.43203,-34.70729],[146.44698,-34.71787],[146.45066,-34.71578],[146.45472,-34.72091],[146.45915,-34.7182],[146.4671,-34.72494],[146.4842,-34.71557],[146.48741,-34.70899],[146.51672,-34.55358],[146.51029,-34.55277],[146.5142,-34.53112],[146.47057,-34.52554],[146.47873,-34.48021],[146.47247,-34.47906],[146.47313,-34.47524],[146.48178,-34.47629],[146.48269,-34.46307],[146.43889,-34.45519],[146.44122,-34.44259],[146.42136,-34.44008],[146.42066,-34.44416],[146.40028,-34.4416],[146.40104,-34.43756],[146.39748,-34.4371],[146.40008,-34.4225],[146.38762,-34.42099],[146.38948,-34.41051],[146.39256,-34.41089],[146.39696,-34.38671],[146.38679,-34.38545],[146.38895,-34.37307],[146.38584,-34.37272],[146.39067,-34.34489],[146.30726,-34.33506],[146.31137,-34.31171],[146.29963,-34.28948],[146.30481,-34.2607],[146.32865,-34.26354],[146.35949,-34.08373],[146.46461,-34.09638],[146.49281,-33.91964],[146.41744,-33.91062],[146.43719,-33.79449],[146.32014,-33.78105],[146.31917,-33.78638],[146.31723,-33.78054],[146.07031,-33.75352],[146.09515,-33.60312],[146.05397,-33.47575],[146.06711,-33.37095],[146.07094,-33.36875],[146.06698,-33.35682],[146.07256,-33.35623],[146.07449,-33.35176],[146.07099,-33.35006],[146.07577,-33.33904],[146.0861,-33.3374],[146.0833,-33.3345],[146.09078,-33.31904],[146.08679,-33.31413],[146.08412,-33.3152],[146.08155,-33.30876],[146.08552,-33.30779],[146.08113,-33.304],[146.08911,-33.30362],[146.08306,-33.29819],[146.08755,-33.29545],[146.08362,-33.29048],[146.09145,-33.29149],[146.08957,-33.28807],[146.09302,-33.28767],[146.09124,-33.2853],[146.09454,-33.28314],[146.09198,-33.28029],[146.09517,-33.27836],[146.0589,-33.21179],[146.09364,-33.18907],[146.03167,-33.09357],[145.90586,-33.08785],[145.90732,-33.07874],[145.8732,-33.07516],[145.87135,-33.0867],[145.6453,-33.08009],[145.66851,-32.93637],[145.65162,-32.93577],[145.67193,-32.80571],[145.58652,-32.79622],[145.5951,-32.73766],[145.55661,-32.73364],[145.54917,-32.76476],[145.5569,-32.76565],[145.56026,-32.75681],[145.56874,-32.7579],[145.55994,-32.7818],[145.55064,-32.79176],[145.53805,-32.7831],[145.54495,-32.77541],[145.50329,-32.76994],[145.51029,-32.72874],[145.46649,-32.72385],[145.41599,-32.76226],[145.41373,-32.77603],[145.33057,-32.76666],[145.34428,-32.68247]]]},"properties":{"districtname":"MURRAY","urbanity":"R"}},{"type":"Feature","geometry":{"type":"Polygon","coordinates":[[[146.2555,-34.88545],[146.23354,-34.87342],[146.19246,-34.92361],[146.14564,-34.89799],[146.13768,-34.90781],[146.07485,-34.89817],[146.06899,-34.91584],[146.08092,-34.91837],[146.07361,-34.92861],[146.06587,-34.92743],[146.06101,-34.94164],[146.06526,-34.94784],[146.05277,-34.99457],[146.05928,-35.00148],[146.04908,-35.01793],[146.05808,-35.03286],[146.04275,-35.05666],[146.03687,-35.05791],[146.03033,-35.05462],[146.01818,-35.12352],[146.01385,-35.12383],[146.01446,-35.12911],[146.01111,-35.13293],[146.00645,-35.13323],[146.01413,-35.1363],[146.00807,-35.13942],[146.01461,-35.14187],[146.00942,-35.16643],[146.03996,-35.19856],[146.02874,-35.19814],[146.02869,-35.20388],[146.03201,-35.20436],[146.02912,-35.20654],[146.01981,-35.20344],[146.02026,-35.20804],[146.02927,-35.2137],[146.02432,-35.21833],[146.01794,-35.21874],[146.01503,-35.20898],[146.00931,-35.21131],[146.01081,-35.21377],[146.00591,-35.21164],[145.99587,-35.2143],[145.99503,-35.21027],[145.98947,-35.21767],[145.99484,-35.22042],[145.99567,-35.22672],[145.99004,-35.228],[145.98573,-35.22319],[145.98306,-35.2246],[145.98473,-35.23205],[145.97952,-35.23798],[145.97655,-35.23533],[145.97508,-35.24473],[145.97231,-35.24369],[145.97656,-35.24843],[145.97588,-35.2534],[145.96716,-35.24875],[145.96418,-35.25134],[145.96757,-35.25445],[145.9625,-35.25309],[145.96509,-35.25934],[145.95739,-35.26371],[145.96977,-35.27086],[145.96,-35.27205],[145.95694,-35.2785],[145.95995,-35.28261],[145.97655,-35.27994],[145.98716,-35.2849],[145.98453,-35.28788],[145.98665,-35.28923],[145.98337,-35.28961],[145.98722,-35.29538],[145.98556,-35.29924],[145.98925,-35.30105],[145.9859,-35.30417],[145.99296,-35.3111],[146.01087,-35.30537],[146.02211,-35.31198],[146.02458,-35.31791],[146.03042,-35.31399],[146.0367,-35.31643],[146.03918,-35.3142],[146.04615,-35.32311],[146.05963,-35.31768],[146.06485,-35.3226],[146.0271,-35.52681],[146.01847,-35.52575],[146.01437,-35.54907],[146.0192,-35.54963],[146.01781,-35.55647],[146.00889,-35.55534],[146.00735,-35.5632],[146.01644,-35.56445],[146.01683,-35.57549],[146.01327,-35.57501],[146.0084,-35.58301],[146.0012,-35.61162],[146.00177,-35.62003],[145.99476,-35.619],[145.99413,-35.62223],[146.00726,-35.62415],[146.0045,-35.63814],[145.98693,-35.63601],[145.98463,-35.64815],[145.99802,-35.6498],[145.99583,-35.66161],[145.98587,-35.66057],[145.98454,-35.66742],[145.99449,-35.6688],[145.99361,-35.67359],[145.99159,-35.68327],[145.97815,-35.68157],[145.9738,-35.70455],[145.98534,-35.70602],[145.98403,-35.71397],[145.98636,-35.71425],[145.98571,-35.71795],[145.99059,-35.71856],[145.98525,-35.74698],[145.98791,-35.74732],[145.94711,-35.96052],[145.95448,-35.96379],[145.94644,-35.96474],[145.944,-35.96812],[145.95131,-35.97624],[145.94613,-35.97917],[145.94569,-35.98397],[145.95203,-35.98405],[145.95251,-35.99241],[145.96477,-35.99666],[145.95858,-36.00444],[145.95947,-36.00843],[145.97091,-36.00547],[145.9741,-36.0082],[145.96934,-36.01346],[145.97345,-36.01589],[145.97769,-36.00947],[145.98908,-36.01303],[146.0073,-36.00312],[146.01635,-36.00764],[146.022,-35.9998],[146.03397,-35.99526],[146.03903,-36.00178],[146.04367,-35.99934],[146.05014,-36.00239],[146.05161,-35.99496],[146.0562,-35.99898],[146.05838,-36.01401],[146.07098,-36.0158],[146.07427,-36.00999],[146.07621,-36.01795],[146.09329,-36.02163],[146.09666,-36.01784],[146.08925,-36.01281],[146.09148,-36.0093],[146.10121,-36.01294],[146.10416,-36.00839],[146.11251,-36.00672],[146.10755,-36.01424],[146.11951,-36.01808],[146.11926,-36.01398],[146.12436,-36.01412],[146.12509,-36.01014],[146.13452,-36.0025],[146.14073,-36.00892],[146.13199,-36.01009],[146.13128,-36.01926],[146.14557,-36.01359],[146.14652,-36.02045],[146.15331,-36.02477],[146.15674,-36.02124],[146.16153,-36.02405],[146.17324,-36.0193],[146.17832,-36.0289],[146.17641,-36.03373],[146.18219,-36.03445],[146.17857,-36.0384],[146.18559,-36.04208],[146.19745,-36.0291],[146.19893,-36.03721],[146.20472,-36.03902],[146.21181,-36.02832],[146.21611,-36.03311],[146.21031,-36.03562],[146.21116,-36.03872],[146.22076,-36.03631],[146.2222,-36.02985],[146.22802,-36.02885],[146.23023,-36.03392],[146.2341,-36.02812],[146.24316,-36.02873],[146.24125,-36.02365],[146.25073,-36.02328],[146.24472,-36.01819],[146.25166,-36.01934],[146.25711,-36.01206],[146.26183,-36.0164],[146.261,-36.0217],[146.26705,-36.02092],[146.26778,-36.02503],[146.27307,-36.02653],[146.27806,-36.02271],[146.27434,-36.02056],[146.27679,-36.01732],[146.27479,-36.01239],[146.28273,-36.01087],[146.27871,-36.01568],[146.28644,-36.0142],[146.29103,-36.02049],[146.28189,-36.02333],[146.28245,-36.02661],[146.29162,-36.02436],[146.29334,-36.02908],[146.28604,-36.03045],[146.2915,-36.0358],[146.28489,-36.03714],[146.28348,-36.0418],[146.2914,-36.03878],[146.29206,-36.04517],[146.29963,-36.0477],[146.30213,-36.04457],[146.29684,-36.04466],[146.29703,-36.03998],[146.30096,-36.03647],[146.30226,-36.04254],[146.30551,-36.04312],[146.3087,-36.03912],[146.31301,-36.04556],[146.31626,-36.03817],[146.3197,-36.04231],[146.32933,-36.04311],[146.33148,-36.03603],[146.32504,-36.03372],[146.33116,-36.02639],[146.33857,-36.02631],[146.34596,-36.0292],[146.34983,-36.04148],[146.35731,-36.04048],[146.36888,-36.05069],[146.37953,-36.04475],[146.37614,-36.03842],[146.38259,-36.03942],[146.38781,-36.03528],[146.37939,-36.02705],[146.38064,-36.01294],[146.38847,-36.00712],[146.39909,-36.00725],[146.39796,-35.99668],[146.4027,-35.98843],[146.41502,-35.98456],[146.41181,-35.98139],[146.41492,-35.97898],[146.41404,-35.97524],[146.41945,-35.97865],[146.41894,-35.9732],[146.4251,-35.97297],[146.4217,-35.96576],[146.42585,-35.96369],[146.43742,-35.96728],[146.43892,-35.97399],[146.44276,-35.97631],[146.44766,-35.96466],[146.45377,-35.96218],[146.45615,-35.9665],[146.46161,-35.96513],[146.46194,-35.97057],[146.46965,-35.9761],[146.4654,-35.97963],[146.46651,-35.98388],[146.46992,-35.9807],[146.47279,-35.98371],[146.47658,-35.98194],[146.48689,-35.98521],[146.48937,-35.99043],[146.49786,-35.99069],[146.50359,-35.98757],[146.50215,-35.98318],[146.492,-35.9847],[146.50058,-35.97928],[146.49613,-35.97315],[146.5017,-35.95755],[146.51181,-35.96358],[146.5194,-35.96007],[146.52171,-35.96297],[146.51934,-35.96869],[146.52533,-35.96915],[146.53276,-35.97589],[146.532,-35.98345],[146.538,-35.9816],[146.54944,-35.99186],[146.55574,-35.98911],[146.5498,-35.98514],[146.5549,-35.98421],[146.5519,-35.97894],[146.55877,-35.97841],[146.55869,-35.97139],[146.56262,-35.96774],[146.56632,-35.97026],[146.56297,-35.97496],[146.56735,-35.97457],[146.56993,-35.97867],[146.57722,-35.97835],[146.58422,-35.98341],[146.58692,-35.98169],[146.58434,-35.97427],[146.59529,-35.97375],[146.59914,-35.97026],[146.60126,-35.97552],[146.60379,-35.97263],[146.61737,-35.97386],[146.61861,-35.97565],[146.61081,-35.97942],[146.61629,-35.98224],[146.60786,-35.98674],[146.61309,-35.99034],[146.61398,-35.99624],[146.62035,-35.99339],[146.62225,-35.9997],[146.6262,-35.99582],[146.62798,-35.99974],[146.63382,-35.99989],[146.63122,-36.00399],[146.6404,-36.00954],[146.64289,-36.00883],[146.64218,-36.00414],[146.64523,-36.00776],[146.6503,-36.00673],[146.65014,-36.01362],[146.65874,-36.01455],[146.65785,-36.01773],[146.65039,-36.01895],[146.65835,-36.02188],[146.65619,-36.02636],[146.66925,-36.02825],[146.66578,-36.02095],[146.66805,-36.01824],[146.67153,-36.02601],[146.67444,-36.02196],[146.68092,-36.02276],[146.68197,-36.02577],[146.67515,-36.02827],[146.683,-36.02993],[146.68011,-36.03445],[146.68579,-36.04049],[146.6894,-36.04066],[146.69512,-36.03438],[146.68993,-36.03011],[146.7075,-36.03604],[146.71013,-36.03359],[146.70588,-36.03018],[146.71586,-36.02641],[146.72215,-36.02864],[146.73171,-36.02352],[146.73278,-36.02636],[146.72809,-36.02947],[146.73515,-36.0363],[146.73139,-36.03866],[146.73095,-36.04529],[146.74474,-36.04771],[146.75299,-36.04193],[146.74696,-36.05646],[146.74966,-36.06114],[146.7552,-36.05901],[146.75322,-36.0552],[146.75838,-36.05582],[146.75642,-36.05187],[146.76189,-36.05142],[146.7612,-36.0587],[146.76458,-36.05932],[146.76675,-36.0554],[146.76775,-36.05863],[146.77597,-36.05922],[146.7814,-36.06447],[146.78255,-36.05878],[146.78712,-36.05887],[146.78689,-36.06457],[146.79595,-36.06531],[146.79894,-36.06294],[146.79365,-36.06131],[146.79461,-36.05882],[146.80097,-36.05861],[146.80332,-36.05513],[146.80634,-36.06099],[146.81445,-36.06412],[146.81309,-36.06809],[146.81842,-36.06794],[146.8145,-36.07045],[146.81561,-36.07407],[146.82544,-36.07057],[146.82328,-36.07444],[146.82756,-36.07758],[146.82132,-36.08396],[146.8252,-36.08874],[146.83707,-36.08217],[146.84647,-36.08667],[146.85139,-36.0839],[146.85665,-36.08515],[146.86105,-36.08198],[146.85688,-36.07741],[146.85819,-36.07519],[146.86092,-36.07407],[146.86044,-36.07757],[146.86468,-36.07824],[146.86443,-36.0731],[146.87288,-36.07367],[146.88114,-36.08745],[146.89039,-36.08797],[146.90104,-36.08299],[146.90683,-36.08488],[146.90291,-36.08661],[146.90611,-36.0915],[146.90338,-36.09837],[146.90837,-36.09938],[146.91233,-36.10493],[146.90692,-36.10701],[146.90692,-36.11092],[146.91395,-36.11275],[146.91769,-36.10808],[146.92393,-36.10833],[146.92545,-36.10601],[146.92148,-36.10072],[146.9278,-36.09693],[146.92996,-36.09915],[146.92816,-36.10583],[146.94394,-36.11594],[146.95265,-36.11061],[146.9485,-36.10286],[146.95194,-36.09992],[146.95088,-36.09336],[146.95883,-36.09189],[146.95517,-36.08907],[146.95929,-36.0845],[146.95697,-36.07808],[146.96622,-36.08353],[146.97267,-36.0822],[146.98113,-36.09478],[146.99046,-36.08617],[146.99942,-36.08729],[147.00742,-36.08376],[147.00665,-36.08913],[147.01649,-36.08971],[147.01298,-36.09569],[147.01541,-36.09964],[147.01366,-36.10479],[147.01777,-36.10574],[147.01994,-36.09902],[147.02778,-36.10097],[147.02643,-36.10528],[147.03174,-36.10922],[147.03314,-36.11527],[147.04305,-36.1096],[147.04343,-36.10515],[147.05318,-36.10679],[147.05543,-36.10143],[147.05067,-36.09527],[147.05349,-36.0942],[147.05307,-36.09058],[147.0592,-36.09006],[147.05875,-36.08597],[147.06337,-36.08303],[147.05986,-36.07521],[147.06179,-36.06668],[147.06723,-36.06896],[147.06848,-36.06136],[147.07466,-36.06499],[147.08061,-36.05765],[147.08652,-36.05642],[147.08107,-36.05425],[147.08861,-36.05378],[147.0907,-36.0495],[147.0957,-36.05279],[147.09233,-36.04406],[147.09534,-36.04757],[147.09814,-36.04639],[147.09989,-36.04197],[147.09669,-36.0397],[147.10399,-36.0333],[147.09305,-36.02722],[147.099,-36.02731],[147.09825,-36.01596],[147.1016,-36.01998],[147.10656,-36.0159],[147.10624,-36.01171],[147.09894,-36.01041],[147.10951,-36.01268],[147.11059,-36.0093],[147.10674,-36.00519],[147.11602,-36.00841],[147.11575,-36.00423],[147.11141,-36.00143],[147.1158,-35.99874],[147.11998,-36.00058],[147.12325,-35.99465],[147.12476,-36.0004],[147.12197,-36.00412],[147.12604,-36.00501],[147.12689,-36.01795],[147.13564,-36.02845],[147.14258,-36.02961],[147.1436,-36.03762],[147.14816,-36.03221],[147.15559,-36.03513],[147.16471,-36.03087],[147.18706,-36.03751],[147.18887,-36.04301],[147.19614,-36.04336],[147.20684,-36.04997],[147.21515,-36.04675],[147.22522,-36.04891],[147.23224,-36.0422],[147.23923,-36.04312],[147.24257,-36.03824],[147.25196,-36.04148],[147.26705,-36.03938],[147.28014,-36.04352],[147.28541,-36.03971],[147.28732,-36.04347],[147.30503,-36.04757],[147.30203,-36.05042],[147.30655,-36.05358],[147.30825,-36.0604],[147.31422,-36.06013],[147.31091,-36.05439],[147.31278,-36.05284],[147.31788,-36.05503],[147.31963,-36.06142],[147.32848,-36.05585],[147.33221,-36.0469],[147.34253,-36.04327],[147.35298,-36.03172],[147.34553,-36.02303],[147.34632,-36.01554],[147.35547,-36.00766],[147.35557,-36.00352],[147.35106,-36.00139],[147.3576,-35.99457],[147.35546,-35.98969],[147.36555,-35.98633],[147.37412,-35.97814],[147.37336,-35.96888],[147.39013,-35.97272],[147.38896,-35.96302],[147.3944,-35.96097],[147.38712,-35.95948],[147.39291,-35.95496],[147.39074,-35.94873],[147.40436,-35.94371],[147.40819,-35.94815],[147.41506,-35.9471],[147.43953,-35.956],[147.44383,-35.95336],[147.44479,-35.95848],[147.45051,-35.96086],[147.45606,-35.95877],[147.45463,-35.95255],[147.4631,-35.94457],[147.47809,-35.94179],[147.48141,-35.94828],[147.48562,-35.9489],[147.4945,-35.94381],[147.51145,-35.96252],[147.51535,-35.95915],[147.525,-35.96356],[147.51977,-35.96875],[147.521,-35.97261],[147.51489,-35.97584],[147.5199,-35.98025],[147.51999,-35.986],[147.54574,-35.99726],[147.55149,-36.00426],[147.58401,-35.98436],[147.58156,-35.97802],[147.56551,-35.97863],[147.55916,-35.97218],[147.54773,-35.97781],[147.55187,-35.97124],[147.54957,-35.96484],[147.56066,-35.96888],[147.56707,-35.96492],[147.56404,-35.9696],[147.57148,-35.96912],[147.57528,-35.9752],[147.57866,-35.97443],[147.5806,-35.96898],[147.59359,-35.96988],[147.60129,-35.97911],[147.62602,-35.96507],[147.63806,-35.9619],[147.64244,-35.9496],[147.64689,-35.94605],[147.67162,-35.94253],[147.67973,-35.94453],[147.7082,-35.92878],[147.71756,-35.93867],[147.71822,-35.94545],[147.72952,-35.94836],[147.74146,-35.9566],[147.75732,-35.95499],[147.7633,-35.9589],[147.77301,-35.95875],[147.76648,-35.96416],[147.77591,-35.96826],[147.79631,-35.96404],[147.80628,-35.96524],[147.81585,-35.97219],[147.8132,-35.97648],[147.81703,-35.97959],[147.83385,-35.97941],[147.83971,-35.9836],[147.84148,-35.9801],[147.84351,-35.98248],[147.85093,-35.98149],[147.85236,-35.98302],[147.84366,-35.98589],[147.84875,-35.98598],[147.84963,-35.98961],[147.8596,-35.98726],[147.86112,-35.9917],[147.87414,-35.99193],[147.88191,-35.99647],[147.88284,-36.00187],[147.88664,-35.99798],[147.89793,-35.99954],[147.8992,-35.99541],[147.89594,-35.99299],[147.91226,-35.99525],[147.91345,-35.9983],[147.90864,-36.00161],[147.91415,-36.0017],[147.91649,-36.00479],[147.91406,-36.00922],[147.91695,-36.01107],[147.9129,-36.0181],[147.91639,-36.01983],[147.91055,-36.02146],[147.91497,-36.02326],[147.91149,-36.02673],[147.92257,-36.02806],[147.93195,-36.03505],[147.9241,-36.03561],[147.92738,-36.03809],[147.92409,-36.04254],[147.93433,-36.04778],[147.93813,-36.04221],[147.94528,-36.04664],[147.95899,-36.04094],[147.95649,-36.04425],[147.96479,-36.04689],[147.96434,-36.04311],[147.97088,-36.03925],[147.97074,-36.04341],[147.97448,-36.03853],[147.97411,-36.04683],[147.97991,-36.04624],[147.98113,-36.04041],[147.98178,-36.04484],[147.98763,-36.04305],[147.98406,-36.04521],[147.98722,-36.04628],[147.98809,-36.05249],[147.98853,-36.04921],[147.99168,-36.05257],[147.99225,-36.04868],[147.99975,-36.04623],[147.99715,-36.04869],[147.9992,-36.05847],[147.99703,-36.05979],[148.0004,-36.06292],[147.99469,-36.06115],[147.99156,-36.06426],[147.99459,-36.06556],[147.98841,-36.07018],[147.99253,-36.07437],[147.98862,-36.07473],[147.98882,-36.07853],[147.99289,-36.08132],[147.9881,-36.08226],[147.98413,-36.07928],[147.98281,-36.08134],[147.98694,-36.08451],[147.98348,-36.082],[147.9804,-36.08651],[147.98615,-36.08793],[147.9846,-36.09061],[147.98862,-36.0903],[147.9892,-36.09306],[147.99409,-36.09276],[147.99143,-36.09513],[147.99582,-36.09586],[147.99441,-36.10035],[147.99937,-36.09855],[147.9995,-36.10363],[147.99412,-36.10543],[147.99827,-36.1068],[147.99818,-36.11013],[147.99176,-36.11088],[147.99676,-36.11217],[147.99288,-36.11209],[147.99301,-36.11557],[147.99841,-36.11588],[147.99318,-36.11652],[147.99549,-36.11887],[147.99098,-36.12193],[147.99848,-36.12166],[148.0016,-36.13123],[148.00648,-36.12981],[148.00249,-36.13661],[147.99998,-36.13621],[148.00204,-36.14003],[148.00452,-36.14005],[148.00477,-36.13583],[148.00745,-36.14086],[148.01026,-36.13637],[148.01067,-36.1392],[148.01428,-36.13759],[148.02114,-36.14206],[148.02547,-36.13999],[148.02906,-36.14442],[148.03169,-36.1427],[148.02997,-36.14064],[148.03253,-36.14306],[148.03783,-36.14116],[148.03485,-36.14446],[148.0354,-36.15274],[148.03154,-36.14944],[148.02917,-36.15538],[148.02261,-36.15399],[148.02686,-36.16158],[148.03494,-36.16287],[148.03232,-36.16764],[148.03062,-36.16582],[148.02366,-36.17025],[148.02627,-36.17579],[148.02351,-36.17381],[148.02168,-36.17605],[148.02435,-36.1882],[148.02694,-36.18711],[148.03638,-36.19435],[148.03958,-36.20572],[148.03687,-36.20698],[148.04057,-36.2079],[148.03445,-36.20872],[148.03859,-36.21244],[148.03527,-36.21339],[148.037,-36.21696],[148.03341,-36.21605],[148.02619,-36.22355],[148.03492,-36.23401],[148.03552,-36.2405],[148.02877,-36.24678],[148.03844,-36.25848],[148.03586,-36.26035],[148.04037,-36.26005],[148.03059,-36.26539],[148.03558,-36.27298],[148.03309,-36.27566],[148.03776,-36.2801],[148.03384,-36.28251],[148.04025,-36.28431],[148.04017,-36.2927],[148.03535,-36.29279],[148.03943,-36.29915],[148.04385,-36.29933],[148.03498,-36.3103],[148.03817,-36.31448],[148.04641,-36.31529],[148.04723,-36.31908],[148.05399,-36.317],[148.05803,-36.31953],[148.05116,-36.32394],[148.05559,-36.33354],[148.05227,-36.33825],[148.05395,-36.34133],[148.04523,-36.35181],[148.04915,-36.35561],[148.04433,-36.35427],[148.03783,-36.36633],[148.04603,-36.36716],[148.04003,-36.37181],[148.04375,-36.37491],[148.03829,-36.37854],[148.04543,-36.3824],[148.03772,-36.3906],[148.04631,-36.39079],[148.04966,-36.3991],[148.05815,-36.40095],[148.05844,-36.40665],[148.05461,-36.40896],[148.05992,-36.41576],[148.07633,-36.41805],[148.08035,-36.42221],[148.07916,-36.42504],[148.08786,-36.43522],[148.0875,-36.45191],[148.1238,-36.46299],[148.12501,-36.47897],[148.11907,-36.48205],[148.1266,-36.48477],[148.11759,-36.49551],[148.12778,-36.50251],[148.1295,-36.51327],[148.13933,-36.52568],[148.13282,-36.53445],[148.13343,-36.53912],[148.12795,-36.54167],[148.12875,-36.54595],[148.12357,-36.5504],[148.13356,-36.56734],[148.14732,-36.56315],[148.15071,-36.55819],[148.1588,-36.56574],[148.1564,-36.57151],[148.16262,-36.57271],[148.16077,-36.5798],[148.16939,-36.57364],[148.17143,-36.57834],[148.17945,-36.58029],[148.19005,-36.57662],[148.19007,-36.58487],[148.20583,-36.58683],[148.20441,-36.59239],[148.21744,-36.59816],[148.21243,-36.60074],[148.21579,-36.60453],[148.20953,-36.61041],[148.20695,-36.60825],[148.20225,-36.61199],[148.21434,-36.61069],[148.21318,-36.615],[148.21624,-36.61656],[148.21403,-36.62003],[148.21869,-36.61871],[148.22062,-36.62547],[148.2163,-36.62846],[148.21492,-36.63443],[148.21175,-36.63283],[148.21612,-36.63973],[148.21187,-36.64011],[148.20931,-36.6456],[148.21089,-36.6507],[148.20308,-36.65362],[148.20026,-36.65947],[148.20292,-36.6621],[148.19611,-36.66783],[148.19914,-36.67218],[148.1903,-36.67481],[148.18391,-36.68297],[148.18764,-36.68616],[148.1855,-36.68779],[148.18898,-36.68815],[148.17329,-36.70213],[148.16999,-36.7129],[148.16233,-36.71154],[148.16193,-36.71541],[148.1545,-36.72023],[148.14922,-36.71964],[148.13912,-36.73232],[148.13065,-36.7344],[148.13669,-36.73834],[148.13179,-36.74487],[148.13261,-36.75077],[148.12822,-36.75048],[148.12034,-36.75639],[148.12019,-36.75949],[148.12619,-36.75939],[148.1128,-36.76821],[148.10478,-36.78038],[148.10358,-36.78801],[148.09796,-36.78746],[148.10042,-36.79159],[148.10468,-36.78979],[148.11064,-36.79844],[148.10879,-36.80083],[148.11259,-36.80015],[148.12038,-36.80613],[148.12272,-36.80099],[148.1265,-36.80137],[148.12656,-36.7966],[148.14422,-36.7959],[148.15635,-36.79002],[148.15846,-36.79314],[148.16378,-36.79237],[148.16374,-36.79474],[148.16822,-36.79245],[148.17959,-36.79638],[148.18245,-36.80481],[148.19489,-36.79623],[148.20176,-36.79778],[148.20173,-36.77211],[148.20801,-36.76338],[148.20752,-36.75504],[148.2326,-36.74648],[148.23345,-36.73901],[148.24056,-36.72996],[148.23542,-36.72292],[148.23865,-36.70643],[148.25137,-36.70602],[148.25446,-36.69156],[148.25088,-36.68667],[148.2524,-36.68234],[148.24639,-36.66698],[148.23955,-36.66357],[148.24954,-36.63345],[148.24703,-36.62698],[148.25718,-36.61683],[148.27378,-36.619],[148.29029,-36.60909],[148.30495,-36.61058],[148.30308,-36.60038],[148.3113,-36.59563],[148.29766,-36.58773],[148.28762,-36.56886],[148.27785,-36.56048],[148.27123,-36.55916],[148.26927,-36.54933],[148.25041,-36.54371],[148.26107,-36.52731],[148.24702,-36.51021],[148.25031,-36.50233],[148.25895,-36.50057],[148.25736,-36.49745],[148.26381,-36.48198],[148.27057,-36.48211],[148.26887,-36.47078],[148.27307,-36.45902],[148.26329,-36.45545],[148.27143,-36.43811],[148.27002,-36.43363],[148.27861,-36.43138],[148.28085,-36.42118],[148.28615,-36.41858],[148.28897,-36.41111],[148.30388,-36.40276],[148.30712,-36.39268],[148.3148,-36.39332],[148.31959,-36.38684],[148.32875,-36.38325],[148.33241,-36.36995],[148.33717,-36.37151],[148.34258,-36.3685],[148.3463,-36.35894],[148.3519,-36.35708],[148.35743,-36.3405],[148.36732,-36.33957],[148.36565,-36.33014],[148.36856,-36.32523],[148.37338,-36.32471],[148.37192,-36.31577],[148.37473,-36.30639],[148.36869,-36.29974],[148.37292,-36.28803],[148.39642,-36.29059],[148.4052,-36.27913],[148.40987,-36.27825],[148.41585,-36.26347],[148.42545,-36.26275],[148.43101,-36.2569],[148.43473,-36.23992],[148.42747,-36.23387],[148.42463,-36.20979],[148.42641,-36.20348],[148.43525,-36.20198],[148.43832,-36.18637],[148.43603,-36.18113],[148.42787,-36.17682],[148.44072,-36.17227],[148.45272,-36.14919],[148.46098,-36.1449],[148.4567,-36.13917],[148.45749,-36.13071],[148.4534,-36.12668],[148.45984,-36.11844],[148.47073,-36.11888],[148.47891,-36.11359],[148.4769,-36.10621],[148.48209,-36.10056],[148.48636,-36.09839],[148.49142,-36.10032],[148.51295,-36.08769],[148.52213,-36.09024],[148.52601,-36.08796],[148.53229,-36.09582],[148.55254,-36.10566],[148.56145,-36.10515],[148.56598,-36.09342],[148.56026,-36.08357],[148.57009,-36.06894],[148.56046,-36.05739],[148.56147,-36.05234],[148.55595,-36.04153],[148.5601,-36.02154],[148.55848,-36.00041],[148.5335,-36.00002],[148.53445,-35.99157],[148.52997,-35.9872],[148.4947,-35.96532],[148.49376,-35.95848],[148.48746,-35.95544],[148.48307,-35.94618],[148.47394,-35.94561],[148.46889,-35.94186],[148.47136,-35.91502],[148.46282,-35.90768],[148.44648,-35.90569],[148.43832,-35.89889],[148.44578,-35.87376],[148.451,-35.87132],[148.45011,-35.86189],[148.44693,-35.8592],[148.45186,-35.85361],[148.45307,-35.8404],[148.46008,-35.82862],[148.47103,-35.82355],[148.46891,-35.81599],[148.4577,-35.81349],[148.44496,-35.80483],[148.44021,-35.81264],[148.42342,-35.80817],[148.42092,-35.8117],[148.42143,-35.80278],[148.41558,-35.79458],[148.40301,-35.7935],[148.40445,-35.79012],[148.39414,-35.78419],[148.39168,-35.78619],[148.38683,-35.78364],[148.38164,-35.77791],[148.38175,-35.77348],[148.36843,-35.76809],[148.36698,-35.76081],[148.35701,-35.75934],[148.35571,-35.76226],[148.35113,-35.75658],[148.3533,-35.75308],[148.34254,-35.75202],[148.34385,-35.74406],[148.33898,-35.74555],[148.33542,-35.74254],[148.34096,-35.73177],[148.33973,-35.72679],[148.33377,-35.71959],[148.32417,-35.72296],[148.33381,-35.71545],[148.32506,-35.71017],[148.32605,-35.70508],[148.31854,-35.70227],[148.32276,-35.6952],[148.31755,-35.69078],[148.3216,-35.6873],[148.32117,-35.67904],[148.29744,-35.68254],[148.28606,-35.68803],[148.2826,-35.70453],[148.27292,-35.70311],[148.27479,-35.69416],[148.25756,-35.69153],[148.26835,-35.70077],[148.26478,-35.71438],[148.26936,-35.71731],[148.24297,-35.71087],[148.23356,-35.72051],[148.22326,-35.72424],[148.21618,-35.72326],[148.21522,-35.72769],[148.20518,-35.72159],[148.20571,-35.70754],[148.19593,-35.70511],[148.19014,-35.69703],[148.18126,-35.69755],[148.17787,-35.69125],[148.15436,-35.69146],[148.15373,-35.68469],[148.14258,-35.67953],[148.14522,-35.66786],[148.13652,-35.65814],[148.14188,-35.65498],[148.13989,-35.64661],[148.14827,-35.64705],[148.13971,-35.63064],[148.14102,-35.61888],[148.13573,-35.61282],[148.13292,-35.60135],[148.11825,-35.60606],[148.11105,-35.60143],[148.10511,-35.60169],[148.09845,-35.60356],[148.09459,-35.6122],[148.09061,-35.61186],[148.09402,-35.60576],[148.09304,-35.59781],[148.08831,-35.59261],[148.09211,-35.58464],[148.08811,-35.5731],[148.09239,-35.56239],[148.05867,-35.55849],[148.05751,-35.5608],[148.04527,-35.55998],[148.03971,-35.56484],[148.0258,-35.56504],[148.01748,-35.56879],[148.01764,-35.56594],[148.0129,-35.56689],[148.00754,-35.57467],[147.99058,-35.57114],[147.98989,-35.56792],[147.97496,-35.57277],[147.96474,-35.56815],[147.95658,-35.57181],[147.91898,-35.56759],[147.92107,-35.55895],[147.91706,-35.5606],[147.91152,-35.55585],[147.8912,-35.5533],[147.8929,-35.54433],[147.86334,-35.54065],[147.86217,-35.54686],[147.84731,-35.54488],[147.8454,-35.55459],[147.81213,-35.54941],[147.80736,-35.54943],[147.8068,-35.55219],[147.79435,-35.55057],[147.79244,-35.54726],[147.78926,-35.55155],[147.75439,-35.5446],[147.75572,-35.53345],[147.73692,-35.53101],[147.74154,-35.53707],[147.73829,-35.54107],[147.6856,-35.53418],[147.68119,-35.55666],[147.66819,-35.54675],[147.6503,-35.5388],[147.63098,-35.54716],[147.60896,-35.54019],[147.60022,-35.52883],[147.59436,-35.5271],[147.59283,-35.52349],[147.58864,-35.5243],[147.58132,-35.51553],[147.5692,-35.51583],[147.56855,-35.51032],[147.5566,-35.50571],[147.55333,-35.49859],[147.5285,-35.49083],[147.52739,-35.48439],[147.52204,-35.48211],[147.51478,-35.48862],[147.51943,-35.49382],[147.51815,-35.49695],[147.50017,-35.50874],[147.49824,-35.51376],[147.50174,-35.52208],[147.50045,-35.52847],[147.49528,-35.52998],[147.48826,-35.54564],[147.46745,-35.53922],[147.45628,-35.53094],[147.4446,-35.5301],[147.43822,-35.5374],[147.42717,-35.53951],[147.42402,-35.53471],[147.41902,-35.53359],[147.40379,-35.54478],[147.39151,-35.56361],[147.38501,-35.55923],[147.38669,-35.55538],[147.38233,-35.55091],[147.38795,-35.53886],[147.38449,-35.53554],[147.3881,-35.53196],[147.37801,-35.53086],[147.37898,-35.52574],[147.36381,-35.51386],[147.33354,-35.50948],[147.32812,-35.50405],[147.30549,-35.4993],[147.30303,-35.49558],[147.29738,-35.49574],[147.29389,-35.50129],[147.28356,-35.5003],[147.28009,-35.49387],[147.26644,-35.49213],[147.2632,-35.48854],[147.25148,-35.49108],[147.24676,-35.4881],[147.23789,-35.47049],[147.23256,-35.46946],[147.22643,-35.47367],[147.21734,-35.47096],[147.21102,-35.47272],[147.19546,-35.46608],[147.19232,-35.46209],[147.1941,-35.45469],[147.18498,-35.44846],[147.17494,-35.45708],[147.1716,-35.45488],[147.16625,-35.45682],[147.1578,-35.46915],[147.13241,-35.46789],[147.12653,-35.46462],[147.12182,-35.4562],[147.11024,-35.45594],[147.10526,-35.45273],[147.09861,-35.45436],[147.08735,-35.45045],[147.07023,-35.45295],[147.07125,-35.46059],[147.05176,-35.47031],[147.04018,-35.48419],[147.01661,-35.49387],[146.99391,-35.48927],[146.99119,-35.51683],[146.9819,-35.51563],[146.97969,-35.52231],[146.97077,-35.51942],[146.96215,-35.52387],[146.95547,-35.52306],[146.95372,-35.52792],[146.9222,-35.54711],[146.91166,-35.54745],[146.91024,-35.55464],[146.90086,-35.56048],[146.89091,-35.56047],[146.88838,-35.57323],[146.87235,-35.57105],[146.87137,-35.57585],[146.79767,-35.56628],[146.79616,-35.57499],[146.67297,-35.55526],[146.67417,-35.54915],[146.66233,-35.54775],[146.66978,-35.52027],[146.56029,-35.49643],[146.5543,-35.49435],[146.55485,-35.49155],[146.53945,-35.49072],[146.5401,-35.48716],[146.43189,-35.47138],[146.43119,-35.47498],[146.39939,-35.43466],[146.39138,-35.42987],[146.3797,-35.41151],[146.3808,-35.40568],[146.37458,-35.40489],[146.36508,-35.38931],[146.35423,-35.38778],[146.36402,-35.33737],[146.36989,-35.33715],[146.37295,-35.32099],[146.38877,-35.32284],[146.39247,-35.30299],[146.40338,-35.30439],[146.41367,-35.25053],[146.38655,-35.24744],[146.38895,-35.23206],[146.44682,-35.1942],[146.44816,-35.1872],[146.45199,-35.18768],[146.45154,-35.19124],[146.56429,-35.1187],[146.5968,-35.11488],[146.59948,-35.11702],[146.59943,-35.11321],[146.6037,-35.11425],[146.60388,-35.11181],[146.61475,-35.11444],[146.62554,-35.10066],[146.65318,-35.09015],[146.65968,-35.0908],[146.68799,-35.07045],[146.69048,-35.056],[146.67751,-35.05436],[146.67232,-35.06017],[146.36904,-34.91445],[146.31632,-34.90372],[146.31729,-34.8982],[146.263,-34.88074],[146.25803,-34.88684],[146.2555,-34.88545]]]},"properties":{"districtname":"ALBURY","urbanity":"R"}},{"type":"Feature","geometry":{"type":"Polygon","coordinates":[[[151.29966,-33.74535],[151.29136,-33.74665],[151.28081,-33.75848],[151.27219,-33.76139],[151.26601,-33.77025],[151.26698,-33.77739],[151.25598,-33.77907],[151.25557,-33.78382],[151.23227,-33.77786],[151.23352,-33.80578],[151.24227,-33.80624],[151.24886,-33.8024],[151.25968,-33.82285],[151.26642,-33.8204],[151.27477,-33.823],[151.27452,-33.82535],[151.2812,-33.82312],[151.28772,-33.82988],[151.30149,-33.82347],[151.30121,-33.81835],[151.30742,-33.80712],[151.29795,-33.79878],[151.2906,-33.79934],[151.28796,-33.79341],[151.29034,-33.78287],[151.29615,-33.78145],[151.29335,-33.77304],[151.2986,-33.76752],[151.30235,-33.7681],[151.29732,-33.75326],[151.30441,-33.74673],[151.29966,-33.74535]]]},"properties":{"districtname":"MANLY","urbanity":"U"}},{"type":"Feature","geometry":{"type":"Polygon","coordinates":[[[151.22855,-33.69466],[151.21251,-33.70074],[151.2215,-33.73135],[151.22031,-33.74044],[151.22659,-33.75158],[151.21857,-33.75232],[151.21641,-33.7494],[151.2096,-33.7539],[151.19989,-33.75322],[151.19098,-33.75691],[151.19864,-33.76185],[151.19908,-33.76741],[151.21384,-33.78282],[151.23103,-33.7839],[151.23227,-33.77786],[151.25557,-33.78382],[151.25598,-33.77907],[151.26698,-33.77739],[151.26601,-33.77025],[151.27188,-33.76171],[151.28081,-33.75848],[151.29136,-33.74665],[151.30442,-33.74673],[151.31741,-33.74202],[151.30717,-33.73799],[151.30029,-33.72492],[151.27282,-33.72238],[151.27122,-33.71984],[151.27436,-33.71814],[151.26971,-33.71468],[151.27566,-33.71037],[151.27167,-33.7061],[151.26195,-33.70575],[151.24513,-33.69788],[151.23574,-33.70119],[151.22855,-33.69466]]]},"properties":{"districtname":"WAKEHURST","urbanity":"R"}},{"type":"Feature","geometry":{"type":"MultiPolygon","coordinates":[[[[153.50863,-28.46131],[153.50553,-28.46253],[153.50603,-28.46794],[153.48668,-28.46519],[153.48465,-28.47652],[153.46673,-28.47661],[153.4661,-28.47998],[153.4495,-28.47791],[153.44998,-28.47534],[153.4334,-28.47292],[153.43409,-28.46927],[153.41983,-28.46722],[153.41929,-28.47022],[153.4084,-28.46866],[153.40672,-28.47752],[153.37349,-28.47186],[153.37458,-28.48423],[153.36853,-28.49344],[153.36867,-28.50176],[153.37448,-28.50698],[153.39257,-28.50951],[153.39377,-28.51813],[153.40009,-28.52129],[153.40539,-28.52278],[153.4116,-28.51961],[153.41169,-28.52784],[153.42674,-28.53776],[153.4253,-28.54075],[153.41676,-28.54186],[153.41636,-28.54743],[153.42653,-28.55819],[153.42598,-28.5613],[153.43233,-28.56201],[153.43437,-28.57065],[153.44879,-28.57496],[153.45773,-28.56979],[153.48716,-28.56955],[153.48133,-28.57843],[153.47035,-28.58229],[153.46518,-28.59373],[153.45894,-28.59549],[153.45956,-28.59278],[153.45172,-28.59027],[153.45525,-28.5938],[153.44987,-28.59727],[153.4588,-28.60481],[153.46441,-28.60211],[153.46919,-28.60599],[153.46526,-28.60731],[153.46294,-28.61468],[153.4662,-28.61791],[153.46226,-28.61951],[153.46415,-28.62557],[153.46933,-28.62602],[153.47041,-28.62985],[153.46578,-28.63184],[153.46928,-28.63441],[153.46649,-28.64259],[153.47193,-28.64787],[153.46869,-28.65122],[153.4748,-28.6514],[153.48046,-28.65996],[153.4876,-28.65859],[153.49018,-28.6614],[153.48726,-28.66751],[153.47912,-28.66702],[153.47824,-28.67142],[153.47309,-28.67279],[153.48146,-28.67944],[153.48253,-28.68477],[153.47799,-28.6968],[153.47136,-28.69556],[153.47318,-28.69928],[153.46686,-28.7017],[153.46566,-28.70682],[153.48023,-28.70673],[153.47879,-28.71465],[153.48726,-28.71679],[153.48442,-28.72182],[153.47966,-28.7206],[153.47884,-28.72454],[153.48542,-28.72698],[153.48227,-28.7321],[153.48761,-28.73583],[153.47906,-28.73858],[153.48368,-28.74082],[153.48155,-28.74333],[153.48413,-28.74753],[153.48891,-28.74677],[153.48848,-28.75401],[153.48138,-28.7545],[153.48081,-28.75019],[153.47809,-28.74992],[153.47394,-28.75552],[153.47489,-28.75984],[153.47223,-28.76207],[153.46476,-28.76047],[153.46279,-28.76562],[153.44964,-28.75503],[153.44163,-28.76294],[153.44663,-28.77307],[153.44273,-28.77925],[153.43682,-28.78338],[153.43091,-28.78231],[153.42865,-28.78695],[153.42451,-28.7837],[153.42675,-28.79449],[153.41126,-28.79232],[153.41245,-28.78653],[153.40226,-28.7851],[153.39731,-28.79088],[153.38369,-28.7972],[153.38236,-28.80781],[153.38978,-28.81188],[153.38696,-28.82741],[153.39092,-28.83019],[153.38922,-28.83249],[153.39648,-28.83629],[153.39432,-28.8391],[153.39629,-28.84304],[153.38983,-28.84429],[153.39235,-28.84955],[153.37966,-28.85112],[153.38104,-28.86225],[153.37714,-28.86238],[153.36851,-28.87051],[153.36895,-28.87426],[153.36561,-28.87476],[153.36324,-28.88056],[153.36561,-28.88293],[153.3632,-28.88577],[153.36573,-28.89038],[153.3625,-28.89177],[153.36625,-28.89387],[153.36483,-28.89941],[153.37923,-28.90262],[153.38128,-28.91169],[153.38865,-28.9167],[153.38738,-28.9235],[153.3812,-28.92246],[153.37577,-28.95263],[153.3844,-28.95397],[153.39023,-28.97025],[153.4053,-28.98086],[153.40706,-28.98613],[153.42088,-28.99088],[153.42893,-29.00103],[153.46048,-28.99156],[153.46739,-28.99393],[153.48506,-28.99031],[153.54622,-28.91579],[153.57759,-28.8833],[153.59234,-28.87565],[153.5904,-28.87249],[153.59909,-28.85924],[153.59911,-28.85412],[153.60884,-28.84337],[153.60445,-28.83913],[153.60796,-28.83048],[153.6083,-28.8222],[153.60401,-28.81756],[153.60643,-28.80873],[153.59655,-28.8009],[153.59534,-28.78174],[153.60413,-28.74846],[153.61906,-28.72208],[153.61655,-28.7178],[153.61935,-28.70596],[153.61549,-28.70433],[153.61409,-28.69745],[153.61805,-28.67834],[153.62842,-28.65311],[153.63724,-28.64269],[153.63853,-28.63313],[153.61914,-28.64184],[153.60048,-28.63268],[153.58611,-28.61738],[153.57013,-28.59224],[153.5611,-28.56435],[153.55837,-28.53817],[153.55324,-28.52627],[153.55288,-28.47722],[153.53814,-28.4752],[153.53852,-28.47304],[153.53092,-28.47199],[153.53171,-28.4675],[153.50811,-28.46425],[153.50863,-28.46131]]],[[[153.6213,-28.705],[153.62009,-28.70555],[153.62061,-28.70583],[153.6213,-28.705]]],[[[153.62295,-28.70557],[153.62189,-28.70599],[153.62241,-28.7063],[153.62295,-28.70557]]],[[[153.61864,-28.71148],[153.61849,-28.71113],[153.61823,-28.71121],[153.61864,-28.71148]]],[[[153.61913,-28.72284],[153.61881,-28.72286],[153.61903,-28.72301],[153.61913,-28.72284]]],[[[153.6194,-28.70788],[153.61951,-28.70761],[153.61933,-28.7078],[153.6194,-28.70788]]]]},"properties":{"districtname":"BALLINA","urbanity":"R"}},{"type":"Feature","geometry":{"type":"Polygon","coordinates":[[[150.71008,-33.78611],[150.68159,-33.77967],[150.65945,-33.76433],[150.64219,-33.78023],[150.61987,-33.81446],[150.59548,-33.8297],[150.58896,-33.84846],[150.59531,-33.85702],[150.61695,-33.85779],[150.61712,-33.86185],[150.62672,-33.86274],[150.63469,-33.85581],[150.63864,-33.86156],[150.63667,-33.8667],[150.63984,-33.87865],[150.6347,-33.88688],[150.63448,-33.90201],[150.63843,-33.90906],[150.64428,-33.90999],[150.64915,-33.91579],[150.63917,-33.92983],[150.63106,-33.9308],[150.61952,-33.94807],[150.61952,-33.95826],[150.62391,-33.96038],[150.62998,-33.95776],[150.62888,-33.97243],[150.64373,-33.97831],[150.65132,-33.98544],[150.66991,-33.98587],[150.66961,-33.99209],[150.67782,-33.99918],[150.68327,-34.0005],[150.68436,-34.00371],[150.70217,-34.0077],[150.71027,-34.01456],[150.72415,-34.0144],[150.7244,-34.0118],[150.73236,-34.01465],[150.74152,-34.01333],[150.74817,-34.0183],[150.76119,-34.02],[150.76688,-34.01315],[150.75502,-34.00029],[150.75681,-33.98692],[150.75209,-33.93638],[150.75842,-33.93181],[150.75528,-33.9113],[150.76008,-33.90555],[150.7633,-33.9068],[150.76325,-33.90137],[150.7719,-33.89389],[150.77136,-33.88811],[150.76551,-33.88651],[150.7687,-33.88542],[150.76651,-33.88337],[150.76791,-33.87571],[150.79344,-33.88069],[150.82033,-33.8807],[150.82859,-33.87558],[150.83906,-33.87468],[150.84999,-33.88173],[150.85367,-33.86315],[150.86335,-33.86452],[150.87075,-33.8569],[150.86811,-33.84957],[150.87351,-33.8454],[150.87346,-33.84012],[150.88056,-33.82826],[150.85221,-33.82074],[150.85427,-33.79803],[150.83592,-33.79278],[150.75911,-33.78309],[150.71008,-33.78611]]]},"properties":{"districtname":"BADGERYS CREEK","urbanity":"R"}},{"type":"Feature","geometry":{"type":"MultiPolygon","coordinates":[[[[152.91897,-28.71092],[152.90568,-28.71382],[152.90773,-28.72271],[152.9054,-28.73021],[152.9157,-28.73685],[152.91781,-28.75045],[152.92467,-28.75554],[152.92159,-28.76124],[152.92678,-28.76467],[152.92398,-28.7705],[152.93232,-28.77403],[152.93097,-28.77821],[152.93875,-28.77995],[152.93558,-28.78509],[152.94,-28.78382],[152.9425,-28.79102],[152.94807,-28.79111],[152.94476,-28.7952],[152.94674,-28.79826],[152.95324,-28.79819],[152.95263,-28.80146],[152.92911,-28.80443],[152.91498,-28.81542],[152.91387,-28.82111],[152.9052,-28.81794],[152.9047,-28.82164],[152.88761,-28.8193],[152.88461,-28.83597],[152.87963,-28.8353],[152.87836,-28.8427],[152.87554,-28.84356],[152.87359,-28.83987],[152.86752,-28.83969],[152.86323,-28.85266],[152.85827,-28.85199],[152.85627,-28.86395],[152.85114,-28.8676],[152.84598,-28.88072],[152.84613,-28.88786],[152.82228,-28.88204],[152.81881,-28.89163],[152.81982,-28.90367],[152.7987,-28.90994],[152.7862,-28.92652],[152.77534,-28.92536],[152.7743,-28.92146],[152.75031,-28.91382],[152.75324,-28.92746],[152.74371,-28.93419],[152.74193,-28.94391],[152.74906,-28.95334],[152.74833,-28.96271],[152.74281,-28.97014],[152.74655,-28.99128],[152.72448,-29.01111],[152.7117,-29.01311],[152.70365,-29.01924],[152.69528,-29.01687],[152.68949,-29.02294],[152.67159,-29.02164],[152.66186,-29.01988],[152.66434,-29.00587],[152.59912,-28.99613],[152.59802,-29.00002],[152.59363,-28.99944],[152.59425,-29.00291],[152.58111,-29.0079],[152.56197,-28.9984],[152.56002,-28.99029],[152.53314,-28.98392],[152.53019,-28.98844],[152.50833,-28.98034],[152.50958,-28.97324],[152.48666,-28.96996],[152.48866,-28.97708],[152.47675,-28.97259],[152.46386,-28.9747],[152.46224,-28.97721],[152.46485,-28.97958],[152.47322,-28.98038],[152.47575,-28.99001],[152.46397,-28.99171],[152.46449,-28.9984],[152.47161,-29.00441],[152.46453,-29.00796],[152.45528,-29.02099],[152.45447,-29.02691],[152.4593,-29.03208],[152.44619,-29.02846],[152.42294,-29.03666],[152.4439,-29.03974],[152.44097,-29.05335],[152.43058,-29.06457],[152.43112,-29.07195],[152.41898,-29.08103],[152.42101,-29.08408],[152.45501,-29.08901],[152.44424,-29.14416],[152.41776,-29.15226],[152.41381,-29.16124],[152.41891,-29.1688],[152.41749,-29.17219],[152.42514,-29.17838],[152.40522,-29.21115],[152.41412,-29.22888],[152.39373,-29.24139],[152.38763,-29.23995],[152.38051,-29.24531],[152.36528,-29.24603],[152.3575,-29.25062],[152.35165,-29.24881],[152.34046,-29.25738],[152.33739,-29.26355],[152.32288,-29.27013],[152.32111,-29.2775],[152.31418,-29.28249],[152.30648,-29.28309],[152.31466,-29.29851],[152.30882,-29.30488],[152.29862,-29.30608],[152.3001,-29.31359],[152.30713,-29.32083],[152.33101,-29.32878],[152.33617,-29.33399],[152.33672,-29.33819],[152.33152,-29.34182],[152.45232,-29.35993],[152.44673,-29.36108],[152.4409,-29.37558],[152.43448,-29.37848],[152.43604,-29.38209],[152.43223,-29.39261],[152.42587,-29.39285],[152.41995,-29.39825],[152.40866,-29.39847],[152.40432,-29.43277],[152.39718,-29.43175],[152.39456,-29.4461],[152.38879,-29.4453],[152.41246,-29.50687],[152.40523,-29.5168],[152.38982,-29.52195],[152.38717,-29.5276],[152.35956,-29.53977],[152.3545,-29.54546],[152.33613,-29.64076],[152.32654,-29.64788],[152.3265,-29.65547],[152.31204,-29.65151],[152.31165,-29.6643],[152.30504,-29.6617],[152.30382,-29.66741],[152.2942,-29.66903],[152.28967,-29.67578],[152.28076,-29.66594],[152.27664,-29.6728],[152.2759,-29.68245],[152.26169,-29.69855],[152.26181,-29.7015],[152.27075,-29.7069],[152.26215,-29.71249],[152.26575,-29.72758],[152.26137,-29.72782],[152.25506,-29.73427],[152.26448,-29.75076],[152.25917,-29.75812],[152.2555,-29.75745],[152.25385,-29.75259],[152.24739,-29.75638],[152.22946,-29.75488],[152.22664,-29.76101],[152.21573,-29.76095],[152.20524,-29.77213],[152.20661,-29.77767],[152.20147,-29.78111],[152.20296,-29.78672],[152.19103,-29.7882],[152.19292,-29.79152],[152.19013,-29.79633],[152.19418,-29.80015],[152.18787,-29.79942],[152.18651,-29.80238],[152.19314,-29.80672],[152.18,-29.8066],[152.17651,-29.81679],[152.17029,-29.82213],[152.17594,-29.82212],[152.17445,-29.82669],[152.17784,-29.82673],[152.17434,-29.8316],[152.17578,-29.83583],[152.17023,-29.84057],[152.17546,-29.84258],[152.17765,-29.84769],[152.1753,-29.85002],[152.17309,-29.84761],[152.16839,-29.85344],[152.16815,-29.86912],[152.19242,-29.8766],[152.19796,-29.87575],[152.20006,-29.8684],[152.20803,-29.86604],[152.21393,-29.87132],[152.22203,-29.87205],[152.23412,-29.86394],[152.2511,-29.86496],[152.26806,-29.84752],[152.27081,-29.84893],[152.27353,-29.84622],[152.27599,-29.85335],[152.28196,-29.85671],[152.27679,-29.86446],[152.28768,-29.8734],[152.28127,-29.87826],[152.28534,-29.88618],[152.28108,-29.90006],[152.28566,-29.90789],[152.269,-29.91248],[152.27012,-29.91583],[152.2784,-29.91786],[152.26774,-29.92327],[152.26806,-29.92856],[152.27213,-29.92836],[152.2786,-29.92122],[152.28341,-29.92506],[152.27995,-29.9292],[152.26966,-29.93238],[152.2735,-29.9449],[152.27242,-29.95156],[152.27505,-29.9604],[152.28195,-29.96536],[152.28734,-29.96413],[152.28604,-29.96909],[152.28986,-29.97535],[152.30807,-29.98023],[152.30061,-29.98524],[152.30803,-29.9872],[152.30822,-29.99412],[152.31657,-30.00071],[152.31709,-30.00593],[152.31292,-30.01425],[152.31563,-30.01846],[152.31303,-30.02809],[152.31518,-30.0342],[152.29465,-30.04078],[152.29919,-30.04624],[152.29283,-30.05191],[152.29996,-30.05693],[152.29177,-30.06325],[152.29986,-30.07112],[152.29241,-30.07112],[152.29568,-30.07478],[152.29211,-30.07724],[152.2939,-30.08538],[152.27975,-30.08802],[152.28441,-30.0943],[152.27944,-30.09933],[152.29237,-30.11195],[152.29242,-30.11663],[152.29541,-30.11379],[152.29827,-30.11706],[152.29728,-30.12139],[152.30047,-30.12329],[152.3023,-30.13178],[152.29656,-30.13275],[152.29701,-30.13807],[152.30525,-30.14049],[152.2978,-30.14729],[152.30335,-30.14463],[152.30968,-30.14789],[152.30493,-30.16139],[152.30729,-30.16218],[152.30918,-30.15804],[152.31656,-30.16162],[152.30924,-30.161],[152.30662,-30.16746],[152.30984,-30.168],[152.31112,-30.17365],[152.3032,-30.17917],[152.30978,-30.18127],[152.31334,-30.17781],[152.31708,-30.18211],[152.31248,-30.18403],[152.31453,-30.18749],[152.31107,-30.18998],[152.31338,-30.1924],[152.30949,-30.19585],[152.31048,-30.2008],[152.31585,-30.20186],[152.31571,-30.20883],[152.3193,-30.20681],[152.31862,-30.2101],[152.32463,-30.21025],[152.32585,-30.21719],[152.32969,-30.21644],[152.33161,-30.22056],[152.33766,-30.21841],[152.33906,-30.22541],[152.34489,-30.22704],[152.34376,-30.22966],[152.35039,-30.23517],[152.34343,-30.24695],[152.34007,-30.24731],[152.34057,-30.25092],[152.33743,-30.25263],[152.33988,-30.25663],[152.33733,-30.25815],[152.34229,-30.26915],[152.33936,-30.28226],[152.34424,-30.29017],[152.34931,-30.29161],[152.34187,-30.31095],[152.34461,-30.31508],[152.34288,-30.32423],[152.34702,-30.32593],[152.34519,-30.33211],[152.35117,-30.3337],[152.34947,-30.33954],[152.35477,-30.34036],[152.35178,-30.35535],[152.36556,-30.35412],[152.36458,-30.36096],[152.38192,-30.36261],[152.38992,-30.37469],[152.38754,-30.38315],[152.41672,-30.40725],[152.4242,-30.41792],[152.42819,-30.41877],[152.43049,-30.40616],[152.44109,-30.39889],[152.44892,-30.40091],[152.45391,-30.39675],[152.47859,-30.39698],[152.4841,-30.39153],[152.47767,-30.38982],[152.47812,-30.36841],[152.47467,-30.35679],[152.47668,-30.34774],[152.48204,-30.34548],[152.47879,-30.33784],[152.48254,-30.33736],[152.48075,-30.33209],[152.4935,-30.3369],[152.49654,-30.33145],[152.50169,-30.33003],[152.50773,-30.31946],[152.52596,-30.31183],[152.52926,-30.30143],[152.53304,-30.30092],[152.53103,-30.29564],[152.53306,-30.29279],[152.53859,-30.29549],[152.54711,-30.28887],[152.55066,-30.28149],[152.55486,-30.28114],[152.55035,-30.27744],[152.55511,-30.27381],[152.55723,-30.26249],[152.55127,-30.25825],[152.5597,-30.24525],[152.55804,-30.24096],[152.56475,-30.23932],[152.56121,-30.2335],[152.57399,-30.24465],[152.58035,-30.24227],[152.58264,-30.24436],[152.58647,-30.24105],[152.60291,-30.25228],[152.61161,-30.2495],[152.61595,-30.25817],[152.62674,-30.25983],[152.63053,-30.25622],[152.63492,-30.25699],[152.6334,-30.25377],[152.63843,-30.25139],[152.64174,-30.25201],[152.63945,-30.25526],[152.64376,-30.25467],[152.64678,-30.25859],[152.64818,-30.253],[152.6549,-30.25531],[152.66326,-30.2519],[152.66328,-30.24706],[152.66898,-30.24501],[152.67122,-30.23858],[152.6974,-30.2239],[152.69327,-30.21846],[152.69397,-30.21102],[152.70554,-30.20735],[152.70756,-30.20353],[152.69754,-30.19907],[152.69277,-30.18897],[152.75083,-30.19661],[152.75002,-30.18854],[152.75506,-30.18682],[152.75528,-30.18079],[152.80359,-30.18957],[152.80372,-30.18579],[152.79883,-30.18313],[152.80615,-30.17287],[152.79972,-30.17025],[152.80054,-30.16234],[152.79579,-30.15569],[152.80847,-30.14742],[152.80489,-30.14327],[152.80876,-30.1388],[152.8081,-30.12566],[152.82482,-30.13125],[152.81965,-30.13908],[152.82195,-30.14292],[152.82929,-30.14469],[152.8346,-30.14051],[152.8386,-30.14401],[152.84507,-30.14224],[152.8574,-30.14789],[152.86702,-30.13975],[152.86656,-30.13406],[152.86943,-30.13576],[152.87318,-30.13296],[152.87249,-30.12883],[152.88074,-30.12954],[152.8828,-30.12675],[152.88793,-30.13424],[152.90008,-30.14277],[152.90699,-30.14373],[152.91771,-30.15433],[152.9342,-30.12374],[152.97335,-30.12987],[152.97666,-30.11225],[152.97202,-30.10563],[152.96632,-30.10342],[152.97834,-30.1014],[152.98361,-30.08932],[152.99467,-30.09181],[152.99383,-30.09623],[152.99837,-30.0969],[152.99897,-30.09378],[153.01761,-30.09645],[153.01775,-30.08707],[153.03844,-30.08944],[153.03476,-30.08757],[153.03681,-30.07464],[153.04123,-30.07149],[153.04724,-30.07238],[153.05355,-30.05944],[153.05038,-30.04997],[153.04433,-30.04424],[153.05452,-30.04576],[153.0569,-30.03869],[153.06302,-30.03453],[153.08345,-30.03708],[153.08188,-30.04583],[153.09029,-30.04698],[153.0932,-30.03185],[153.10289,-30.03064],[153.10488,-30.01745],[153.10005,-30.01925],[153.10076,-30.01521],[153.09105,-30.01391],[153.09418,-29.99578],[153.10105,-29.99879],[153.10924,-29.99632],[153.1112,-29.98643],[153.11687,-29.98725],[153.11767,-29.98321],[153.12096,-29.9837],[153.12242,-29.97633],[153.1439,-29.98043],[153.14432,-29.95807],[153.13597,-29.95458],[153.13747,-29.94298],[153.12833,-29.94222],[153.13371,-29.93463],[153.15222,-29.93705],[153.15514,-29.92131],[153.16017,-29.93019],[153.16597,-29.92399],[153.17212,-29.92405],[153.18244,-29.91268],[153.20867,-29.91647],[153.20825,-29.90817],[153.21967,-29.90633],[153.22635,-29.90867],[153.23076,-29.89728],[153.23882,-29.89894],[153.24367,-29.91668],[153.25663,-29.91867],[153.26185,-29.9405],[153.26211,-29.92943],[153.27248,-29.9181],[153.27303,-29.90088],[153.27676,-29.89323],[153.27124,-29.89158],[153.26774,-29.88586],[153.26789,-29.86494],[153.28201,-29.83452],[153.29433,-29.82465],[153.29183,-29.81885],[153.2952,-29.81492],[153.2903,-29.81472],[153.28735,-29.8022],[153.29445,-29.78552],[153.30313,-29.77886],[153.29649,-29.76877],[153.29748,-29.76049],[153.29246,-29.75684],[153.29467,-29.74283],[153.30981,-29.70853],[153.33028,-29.68544],[153.33374,-29.67499],[153.33085,-29.6708],[153.32759,-29.67309],[153.32292,-29.66986],[153.32085,-29.66029],[153.32866,-29.62956],[153.34288,-29.60822],[153.33476,-29.60385],[153.3325,-29.58684],[153.3494,-29.54053],[153.35672,-29.53007],[153.36067,-29.53026],[153.36188,-29.52524],[153.35779,-29.51904],[153.36337,-29.50381],[153.35905,-29.49608],[153.36378,-29.48569],[153.36876,-29.48433],[153.36095,-29.47767],[153.36189,-29.47279],[153.35836,-29.4671],[153.36469,-29.44742],[153.36933,-29.44072],[153.37268,-29.44067],[153.36508,-29.43558],[153.36401,-29.43062],[153.36481,-29.42826],[153.37161,-29.42868],[153.37228,-29.42512],[153.36489,-29.42283],[153.3638,-29.41931],[153.36782,-29.40273],[153.37376,-29.39552],[153.36845,-29.3905],[153.37291,-29.38469],[153.37065,-29.37535],[153.37676,-29.36573],[153.37396,-29.36271],[153.36724,-29.36374],[153.36278,-29.35527],[153.36121,-29.35931],[153.35434,-29.35766],[153.34459,-29.3446],[153.34044,-29.32101],[153.34295,-29.30164],[153.36258,-29.25886],[153.38629,-29.22696],[153.39865,-29.20422],[153.41985,-29.17708],[153.45663,-29.1402],[153.45735,-29.13798],[153.45347,-29.13877],[153.44893,-29.13313],[153.45157,-29.11874],[153.43575,-29.11218],[153.4363,-29.08304],[153.45414,-29.03706],[153.48506,-28.99031],[153.46739,-28.99393],[153.46048,-28.99156],[153.43968,-28.99825],[153.43562,-29.00084],[153.43269,-29.0104],[153.4231,-29.01772],[153.41379,-29.01487],[153.40558,-28.99956],[153.40053,-28.99903],[153.3759,-29.02581],[153.37564,-29.03536],[153.38217,-29.05084],[153.37935,-29.05698],[153.37177,-29.06196],[153.35366,-29.0646],[153.34817,-29.06892],[153.33591,-29.06857],[153.33557,-29.07072],[153.32849,-29.05934],[153.33516,-29.05263],[153.33497,-29.04552],[153.32729,-29.03918],[153.31987,-29.0427],[153.31123,-29.05831],[153.30651,-29.06048],[153.30363,-29.0541],[153.279,-29.03628],[153.28541,-29.02398],[153.26911,-29.01291],[153.2803,-29.00141],[153.28398,-29.00895],[153.29769,-29.00367],[153.29593,-29.00024],[153.30056,-28.99449],[153.29673,-28.99202],[153.29481,-28.98442],[153.28604,-28.98198],[153.29055,-28.97351],[153.28001,-28.96987],[153.2749,-28.96324],[153.27352,-28.95232],[153.26371,-28.95197],[153.26964,-28.94445],[153.25893,-28.9446],[153.2467,-28.93111],[153.24185,-28.94692],[153.23982,-28.93889],[153.22794,-28.93521],[153.2254,-28.92838],[153.20752,-28.93077],[153.19887,-28.92122],[153.19215,-28.92112],[153.18854,-28.92824],[153.17325,-28.92216],[153.17918,-28.91813],[153.17973,-28.91468],[153.17517,-28.91413],[153.17625,-28.9033],[153.18764,-28.84625],[153.18299,-28.84557],[153.18371,-28.8416],[153.17767,-28.83403],[153.1713,-28.83293],[153.16439,-28.82467],[153.13855,-28.81454],[153.14013,-28.80504],[153.14388,-28.80553],[153.14794,-28.78356],[153.13133,-28.77848],[153.12587,-28.77989],[153.12312,-28.7739],[153.11115,-28.77497],[153.10756,-28.76891],[153.10872,-28.76347],[153.09263,-28.75412],[153.08719,-28.75551],[153.07959,-28.74924],[153.07859,-28.74077],[153.0736,-28.73677],[153.0766,-28.73318],[153.06958,-28.72951],[153.06561,-28.73059],[153.06486,-28.73443],[153.05445,-28.73308],[153.05637,-28.72206],[153.05463,-28.72741],[153.01655,-28.72184],[153.01584,-28.72539],[153.00574,-28.72395],[153.00437,-28.73126],[153.00044,-28.73068],[153.00134,-28.72594],[152.99501,-28.72506],[152.99575,-28.72144],[152.91897,-28.71092]]],[[[153.3869,-29.92347],[153.39059,-29.92787],[153.39018,-29.92413],[153.3869,-29.92347]]],[[[153.39161,-29.92843],[153.39105,-29.92728],[153.3928,-29.933],[153.39161,-29.92843]]],[[[153.27786,-29.91835],[153.27599,-29.92049],[153.27749,-29.9205],[153.27786,-29.91835]]],[[[153.30383,-29.77389],[153.30396,-29.77289],[153.30327,-29.77269],[153.30383,-29.77389]]],[[[153.36638,-29.35959],[153.36547,-29.35978],[153.36557,-29.36025],[153.36638,-29.35959]]],[[[153.30137,-29.77096],[153.30105,-29.77046],[153.30035,-29.77066],[153.30137,-29.77096]]],[[[153.36175,-29.35633],[153.36196,-29.35592],[153.36155,-29.35582],[153.36175,-29.35633]]]]},"properties":{"districtname":"CLARENCE","urbanity":"R"}},{"type":"Feature","geometry":{"type":"Polygon","coordinates":[[[150.54886,-33.36368],[150.5452,-33.36658],[150.54085,-33.36357],[150.54079,-33.36769],[150.53599,-33.3663],[150.52747,-33.37107],[150.52566,-33.37567],[150.52039,-33.37378],[150.51646,-33.37776],[150.51278,-33.37476],[150.50907,-33.37914],[150.50504,-33.37553],[150.49327,-33.37926],[150.48917,-33.37733],[150.48862,-33.3814],[150.48234,-33.38271],[150.48782,-33.38676],[150.48337,-33.39118],[150.48504,-33.39734],[150.47576,-33.39898],[150.47979,-33.40326],[150.47754,-33.40485],[150.48035,-33.41532],[150.47684,-33.42731],[150.47916,-33.42973],[150.45998,-33.4492],[150.46842,-33.45406],[150.45139,-33.45864],[150.44763,-33.4727],[150.44926,-33.4761],[150.44534,-33.47791],[150.44721,-33.48158],[150.42407,-33.48151],[150.41706,-33.48642],[150.4148,-33.48055],[150.41277,-33.48337],[150.4087,-33.48175],[150.411,-33.47911],[150.40856,-33.47318],[150.40544,-33.47785],[150.39741,-33.4794],[150.39714,-33.48225],[150.40071,-33.4831],[150.39898,-33.48936],[150.38913,-33.48474],[150.38663,-33.47933],[150.38345,-33.48091],[150.38347,-33.48701],[150.3696,-33.48747],[150.36988,-33.49099],[150.35518,-33.48569],[150.35355,-33.49049],[150.34858,-33.49236],[150.3557,-33.49575],[150.35377,-33.49907],[150.34747,-33.49964],[150.34795,-33.50899],[150.3352,-33.51273],[150.33181,-33.5226],[150.31192,-33.52014],[150.31467,-33.5044],[150.27287,-33.49707],[150.27245,-33.4995],[150.25684,-33.49427],[150.25344,-33.51812],[150.25775,-33.51867],[150.25056,-33.55809],[150.24133,-33.55679],[150.24056,-33.56041],[150.23543,-33.562],[150.22612,-33.5605],[150.22697,-33.54949],[150.21573,-33.54797],[150.21221,-33.55856],[150.22475,-33.56031],[150.22745,-33.56353],[150.22553,-33.57166],[150.22875,-33.57206],[150.22815,-33.57505],[150.23526,-33.57599],[150.23541,-33.58131],[150.23898,-33.58074],[150.23695,-33.59326],[150.24483,-33.59441],[150.24322,-33.60243],[150.25028,-33.60343],[150.24902,-33.6091],[150.26029,-33.6107],[150.25898,-33.61746],[150.27148,-33.61913],[150.27078,-33.62295],[150.26647,-33.62233],[150.26705,-33.63164],[150.26409,-33.63121],[150.26192,-33.64165],[150.24051,-33.63856],[150.23781,-33.65121],[150.24683,-33.65625],[150.2482,-33.66404],[150.23152,-33.66295],[150.22899,-33.67585],[150.21485,-33.67471],[150.20764,-33.70839],[150.18132,-33.70443],[150.18483,-33.71065],[150.17801,-33.71581],[150.17955,-33.72214],[150.19012,-33.72054],[150.19423,-33.71368],[150.19827,-33.71266],[150.20106,-33.71777],[150.20785,-33.71415],[150.21234,-33.72142],[150.20974,-33.72603],[150.19879,-33.72824],[150.19666,-33.73319],[150.19046,-33.73349],[150.1801,-33.74273],[150.18599,-33.75091],[150.19224,-33.75023],[150.19644,-33.75813],[150.19317,-33.76279],[150.19567,-33.76703],[150.18914,-33.77632],[150.1775,-33.77833],[150.17928,-33.7846],[150.17138,-33.78817],[150.17192,-33.79307],[150.16885,-33.79537],[150.17213,-33.79876],[150.17985,-33.79686],[150.18144,-33.8036],[150.17371,-33.81643],[150.17396,-33.82182],[150.16904,-33.82668],[150.17557,-33.83409],[150.18308,-33.82998],[150.18552,-33.83765],[150.18165,-33.8481],[150.17545,-33.85313],[150.17559,-33.86136],[150.16609,-33.86541],[150.17115,-33.87277],[150.17866,-33.8729],[150.18746,-33.88539],[150.1907,-33.88551],[150.19662,-33.87773],[150.20659,-33.88513],[150.21435,-33.88221],[150.23517,-33.88435],[150.23862,-33.87933],[150.24556,-33.87787],[150.24744,-33.869],[150.25412,-33.87181],[150.26534,-33.86512],[150.2661,-33.85905],[150.27187,-33.85983],[150.27958,-33.85076],[150.29033,-33.85191],[150.30157,-33.84547],[150.30636,-33.84575],[150.31214,-33.85174],[150.32096,-33.84935],[150.31984,-33.85313],[150.32461,-33.85607],[150.3406,-33.85652],[150.3389,-33.85038],[150.33397,-33.84769],[150.33948,-33.84385],[150.35388,-33.84254],[150.35434,-33.83712],[150.35915,-33.83768],[150.35312,-33.83365],[150.3561,-33.83232],[150.35995,-33.81658],[150.36488,-33.81115],[150.35876,-33.80836],[150.3648,-33.80173],[150.41792,-33.80935],[150.41857,-33.81473],[150.40948,-33.82993],[150.41298,-33.84042],[150.40668,-33.84744],[150.40537,-33.86282],[150.42451,-33.87699],[150.42579,-33.88299],[150.44904,-33.88653],[150.46422,-33.90058],[150.47663,-33.88667],[150.4919,-33.88444],[150.49338,-33.87678],[150.48888,-33.87269],[150.50164,-33.86491],[150.5152,-33.86989],[150.52277,-33.87691],[150.5296,-33.87654],[150.5395,-33.88567],[150.53972,-33.89322],[150.54427,-33.8954],[150.56038,-33.89149],[150.56606,-33.88565],[150.56412,-33.88163],[150.5691,-33.87451],[150.57448,-33.87179],[150.5857,-33.87605],[150.59191,-33.86919],[150.61085,-33.85873],[150.59442,-33.85665],[150.58853,-33.84466],[150.59548,-33.8297],[150.61987,-33.81446],[150.64298,-33.78042],[150.63964,-33.77913],[150.64274,-33.77509],[150.64181,-33.75751],[150.64492,-33.75207],[150.64058,-33.74802],[150.64704,-33.73084],[150.64249,-33.73017],[150.64408,-33.72122],[150.64845,-33.72184],[150.64968,-33.71602],[150.65584,-33.71673],[150.65848,-33.711],[150.65941,-33.68577],[150.65362,-33.68474],[150.6533,-33.68103],[150.65756,-33.66166],[150.63371,-33.65866],[150.63284,-33.66314],[150.616,-33.66204],[150.61543,-33.66508],[150.60611,-33.66271],[150.61595,-33.6142],[150.60786,-33.61751],[150.60092,-33.6145],[150.58165,-33.62278],[150.57995,-33.61304],[150.56311,-33.61014],[150.55837,-33.59722],[150.5645,-33.59015],[150.56224,-33.58061],[150.56494,-33.57552],[150.56049,-33.5712],[150.54756,-33.572],[150.55037,-33.56587],[150.54441,-33.55727],[150.53394,-33.55735],[150.53474,-33.56556],[150.52236,-33.57051],[150.51492,-33.58195],[150.49815,-33.58012],[150.48786,-33.58307],[150.48299,-33.57932],[150.46859,-33.5838],[150.46482,-33.5757],[150.44802,-33.57228],[150.44705,-33.56449],[150.43885,-33.55523],[150.43549,-33.54259],[150.43045,-33.53813],[150.44285,-33.53652],[150.44753,-33.51165],[150.45418,-33.51155],[150.46382,-33.50114],[150.47716,-33.49683],[150.48566,-33.48672],[150.48305,-33.46138],[150.48642,-33.45423],[150.4838,-33.44557],[150.49283,-33.44049],[150.50041,-33.42853],[150.50117,-33.42094],[150.51837,-33.40904],[150.52193,-33.39321],[150.52918,-33.39096],[150.52629,-33.38749],[150.54932,-33.36862],[150.54886,-33.36368]]]},"properties":{"districtname":"BLUE MOUNTAINS","urbanity":"R"}},{"type":"Feature","geometry":{"type":"MultiPolygon","coordinates":[[[[151.24298,-33.88954],[151.24088,-33.8899],[151.24159,-33.90273],[151.23111,-33.90633],[151.22266,-33.90152],[151.22702,-33.92257],[151.23933,-33.92562],[151.23787,-33.93282],[151.26155,-33.93631],[151.25847,-33.92124],[151.26315,-33.91772],[151.26162,-33.91508],[151.27129,-33.91523],[151.26857,-33.90385],[151.27659,-33.89821],[151.24298,-33.88954]]],[[[151.26582,-33.92641],[151.26544,-33.92525],[151.26498,-33.92603],[151.26582,-33.92641]]]]},"properties":{"districtname":"COOGEE","urbanity":"U"}},{"type":"Feature","geometry":{"type":"Polygon","coordinates":[[[151.28573,-33.859],[151.28776,-33.84986],[151.28108,-33.83296],[151.28772,-33.82988],[151.2812,-33.82312],[151.27452,-33.82535],[151.26822,-33.83972],[151.25232,-33.85681],[151.24222,-33.85859],[151.23254,-33.86703],[151.22927,-33.8763],[151.23757,-33.88476],[151.23193,-33.88849],[151.25241,-33.89014],[151.27489,-33.89687],[151.27818,-33.89144],[151.28394,-33.89388],[151.28612,-33.88796],[151.28302,-33.86217],[151.28573,-33.859]]]},"properties":{"districtname":"VAUCLUSE","urbanity":"R"}},{"type":"Feature","geometry":{"type":"Polygon","coordinates":[[[150.66961,-33.99209],[150.65021,-34.00833],[150.65213,-34.01664],[150.66047,-34.02637],[150.67042,-34.02621],[150.67228,-34.02885],[150.65805,-34.0559],[150.65679,-34.06485],[150.66204,-34.06718],[150.65385,-34.07165],[150.64896,-34.08205],[150.66073,-34.08705],[150.69509,-34.09069],[150.69774,-34.1082],[150.70935,-34.11222],[150.71078,-34.10877],[150.72298,-34.1122],[150.72941,-34.0967],[150.74001,-34.09662],[150.74214,-34.08071],[150.76643,-34.07805],[150.77471,-34.07027],[150.78658,-34.0463],[150.78042,-34.04293],[150.7864,-34.03255],[150.7909,-34.03334],[150.78931,-34.02358],[150.79181,-34.02006],[150.78766,-34.01536],[150.79592,-34.01181],[150.79634,-34.00433],[150.78773,-33.99364],[150.76119,-34.02],[150.75733,-34.01967],[150.74641,-34.01769],[150.74152,-34.01333],[150.73236,-34.01465],[150.7244,-34.0118],[150.72415,-34.0144],[150.71027,-34.01456],[150.70063,-34.00703],[150.68434,-34.0037],[150.66961,-33.99209]]]},"properties":{"districtname":"CAMDEN","urbanity":"R"}},{"type":"Feature","geometry":{"type":"Polygon","coordinates":[[[150.41818,-33.80963],[150.36436,-33.80176],[150.35877,-33.80875],[150.36488,-33.81115],[150.35995,-33.81658],[150.3561,-33.83232],[150.35312,-33.83365],[150.35953,-33.83701],[150.35434,-33.83712],[150.35388,-33.84254],[150.33948,-33.84385],[150.33397,-33.84769],[150.3389,-33.85038],[150.3406,-33.85652],[150.32461,-33.85607],[150.31984,-33.85313],[150.32096,-33.84935],[150.31214,-33.85174],[150.30636,-33.84575],[150.30157,-33.84547],[150.29033,-33.85191],[150.27958,-33.85076],[150.27187,-33.85983],[150.2661,-33.85905],[150.26534,-33.86512],[150.25412,-33.87181],[150.24744,-33.869],[150.24556,-33.87787],[150.23862,-33.87933],[150.23517,-33.88435],[150.21435,-33.88221],[150.20659,-33.88513],[150.19627,-33.87774],[150.18981,-33.886],[150.18522,-33.88039],[150.17897,-33.88015],[150.17862,-33.88391],[150.17156,-33.88819],[150.15932,-33.88746],[150.15619,-33.89488],[150.16904,-33.89893],[150.16517,-33.91537],[150.16878,-33.91938],[150.17061,-33.93433],[150.17523,-33.93903],[150.17556,-33.94516],[150.1803,-33.94547],[150.18318,-33.95008],[150.19038,-33.95034],[150.20998,-33.93742],[150.2161,-33.93677],[150.21879,-33.93843],[150.21703,-33.94781],[150.24097,-33.9519],[150.23289,-33.96161],[150.23659,-33.96563],[150.23186,-33.96787],[150.22734,-33.97921],[150.21101,-33.98956],[150.20844,-33.99842],[150.20276,-34.00018],[150.20164,-34.00485],[150.19428,-34.00498],[150.18978,-34.01068],[150.18317,-34.01163],[150.18127,-34.01823],[150.17574,-34.01607],[150.17159,-34.02262],[150.16596,-34.02187],[150.16956,-34.02671],[150.15896,-34.03171],[150.16719,-34.03269],[150.16799,-34.03535],[150.1603,-34.03746],[150.15648,-34.03383],[150.15359,-34.04246],[150.14497,-34.043],[150.14641,-34.04763],[150.1406,-34.05033],[150.14539,-34.0715],[150.12936,-34.0736],[150.1279,-34.07665],[150.1326,-34.08204],[150.12349,-34.07557],[150.11712,-34.07752],[150.11775,-34.09175],[150.1111,-34.08401],[150.1092,-34.08556],[150.11275,-34.08951],[150.10624,-34.08958],[150.11147,-34.09485],[150.11312,-34.10261],[150.10437,-34.10985],[150.10518,-34.11802],[150.11244,-34.12666],[150.11008,-34.13119],[150.11281,-34.13943],[150.12339,-34.14128],[150.12505,-34.14917],[150.11493,-34.15103],[150.10773,-34.14627],[150.10525,-34.13848],[150.09394,-34.13652],[150.08546,-34.12055],[150.07117,-34.1316],[150.03764,-34.12079],[150.03179,-34.12755],[150.01868,-34.13186],[150.02052,-34.13467],[150.01469,-34.14421],[150.02241,-34.14415],[150.02475,-34.1481],[150.02896,-34.14734],[150.0295,-34.14383],[150.03331,-34.14912],[150.03617,-34.1451],[150.03796,-34.14793],[150.04417,-34.14616],[150.04639,-34.14768],[150.04597,-34.16014],[150.05049,-34.16184],[150.05504,-34.17343],[150.06089,-34.1723],[150.06194,-34.17616],[150.05927,-34.1774],[150.06604,-34.19533],[150.0629,-34.20071],[150.06388,-34.2061],[150.05727,-34.21035],[150.05995,-34.21704],[150.05151,-34.22543],[150.05318,-34.23014],[150.04985,-34.23423],[150.06179,-34.23768],[150.05804,-34.24691],[150.05295,-34.25013],[150.05945,-34.25433],[150.05659,-34.26217],[150.06015,-34.26825],[150.07203,-34.26809],[150.08348,-34.27227],[150.09622,-34.26635],[150.0968,-34.27826],[150.11715,-34.2828],[150.12654,-34.29311],[150.13538,-34.2939],[150.13851,-34.29974],[150.1499,-34.29548],[150.16021,-34.30726],[150.17806,-34.30779],[150.18738,-34.30334],[150.19854,-34.30331],[150.20825,-34.29411],[150.21303,-34.27924],[150.22479,-34.27175],[150.23109,-34.24456],[150.22993,-34.23178],[150.23527,-34.22804],[150.25416,-34.2252],[150.26399,-34.21314],[150.26969,-34.21429],[150.27016,-34.22339],[150.27825,-34.22445],[150.27713,-34.22721],[150.28594,-34.22847],[150.2865,-34.22571],[150.33134,-34.23219],[150.33041,-34.23694],[150.35295,-34.23472],[150.3519,-34.23975],[150.35998,-34.24433],[150.35095,-34.24841],[150.35065,-34.26234],[150.34621,-34.26718],[150.34518,-34.27981],[150.34868,-34.29178],[150.37719,-34.29651],[150.37511,-34.30253],[150.38673,-34.3124],[150.38729,-34.31908],[150.39574,-34.32957],[150.39519,-34.33876],[150.39961,-34.345],[150.3975,-34.35007],[150.3871,-34.35528],[150.38575,-34.36253],[150.3806,-34.36315],[150.38134,-34.3676],[150.37632,-34.3739],[150.35789,-34.38051],[150.36899,-34.40903],[150.3656,-34.42131],[150.36244,-34.42084],[150.36168,-34.42443],[150.36499,-34.42485],[150.36371,-34.43118],[150.35469,-34.43014],[150.35399,-34.43372],[150.35925,-34.43968],[150.35791,-34.44655],[150.386,-34.45442],[150.36923,-34.46479],[150.378,-34.46587],[150.37263,-34.4704],[150.37515,-34.47073],[150.37121,-34.47842],[150.37404,-34.47843],[150.3738,-34.48191],[150.36969,-34.49514],[150.37445,-34.5007],[150.38147,-34.49761],[150.39378,-34.50357],[150.39355,-34.50936],[150.39001,-34.50967],[150.39111,-34.53286],[150.39805,-34.53318],[150.41161,-34.51605],[150.42156,-34.51747],[150.43638,-34.51133],[150.44011,-34.51327],[150.43925,-34.51091],[150.44752,-34.50734],[150.45029,-34.51114],[150.46199,-34.51174],[150.46676,-34.51592],[150.46827,-34.52337],[150.47697,-34.52738],[150.47725,-34.53386],[150.48071,-34.53738],[150.47937,-34.52395],[150.48829,-34.52186],[150.49709,-34.52383],[150.52186,-34.51825],[150.52353,-34.51547],[150.52001,-34.51349],[150.53705,-34.49866],[150.53945,-34.50368],[150.54736,-34.50689],[150.5437,-34.50766],[150.54464,-34.51052],[150.55738,-34.51171],[150.56113,-34.51813],[150.5668,-34.51131],[150.57699,-34.52496],[150.58216,-34.52647],[150.59939,-34.52256],[150.63571,-34.53196],[150.63624,-34.53458],[150.64167,-34.53096],[150.74568,-34.3374],[150.75087,-34.30191],[150.79158,-34.30705],[150.79261,-34.30331],[150.81677,-34.30636],[150.81563,-34.29495],[150.80665,-34.28073],[150.8042,-34.26704],[150.79572,-34.24864],[150.79253,-34.25663],[150.78351,-34.25146],[150.7759,-34.23906],[150.77445,-34.229],[150.76276,-34.23178],[150.75635,-34.22638],[150.75554,-34.23006],[150.74376,-34.23201],[150.74153,-34.22702],[150.7273,-34.22159],[150.73263,-34.21696],[150.72408,-34.20931],[150.72182,-34.20264],[150.72362,-34.19573],[150.71914,-34.19396],[150.73126,-34.17933],[150.74299,-34.18317],[150.74721,-34.18091],[150.74722,-34.16877],[150.75517,-34.1611],[150.75017,-34.1511],[150.75642,-34.1407],[150.7504,-34.13164],[150.7564,-34.12406],[150.75578,-34.11916],[150.74814,-34.11637],[150.73942,-34.11753],[150.73716,-34.11047],[150.7389,-34.09815],[150.72941,-34.0967],[150.72298,-34.1122],[150.71078,-34.10877],[150.70935,-34.11222],[150.69774,-34.1082],[150.69509,-34.09069],[150.66073,-34.08705],[150.64896,-34.08205],[150.65385,-34.07165],[150.66204,-34.06718],[150.65679,-34.06485],[150.65805,-34.0559],[150.67228,-34.02885],[150.67042,-34.02621],[150.66047,-34.02637],[150.65213,-34.01664],[150.65021,-34.00832],[150.67106,-33.98818],[150.66615,-33.98473],[150.65097,-33.98532],[150.64373,-33.97831],[150.62921,-33.97269],[150.62976,-33.9573],[150.62391,-33.96038],[150.61818,-33.95556],[150.62685,-33.93565],[150.63271,-33.92968],[150.63917,-33.92983],[150.64915,-33.91579],[150.64428,-33.90999],[150.63843,-33.90906],[150.63453,-33.90223],[150.6347,-33.88688],[150.63988,-33.87819],[150.63625,-33.85637],[150.62672,-33.86274],[150.61712,-33.86185],[150.61729,-33.85789],[150.61102,-33.85786],[150.5857,-33.87605],[150.57448,-33.87179],[150.56518,-33.87827],[150.56606,-33.88565],[150.56038,-33.89149],[150.54427,-33.8954],[150.53972,-33.89322],[150.5395,-33.88567],[150.5296,-33.87654],[150.52277,-33.87691],[150.5152,-33.86989],[150.50164,-33.86491],[150.48888,-33.87269],[150.49338,-33.87678],[150.4919,-33.88444],[150.47663,-33.88667],[150.46422,-33.90058],[150.44904,-33.88653],[150.42579,-33.88299],[150.42451,-33.87699],[150.40537,-33.86282],[150.40668,-33.84744],[150.41298,-33.84042],[150.40948,-33.82993],[150.41857,-33.81473],[150.41818,-33.80963]]]},"properties":{"districtname":"WOLLONDILLY","urbanity":"R"}},{"type":"Feature","geometry":{"type":"Polygon","coordinates":[[[143.17616,-28.99902],[140.99927,-28.99909],[141.00228,-33.32898],[141.264,-33.35574],[141.26663,-33.33723],[141.3095,-33.34147],[141.30668,-33.36184],[141.34871,-33.36597],[141.40259,-32.98765],[141.57321,-33.00556],[141.56078,-33.09628],[142.03836,-33.14393],[142.02294,-33.08479],[142.10781,-33.09012],[142.10569,-33.11241],[142.22449,-33.12002],[142.22663,-33.1262],[142.22147,-33.12885],[142.24283,-33.13086],[142.24461,-33.11944],[142.26905,-33.12297],[142.27116,-33.11961],[142.27528,-33.12382],[142.28012,-33.12108],[142.27408,-33.11257],[142.27961,-33.116],[142.29339,-33.11658],[142.29479,-33.10909],[142.28704,-33.10739],[142.29116,-33.10005],[142.29657,-33.1024],[142.29532,-33.09482],[142.30195,-33.09223],[142.28931,-33.08844],[142.28747,-33.08487],[142.31157,-33.06684],[142.31336,-33.05012],[142.32632,-33.05003],[142.35095,-33.03353],[142.35735,-33.03456],[142.35749,-33.02735],[142.36548,-33.02851],[142.36297,-33.02508],[142.36613,-33.01751],[142.37448,-33.01534],[142.38288,-33.00493],[142.38469,-32.99988],[142.38055,-33.00133],[142.38023,-32.9974],[142.37211,-32.99594],[142.37469,-32.97951],[142.3713,-32.97607],[142.37648,-32.97366],[142.42802,-32.97901],[142.42448,-33.00521],[142.54799,-33.01713],[142.55192,-32.9916],[142.51554,-32.84744],[142.94436,-32.89052],[142.96465,-32.74852],[143.27123,-32.78023],[143.26961,-32.79137],[143.43244,-32.80843],[143.41698,-32.90748],[143.49957,-32.91834],[143.50586,-32.87599],[143.59264,-32.8852],[143.58507,-32.93111],[143.67181,-32.94075],[143.66154,-32.95528],[143.6537,-33.01211],[143.60207,-33.00655],[143.5719,-33.01199],[143.55204,-33.14042],[143.63732,-33.14989],[143.63622,-33.15724],[143.64715,-33.1584],[143.66533,-33.17907],[143.67311,-33.17052],[143.71481,-33.1546],[143.71946,-33.14909],[143.72096,-33.14044],[143.78988,-33.14885],[143.81667,-33.13743],[143.83903,-33.15458],[143.8982,-33.16138],[143.90591,-33.11569],[144.25125,-33.15621],[144.23637,-33.25076],[144.24932,-33.25215],[144.26825,-33.24518],[144.27745,-33.25521],[144.26406,-33.26382],[144.26241,-33.27382],[144.41384,-33.28645],[144.4157,-33.2792],[144.43297,-33.28043],[144.43321,-33.2879],[144.47161,-33.29121],[144.4717,-33.29898],[144.48848,-33.3005],[144.49088,-33.29301],[144.54741,-33.30006],[144.54948,-33.28565],[144.57751,-33.2885],[144.57993,-33.26842],[144.59514,-33.27008],[144.59744,-33.25519],[144.60926,-33.25647],[144.61223,-33.23779],[144.64265,-33.24111],[144.64569,-33.22234],[144.73338,-33.23174],[144.74387,-33.17327],[144.74199,-33.17086],[144.74967,-33.17095],[144.74732,-33.16178],[144.75236,-33.16105],[144.7526,-33.1553],[144.7572,-33.15236],[144.76241,-33.16322],[144.76429,-33.16015],[144.76949,-33.16165],[144.77227,-33.15739],[144.77578,-33.15798],[144.77798,-33.16345],[144.79824,-33.03621],[144.91308,-33.04912],[144.90887,-33.07443],[144.94232,-33.07829],[144.94115,-33.08476],[144.96279,-33.08728],[144.96351,-33.08198],[144.97941,-33.08378],[144.98093,-33.07303],[144.98592,-33.07051],[144.98645,-33.06666],[144.98231,-33.06331],[144.98755,-33.02635],[144.98436,-33.02585],[144.98489,-33.02155],[144.99356,-33.02251],[144.99174,-33.03365],[145.00798,-33.03553],[145.01027,-33.02444],[145.02699,-33.02633],[145.02771,-33.02191],[145.10756,-33.0337],[145.11884,-32.95369],[145.12726,-32.95467],[145.165,-32.71482],[145.24938,-32.72438],[145.25729,-32.67124],[145.34428,-32.68247],[145.33057,-32.76666],[145.41373,-32.77603],[145.41599,-32.76226],[145.46649,-32.72385],[145.51029,-32.72874],[145.50329,-32.76994],[145.54495,-32.77541],[145.53805,-32.7831],[145.55064,-32.79176],[145.55994,-32.7818],[145.56874,-32.7579],[145.56026,-32.75681],[145.5569,-32.76565],[145.54917,-32.76476],[145.55661,-32.73364],[145.5951,-32.73766],[145.58652,-32.79622],[145.67193,-32.80571],[145.65162,-32.93577],[145.66851,-32.93637],[145.6453,-33.08009],[145.87135,-33.0867],[145.8732,-33.07516],[145.90732,-33.07874],[145.90586,-33.08785],[146.03167,-33.09357],[146.09364,-33.18907],[146.0589,-33.21179],[146.09517,-33.27836],[146.09198,-33.28029],[146.09454,-33.28314],[146.09124,-33.2853],[146.09302,-33.28767],[146.08957,-33.28807],[146.09145,-33.29149],[146.08362,-33.29048],[146.08755,-33.29545],[146.08306,-33.29819],[146.08911,-33.30362],[146.08113,-33.304],[146.08552,-33.30779],[146.08155,-33.30876],[146.08412,-33.3152],[146.08679,-33.31413],[146.09078,-33.31904],[146.0833,-33.3345],[146.0861,-33.3374],[146.07577,-33.33904],[146.07099,-33.35006],[146.07449,-33.35176],[146.07256,-33.35623],[146.06698,-33.35682],[146.07094,-33.36875],[146.06711,-33.37095],[146.05397,-33.47575],[146.09515,-33.60312],[146.22609,-33.5742],[146.44083,-33.52089],[146.44566,-33.56414],[146.80904,-33.60739],[146.82186,-33.53683],[146.81759,-33.53724],[146.8143,-33.53009],[146.82042,-33.52816],[146.82252,-33.53157],[146.98848,-33.55195],[146.98618,-33.56417],[147.24304,-33.59183],[147.24629,-33.57195],[147.27649,-33.5755],[147.27859,-33.56307],[147.32034,-33.56795],[147.32241,-33.5548],[147.33894,-33.55674],[147.34289,-33.53509],[147.35836,-33.52533],[147.40339,-33.52948],[147.40748,-33.49614],[147.41401,-33.49691],[147.40917,-33.49044],[147.4112,-33.4907],[147.41552,-33.46525],[147.42609,-33.43449],[147.48041,-33.44172],[147.51468,-33.26333],[147.50822,-33.26418],[147.50584,-33.26006],[147.50495,-33.26401],[147.49755,-33.26481],[147.49715,-33.25743],[147.48234,-33.25842],[147.48542,-33.24625],[147.47222,-33.24508],[147.47104,-33.24],[147.463,-33.23396],[147.46529,-33.22751],[147.45145,-33.22674],[147.44993,-33.23023],[147.4442,-33.23176],[147.44317,-33.22695],[147.4459,-33.22461],[147.44345,-33.22287],[147.43277,-33.22331],[147.42121,-33.22823],[147.41003,-33.22557],[147.40345,-33.21943],[147.38196,-33.22031],[147.37866,-33.21547],[147.3764,-33.21945],[147.36865,-33.21723],[147.36304,-33.22447],[147.35877,-33.22449],[147.35407,-33.21868],[147.34774,-33.22142],[147.35177,-33.2163],[147.34192,-33.2122],[147.34155,-33.21479],[147.33032,-33.21449],[147.32686,-33.20863],[147.31914,-33.2048],[147.30907,-33.20697],[147.30834,-33.20187],[147.31474,-33.19893],[147.31088,-33.19449],[147.30378,-33.19546],[147.29837,-33.19206],[147.2976,-33.18666],[147.30632,-33.17924],[147.30026,-33.179],[147.29684,-33.17155],[147.30798,-33.10493],[147.31274,-33.10285],[147.31198,-33.10894],[147.31755,-33.11741],[147.32204,-33.11274],[147.32978,-33.11312],[147.33067,-33.10997],[147.33101,-33.11317],[147.343,-33.11434],[147.33987,-33.12217],[147.34197,-33.12406],[147.35192,-33.12472],[147.35469,-33.12056],[147.36018,-33.12489],[147.36224,-33.12279],[147.37,-33.13184],[147.3867,-33.1304],[147.38078,-33.13662],[147.38855,-33.13935],[147.40512,-33.03726],[147.44334,-33.04181],[147.44399,-33.03821],[147.45743,-33.0398],[147.45683,-33.04341],[147.46918,-33.04488],[147.47025,-33.03829],[147.55498,-33.04818],[147.55917,-33.02202],[147.54303,-33.02014],[147.54662,-32.99843],[147.5569,-32.9482],[147.57106,-32.9497],[147.58732,-32.83558],[147.59273,-32.83611],[147.60426,-32.76268],[147.59984,-32.76211],[147.60271,-32.74488],[147.59874,-32.73865],[147.56837,-32.73537],[147.57764,-32.67562],[147.55371,-32.67297],[147.55933,-32.6473],[147.55688,-32.6291],[147.56448,-32.61582],[147.57379,-32.61415],[147.58117,-32.60451],[147.55296,-32.60174],[147.55063,-32.59855],[147.55625,-32.55914],[147.56085,-32.55967],[147.56176,-32.55375],[147.54544,-32.55008],[147.56087,-32.45591],[147.58983,-32.43813],[147.61132,-32.441],[147.61394,-32.42278],[147.69651,-32.36921],[147.69611,-32.35256],[147.68858,-32.34906],[147.68442,-32.34176],[147.6932,-32.33082],[147.68625,-32.31817],[147.68877,-32.31581],[147.68636,-32.31572],[147.68713,-32.31174],[147.67931,-32.31158],[147.65653,-32.29987],[147.63535,-32.29766],[147.62885,-32.28975],[147.6282,-32.28387],[147.62638,-32.28633],[147.62246,-32.28453],[147.62444,-32.28295],[147.61612,-32.27097],[147.59147,-32.26574],[147.58556,-32.25923],[147.57781,-32.25764],[147.57094,-32.24908],[147.56437,-32.24707],[147.56036,-32.24102],[147.53909,-32.2396],[147.53462,-32.23107],[147.5248,-32.23024],[147.4991,-32.21285],[147.50024,-32.1981],[147.49472,-32.18874],[147.63037,-32.0998],[147.7245,-32.02615],[147.72135,-32.02364],[147.74619,-31.98946],[147.76416,-31.99954],[147.76451,-31.99731],[147.78438,-31.99999],[147.78727,-31.98415],[147.80411,-31.98498],[147.80192,-31.97674],[147.79417,-31.96905],[147.83689,-31.92739],[147.83991,-31.92968],[147.8433,-31.92639],[147.85271,-31.9334],[147.94737,-31.86678],[147.99209,-31.87285],[147.99971,-31.86764],[148.01747,-31.87664],[148.02601,-31.87115],[148.02664,-31.8751],[148.03127,-31.87621],[148.03076,-31.88448],[148.03624,-31.88859],[148.03295,-31.89471],[148.04348,-31.88934],[148.03975,-31.89585],[148.04513,-31.89527],[148.04827,-31.90024],[148.05176,-31.89858],[148.05545,-31.87732],[148.06653,-31.8641],[148.12691,-31.80958],[148.13773,-31.80715],[148.13941,-31.80018],[148.14316,-31.79884],[148.14329,-31.80338],[148.15892,-31.80241],[148.15539,-31.8072],[148.16172,-31.80785],[148.15694,-31.80867],[148.15806,-31.81279],[148.1633,-31.81146],[148.16319,-31.81589],[148.17073,-31.81496],[148.17051,-31.81811],[148.17441,-31.81639],[148.1849,-31.81948],[148.18751,-31.82165],[148.1835,-31.82359],[148.17789,-31.8206],[148.17829,-31.82729],[148.18688,-31.82608],[148.25525,-31.78228],[148.25884,-31.78275],[148.2609,-31.77136],[148.27643,-31.7736],[148.27421,-31.78638],[148.3015,-31.79244],[148.29898,-31.80688],[148.31114,-31.85699],[148.3288,-31.87795],[148.34053,-31.91124],[148.34339,-31.93666],[148.35434,-31.94456],[148.37267,-31.97298],[148.41837,-32.01436],[148.43941,-32.01709],[148.47378,-32.00425],[148.53839,-31.95953],[148.61926,-31.92509],[148.61881,-31.91562],[148.62543,-31.90039],[148.68522,-31.88964],[148.70328,-31.89503],[148.71246,-31.89112],[148.73199,-31.89357],[148.74029,-31.88618],[148.96318,-31.91342],[148.97811,-31.91591],[148.98118,-31.92704],[149.00313,-31.93596],[149.02084,-31.92191],[149.03165,-31.92341],[149.01128,-32.03863],[148.99709,-32.03665],[149.0025,-32.04428],[149.00848,-32.06489],[149.02362,-32.08734],[149.01969,-32.10893],[149.02876,-32.10682],[149.03292,-32.09983],[149.046,-32.10357],[149.0557,-32.0999],[149.05927,-32.09665],[149.05633,-32.08879],[149.05962,-32.08721],[149.0713,-32.09554],[149.07119,-32.10329],[149.07854,-32.10216],[149.08218,-32.10602],[149.09315,-32.10864],[149.0962,-32.11495],[149.10424,-32.11308],[149.10625,-32.10484],[149.11026,-32.11141],[149.11519,-32.10718],[149.11946,-32.10796],[149.12216,-32.10103],[149.13869,-32.1172],[149.15403,-32.11589],[149.15436,-32.12147],[149.16293,-32.12435],[149.17426,-32.12222],[149.16601,-32.11515],[149.16966,-32.10253],[149.1717,-32.10691],[149.1773,-32.10523],[149.1774,-32.10091],[149.18035,-32.1],[149.18538,-32.10472],[149.19376,-32.10441],[149.19348,-32.10823],[149.19799,-32.11039],[149.19518,-32.11415],[149.2007,-32.11583],[149.20152,-32.11976],[149.1958,-32.12429],[149.20121,-32.13294],[149.19735,-32.14463],[149.20255,-32.1441],[149.20446,-32.14825],[149.21146,-32.15039],[149.21097,-32.17078],[149.22057,-32.18253],[149.21885,-32.18478],[149.20599,-32.18309],[149.20539,-32.18615],[149.19877,-32.18674],[149.19652,-32.20226],[149.19244,-32.20174],[149.19071,-32.21203],[149.20302,-32.2136],[149.19213,-32.25827],[149.19499,-32.25866],[149.18917,-32.29056],[149.22833,-32.29543],[149.235,-32.2934],[149.23413,-32.29692],[149.23971,-32.29924],[149.25057,-32.29517],[149.25992,-32.29554],[149.26516,-32.29186],[149.27323,-32.29484],[149.28014,-32.28812],[149.2855,-32.28898],[149.29381,-32.30288],[149.30512,-32.30473],[149.30732,-32.30028],[149.31274,-32.29931],[149.32102,-32.28679],[149.32738,-32.28969],[149.33517,-32.28508],[149.32706,-32.27348],[149.3265,-32.26036],[149.33979,-32.25642],[149.34596,-32.24605],[149.34638,-32.23805],[149.35643,-32.23482],[149.36102,-32.22038],[149.37372,-32.21575],[149.37311,-32.18991],[149.38469,-32.19315],[149.38855,-32.19134],[149.38859,-32.18352],[149.39627,-32.18035],[149.39676,-32.17682],[149.40737,-32.17808],[149.40804,-32.17424],[149.41328,-32.17552],[149.41746,-32.15547],[149.41179,-32.13818],[149.4129,-32.13551],[149.4291,-32.13542],[149.42826,-32.12403],[149.41707,-32.11519],[149.41226,-32.1061],[149.41503,-32.09554],[149.44765,-32.0968],[149.44698,-32.10062],[149.47072,-32.10351],[149.47251,-32.09326],[149.48015,-32.09414],[149.47972,-32.10878],[149.49496,-32.1021],[149.50031,-32.07321],[149.51018,-32.07461],[149.52022,-32.08557],[149.53282,-32.08945],[149.5473,-32.08683],[149.55192,-32.08901],[149.56138,-32.08429],[149.56822,-32.0851],[149.56942,-32.08782],[149.57324,-32.08641],[149.57815,-32.10656],[149.60281,-32.12695],[149.60928,-32.12285],[149.61633,-32.12291],[149.61869,-32.11772],[149.63637,-32.11688],[149.63819,-32.11269],[149.64498,-32.11802],[149.65298,-32.11451],[149.65925,-32.11964],[149.66603,-32.11815],[149.66948,-32.12191],[149.67407,-32.12138],[149.68188,-32.11113],[149.68118,-32.11488],[149.69225,-32.11638],[149.69295,-32.11238],[149.75082,-32.11981],[149.75184,-32.09955],[149.76288,-32.08929],[149.77763,-32.09154],[149.77848,-32.07754],[149.78255,-32.07107],[149.79249,-32.06605],[149.7935,-32.05935],[149.80243,-32.05841],[149.80234,-32.05477],[149.80527,-32.05516],[149.80817,-32.03926],[149.82355,-32.03804],[149.84988,-32.02555],[149.85838,-32.03042],[149.85984,-32.02252],[149.86973,-32.02377],[149.86853,-32.03023],[149.87486,-32.03105],[149.87319,-32.01306],[149.88252,-31.99688],[149.87379,-31.9959],[149.87557,-31.9845],[149.85894,-31.98263],[149.85781,-31.98952],[149.83912,-31.98737],[149.84626,-31.98074],[149.84837,-31.97271],[149.85665,-31.97003],[149.85726,-31.96623],[149.86607,-31.96159],[149.87226,-31.94477],[149.88353,-31.93777],[149.88231,-31.93539],[149.88667,-31.93393],[149.88825,-31.92633],[149.89815,-31.91944],[149.89689,-31.91314],[149.90408,-31.90663],[149.90239,-31.90463],[149.90656,-31.90396],[149.90998,-31.89883],[149.91303,-31.90026],[149.91408,-31.89624],[149.92026,-31.89325],[149.91965,-31.88655],[149.94139,-31.87878],[149.94875,-31.8689],[149.97742,-31.85743],[149.97937,-31.8521],[149.98756,-31.85028],[149.99346,-31.84253],[149.99616,-31.84336],[150.0057,-31.83571],[150.0108,-31.83728],[150.02413,-31.82864],[150.03579,-31.81453],[150.04119,-31.79854],[150.04611,-31.79671],[150.04968,-31.78653],[150.06866,-31.7729],[150.07002,-31.76524],[150.09968,-31.74905],[150.11026,-31.74891],[150.1104,-31.74584],[150.10411,-31.74303],[150.10509,-31.73953],[150.08708,-31.74228],[150.07508,-31.73986],[150.05758,-31.7197],[150.05154,-31.72121],[150.04578,-31.71414],[150.04469,-31.71092],[150.05203,-31.70434],[150.05224,-31.69796],[150.04764,-31.69773],[150.04002,-31.69102],[150.03846,-31.69426],[150.03088,-31.69151],[150.02827,-31.6852],[150.02748,-31.69335],[150.01367,-31.69757],[150.01388,-31.70478],[150.01,-31.70698],[150.00439,-31.70256],[149.99579,-31.71471],[149.99055,-31.71396],[149.99374,-31.72178],[149.98413,-31.72792],[149.98022,-31.72772],[149.98085,-31.71875],[149.96555,-31.70096],[149.947,-31.70226],[149.94174,-31.71099],[149.93934,-31.70649],[149.93186,-31.70369],[149.92931,-31.69815],[149.91937,-31.7063],[149.90667,-31.70723],[149.89731,-31.69855],[149.87974,-31.69254],[149.87778,-31.68327],[149.87022,-31.68299],[149.86631,-31.67895],[149.86357,-31.66736],[149.86647,-31.65149],[149.86308,-31.64335],[149.86558,-31.63798],[149.85144,-31.62872],[149.8409,-31.61609],[149.90108,-31.62441],[149.89665,-31.62014],[149.89896,-31.61783],[149.89544,-31.6133],[149.89676,-31.60247],[149.8929,-31.59258],[149.90424,-31.57931],[149.91169,-31.57746],[149.91476,-31.55951],[149.91086,-31.55167],[149.9032,-31.54561],[149.90607,-31.54327],[149.90441,-31.53688],[149.87596,-31.53495],[149.87453,-31.53832],[149.86696,-31.53726],[149.88291,-31.45205],[149.91298,-31.45342],[149.91374,-31.44746],[149.9081,-31.44068],[149.90962,-31.43051],[149.89589,-31.42409],[149.89745,-31.41965],[149.89404,-31.41414],[149.89325,-31.40215],[149.88907,-31.40044],[149.89144,-31.3963],[149.88166,-31.38521],[149.88425,-31.36992],[149.86585,-31.37967],[149.8032,-31.37194],[149.81005,-31.33364],[149.8043,-31.33403],[149.80366,-31.32722],[149.79094,-31.32552],[149.78796,-31.32077],[149.79265,-31.31637],[149.78858,-31.30867],[149.78891,-31.26985],[149.79252,-31.26496],[149.79033,-31.25004],[149.79588,-31.22392],[149.82591,-31.22852],[149.83067,-31.20982],[149.8415,-31.21149],[149.84438,-31.19673],[149.88083,-31.20234],[149.87562,-31.19592],[149.88052,-31.19523],[149.88026,-31.19132],[149.8833,-31.19058],[149.88202,-31.18821],[149.88851,-31.17918],[149.88565,-31.17545],[149.88762,-31.16987],[149.89342,-31.16555],[149.888,-31.1566],[149.89454,-31.15156],[149.89464,-31.14737],[149.88935,-31.14529],[149.89083,-31.13741],[149.89404,-31.13708],[149.88813,-31.12668],[149.89398,-31.12083],[149.888,-31.1174],[149.89299,-31.11413],[149.89073,-31.10726],[149.90476,-31.09702],[149.81978,-31.0845],[149.82953,-31.03861],[149.82524,-31.03802],[149.82293,-31.03356],[149.82991,-31.03438],[149.84697,-30.93882],[149.83531,-30.93717],[149.83819,-30.92101],[149.82717,-30.91958],[149.8237,-30.93916],[149.75768,-30.93037],[149.75154,-30.93282],[149.74344,-30.92985],[149.74203,-30.93891],[149.71082,-30.93443],[149.71045,-30.9167],[149.69678,-30.91444],[149.68912,-30.92303],[149.63156,-30.91608],[149.63707,-30.90992],[149.63403,-30.89957],[149.63668,-30.88858],[149.65584,-30.88904],[149.65878,-30.86999],[149.66409,-30.87011],[149.67031,-30.86161],[149.75829,-30.87176],[149.76112,-30.85535],[149.7883,-30.85904],[149.79353,-30.82881],[149.81614,-30.83066],[149.81947,-30.81215],[149.80274,-30.80993],[149.80793,-30.78113],[149.82298,-30.7831],[149.82423,-30.78095],[149.82503,-30.75931],[149.86134,-30.7644],[149.86402,-30.75161],[149.88661,-30.75467],[149.88525,-30.76204],[149.97271,-30.77379],[149.97685,-30.77039],[149.98198,-30.7763],[149.9901,-30.77289],[149.98396,-30.76578],[149.98475,-30.76222],[150.00482,-30.75003],[150.00313,-30.74284],[150.0085,-30.74168],[150.01143,-30.73649],[150.01964,-30.74096],[150.03326,-30.74228],[150.03025,-30.76076],[150.0373,-30.76174],[150.0351,-30.7737],[150.04391,-30.77494],[150.05285,-30.8003],[150.10186,-30.80535],[150.11068,-30.7487],[150.13044,-30.75153],[150.13125,-30.74727],[150.16034,-30.75355],[150.16162,-30.74697],[150.26445,-30.76223],[150.26864,-30.7398],[150.27586,-30.74082],[150.27681,-30.73577],[150.28268,-30.73656],[150.28414,-30.72881],[150.29559,-30.73037],[150.30242,-30.69447],[150.29042,-30.70166],[150.29551,-30.67436],[150.33738,-30.67449],[150.33945,-30.66365],[150.35392,-30.66153],[150.3555,-30.64992],[150.34938,-30.63559],[150.36251,-30.63216],[150.38884,-30.61629],[150.39105,-30.60532],[150.37828,-30.60269],[150.3717,-30.59455],[150.37084,-30.58731],[150.36389,-30.58406],[150.37024,-30.57621],[150.3623,-30.57397],[150.35888,-30.5666],[150.36046,-30.55943],[150.37376,-30.56122],[150.37275,-30.56673],[150.39071,-30.56931],[150.38866,-30.55102],[150.39377,-30.54705],[150.36613,-30.5434],[150.36854,-30.53006],[150.35475,-30.52822],[150.36258,-30.49857],[150.34839,-30.4967],[150.35014,-30.49267],[150.36416,-30.48928],[150.36759,-30.47007],[150.36092,-30.46879],[150.34666,-30.47318],[150.34654,-30.46953],[150.3515,-30.4663],[150.35183,-30.45769],[150.36099,-30.45406],[150.3625,-30.45067],[150.3625,-30.43245],[150.35569,-30.42804],[150.34932,-30.41495],[150.34142,-30.41205],[150.33878,-30.41507],[150.32863,-30.40244],[150.3207,-30.4088],[150.32262,-30.41971],[150.31643,-30.42796],[150.30053,-30.43271],[150.2919,-30.42794],[150.28325,-30.43084],[150.27461,-30.42144],[150.25147,-30.41353],[150.23962,-30.40173],[150.23133,-30.40249],[150.22576,-30.39929],[150.22618,-30.39237],[150.23768,-30.38459],[150.23586,-30.37851],[150.2288,-30.37651],[150.22403,-30.37091],[150.20342,-30.37503],[150.19121,-30.3651],[150.18834,-30.35904],[150.19555,-30.34561],[150.19126,-30.32615],[150.195,-30.32107],[150.18297,-30.29949],[150.19366,-30.29323],[150.18521,-30.2892],[150.17986,-30.27832],[150.17261,-30.27879],[150.16592,-30.27394],[150.16955,-30.26737],[150.17559,-30.26496],[150.17118,-30.25568],[150.17306,-30.24356],[150.16849,-30.23943],[150.16707,-30.22853],[150.16294,-30.2218],[150.15055,-30.22002],[150.14637,-30.21563],[150.14487,-30.20234],[150.13651,-30.20071],[150.12985,-30.20306],[150.12441,-30.1956],[150.10227,-30.19193],[150.08937,-30.17166],[150.08994,-30.1606],[150.08531,-30.15545],[150.08073,-30.14007],[150.07441,-30.13711],[150.07721,-30.12204],[150.07389,-30.11426],[150.07462,-30.10104],[150.06232,-30.08823],[150.06601,-30.08118],[150.06445,-30.07084],[150.06169,-30.06971],[150.05883,-30.05687],[150.05021,-30.05573],[150.05582,-30.02371],[150.03916,-30.00038],[150.03103,-30.00445],[150.02874,-30.00283],[150.03588,-29.99566],[150.03049,-29.98807],[149.98552,-29.98343],[149.98593,-29.98113],[149.92367,-29.96255],[149.92719,-29.94938],[149.91541,-29.9478],[149.91787,-29.93407],[149.90309,-29.93205],[149.89938,-29.92106],[149.9028,-29.92151],[149.90695,-29.90979],[149.91052,-29.88471],[149.88349,-29.88094],[149.87866,-29.88367],[149.81959,-29.87568],[149.81875,-29.88043],[149.78974,-29.87641],[149.78904,-29.83763],[149.78063,-29.83281],[149.76297,-29.83191],[149.75272,-29.82362],[149.75897,-29.78348],[149.72147,-29.77863],[149.71295,-29.81821],[149.70682,-29.82121],[149.70227,-29.81796],[149.70042,-29.82193],[149.68925,-29.82335],[149.69153,-29.81049],[149.65885,-29.80598],[149.66298,-29.7823],[149.64632,-29.77997],[149.64722,-29.77492],[149.6449,-29.77816],[149.63527,-29.77894],[149.63497,-29.78256],[149.62338,-29.78475],[149.62232,-29.78855],[149.61437,-29.78687],[149.61095,-29.78939],[149.61118,-29.79492],[149.60562,-29.79642],[149.60353,-29.80102],[149.59125,-29.79908],[149.58254,-29.80233],[149.58233,-29.80899],[149.56466,-29.8118],[149.56335,-29.81747],[149.55152,-29.81739],[149.54417,-29.81246],[149.53223,-29.81122],[149.51604,-29.81444],[149.50321,-29.80174],[149.49332,-29.79989],[149.48483,-29.79407],[149.47623,-29.79817],[149.47063,-29.79768],[149.46614,-29.79318],[149.44575,-29.79368],[149.42372,-29.787],[149.41961,-29.79039],[149.41463,-29.78385],[149.39674,-29.78494],[149.39185,-29.78998],[149.08299,-29.74928],[149.08884,-29.71253],[148.87992,-29.62915],[148.88098,-29.62271],[148.87729,-29.62225],[148.90118,-29.47524],[148.8982,-29.47847],[148.89062,-29.47691],[148.89143,-29.48252],[148.88715,-29.4825],[148.88498,-29.47807],[148.88302,-29.48303],[148.87385,-29.48422],[148.87495,-29.48767],[148.86903,-29.48552],[148.87008,-29.49348],[148.86301,-29.48979],[148.85607,-29.49479],[148.85248,-29.49387],[148.85192,-29.49693],[148.84891,-29.49483],[148.85084,-29.49132],[148.84582,-29.49728],[148.84138,-29.495],[148.83866,-29.49824],[148.82982,-29.49161],[148.82621,-29.49615],[148.82197,-29.49567],[148.82343,-29.49405],[148.81596,-29.48975],[148.81205,-29.49339],[148.81449,-29.49508],[148.80994,-29.49453],[148.8095,-29.49811],[148.80534,-29.49578],[148.8069,-29.4989],[148.80404,-29.49841],[148.80036,-29.50571],[148.79396,-29.50122],[148.79466,-29.50396],[148.78875,-29.50666],[148.78649,-29.50143],[148.78272,-29.50185],[148.7828,-29.50574],[148.77392,-29.50543],[148.76229,-29.50037],[148.75937,-29.50692],[148.75427,-29.50351],[148.75532,-29.5063],[148.75171,-29.5098],[148.75103,-29.50652],[148.74675,-29.50822],[148.74437,-29.50382],[148.74009,-29.50609],[148.73622,-29.50362],[148.72791,-29.50814],[148.7301,-29.51088],[148.72775,-29.5141],[148.71712,-29.50834],[148.71721,-29.51164],[148.71222,-29.5108],[148.70704,-29.51615],[148.70366,-29.51169],[148.70269,-29.51569],[148.69367,-29.50904],[148.68946,-29.5107],[148.69138,-29.50507],[148.68963,-29.50771],[148.68491,-29.50587],[148.68161,-29.51162],[148.67619,-29.50976],[148.68025,-29.50183],[148.68528,-29.4993],[148.68208,-29.49569],[148.68665,-29.49529],[148.68651,-29.48468],[148.68181,-29.48262],[148.67916,-29.47614],[148.68105,-29.47247],[148.68492,-29.47241],[148.68302,-29.46411],[148.69256,-29.45373],[148.68955,-29.45129],[148.69706,-29.44913],[148.69193,-29.44533],[148.69874,-29.43965],[148.69441,-29.43186],[148.69787,-29.43012],[148.70033,-29.43253],[148.70335,-29.4256],[148.70788,-29.42763],[148.71579,-29.42082],[148.71525,-29.4173],[148.70824,-29.41474],[148.71452,-29.41233],[148.70725,-29.40273],[148.70843,-29.39611],[148.70468,-29.38996],[148.70017,-29.38767],[148.69763,-29.39336],[148.69086,-29.38697],[148.68372,-29.38865],[148.68775,-29.37848],[148.69751,-29.37503],[148.69302,-29.36498],[148.70381,-29.36203],[148.69426,-29.35823],[148.69241,-29.35227],[148.68891,-29.35229],[148.69114,-29.34672],[148.69571,-29.34995],[148.69859,-29.34665],[148.69656,-29.32615],[148.7059,-29.3311],[148.70801,-29.32157],[148.71181,-29.32225],[148.71372,-29.31922],[148.71226,-29.31346],[148.71959,-29.31776],[148.72269,-29.31566],[148.71885,-29.30988],[148.72095,-29.3048],[148.71476,-29.29683],[148.7219,-29.29512],[148.72794,-29.29985],[148.72095,-29.28164],[148.72829,-29.2739],[148.73148,-29.27679],[148.73326,-29.27475],[148.73208,-29.26384],[148.73799,-29.26802],[148.74132,-29.26196],[148.73303,-29.25262],[148.73753,-29.25222],[148.73702,-29.24802],[148.74159,-29.24969],[148.74209,-29.24063],[148.74997,-29.23816],[148.748,-29.23361],[148.75269,-29.23136],[148.74973,-29.23013],[148.75073,-29.22509],[148.75684,-29.22211],[148.75422,-29.21705],[148.75976,-29.21671],[148.76256,-29.21299],[148.75877,-29.20862],[148.76214,-29.20594],[148.7679,-29.2082],[148.76376,-29.20206],[148.76726,-29.20076],[148.76353,-29.19777],[148.76594,-29.19195],[148.76878,-29.19312],[148.77124,-29.18636],[148.77483,-29.18659],[148.77671,-29.19093],[148.78268,-29.18463],[148.79243,-29.18667],[148.79201,-29.18343],[148.79634,-29.18194],[148.79911,-29.18949],[148.80578,-29.18275],[148.80263,-29.17792],[148.80874,-29.17759],[148.80788,-29.17052],[148.7984,-29.16592],[148.79883,-29.15911],[148.80156,-29.15765],[148.79705,-29.1564],[148.79957,-29.14849],[148.79698,-29.14071],[148.79775,-29.13814],[148.80403,-29.13824],[148.8007,-29.13328],[148.8038,-29.13067],[148.79933,-29.12989],[148.80436,-29.12034],[148.80792,-29.12157],[148.80415,-29.11501],[148.80725,-29.11249],[148.80358,-29.10955],[148.80739,-29.10611],[148.80523,-29.09936],[148.81099,-29.09197],[148.81779,-29.0931],[148.81273,-29.08477],[148.81421,-29.0817],[148.82189,-29.07592],[148.82544,-29.06687],[148.83296,-29.0653],[148.84155,-29.06992],[148.84932,-29.06417],[148.8479,-29.05535],[148.85175,-29.05497],[148.85085,-29.05129],[148.85904,-29.0509],[148.86162,-29.04742],[148.85934,-29.04531],[148.86415,-29.04591],[148.86727,-29.04114],[148.86928,-29.04454],[148.87388,-29.04174],[148.8762,-29.04358],[148.87887,-29.03935],[148.8773,-29.0322],[148.88317,-29.03158],[148.88827,-29.03649],[148.89194,-29.02795],[148.89786,-29.0274],[148.89557,-29.02326],[148.89808,-29.02003],[148.90387,-29.0213],[148.90496,-29.02615],[148.9057,-29.02178],[148.91151,-29.02369],[148.91485,-29.02004],[148.91568,-29.0233],[148.91833,-29.02068],[148.92329,-29.02525],[148.93198,-29.02596],[148.93464,-29.02236],[148.94188,-29.02455],[148.94699,-29.01109],[148.95417,-29.01106],[148.95406,-29.00613],[148.95818,-29.00683],[148.95544,-29.00318],[148.95809,-28.99905],[143.17616,-28.99902]]]},"properties":{"districtname":"BARWON","urbanity":"R"}},{"type":"Feature","geometry":{"type":"Polygon","coordinates":[[[150.29662,-28.54267],[150.29137,-28.53729],[150.28212,-28.5428],[150.26847,-28.54011],[150.25386,-28.54643],[150.24397,-28.55476],[150.24232,-28.55243],[150.23563,-28.55391],[150.23858,-28.55996],[150.22994,-28.55572],[150.23373,-28.56077],[150.22846,-28.56775],[150.21373,-28.56722],[150.21259,-28.57429],[150.20355,-28.57324],[150.19804,-28.56727],[150.19182,-28.56665],[150.18639,-28.573],[150.18108,-28.56913],[150.18678,-28.5689],[150.18585,-28.5651],[150.17732,-28.56337],[150.18258,-28.55646],[150.17396,-28.55792],[150.17049,-28.5635],[150.1671,-28.55542],[150.16991,-28.55417],[150.16866,-28.55058],[150.16326,-28.55575],[150.15787,-28.55431],[150.15427,-28.55739],[150.15156,-28.55544],[150.15432,-28.55308],[150.15254,-28.55018],[150.1474,-28.55306],[150.1482,-28.55828],[150.14344,-28.55766],[150.14287,-28.56193],[150.13875,-28.56009],[150.13847,-28.56544],[150.13636,-28.56002],[150.13162,-28.56563],[150.13009,-28.56254],[150.12599,-28.56493],[150.12158,-28.55963],[150.1207,-28.56273],[150.11321,-28.56283],[150.11584,-28.56655],[150.11115,-28.57033],[150.10415,-28.56493],[150.09222,-28.56405],[150.09277,-28.57841],[150.08529,-28.57562],[150.08801,-28.57727],[150.08524,-28.5809],[150.0809,-28.57745],[150.07979,-28.58171],[150.08264,-28.58244],[150.08005,-28.58427],[150.07223,-28.5801],[150.07264,-28.57663],[150.06905,-28.58109],[150.06638,-28.57769],[150.05811,-28.57897],[150.05654,-28.58648],[150.05117,-28.58526],[150.04884,-28.58943],[150.04421,-28.58648],[150.04569,-28.58229],[150.0362,-28.58615],[150.02688,-28.579],[150.02187,-28.5827],[150.01537,-28.58053],[150.01725,-28.58334],[150.01294,-28.58356],[150.01523,-28.58567],[150.01157,-28.5853],[150.00809,-28.59135],[150.00528,-28.58674],[150.00119,-28.59036],[150.00292,-28.5928],[149.99854,-28.5914],[149.99856,-28.5955],[149.99498,-28.5939],[149.99343,-28.60025],[149.98506,-28.60256],[149.98744,-28.60499],[149.98227,-28.60528],[149.97726,-28.61355],[149.97225,-28.60811],[149.96274,-28.61253],[149.95752,-28.60791],[149.95092,-28.60832],[149.9496,-28.61302],[149.94317,-28.61399],[149.94256,-28.61837],[149.93713,-28.61546],[149.93607,-28.61038],[149.92966,-28.61344],[149.92502,-28.609],[149.91734,-28.60813],[149.90861,-28.61045],[149.90813,-28.61438],[149.90316,-28.61555],[149.90549,-28.61866],[149.89831,-28.62215],[149.89419,-28.61612],[149.8901,-28.61936],[149.88688,-28.61572],[149.89051,-28.61268],[149.88233,-28.6137],[149.8822,-28.60981],[149.87749,-28.61197],[149.87412,-28.6035],[149.87208,-28.60738],[149.86796,-28.60749],[149.86213,-28.6024],[149.86065,-28.60715],[149.85443,-28.60437],[149.84494,-28.61058],[149.83926,-28.60393],[149.83141,-28.6038],[149.82708,-28.60902],[149.8222,-28.60908],[149.81938,-28.61681],[149.81168,-28.60606],[149.78376,-28.61441],[149.7798,-28.61018],[149.77568,-28.61327],[149.77249,-28.60924],[149.77259,-28.6145],[149.76775,-28.61133],[149.76776,-28.61447],[149.75989,-28.61547],[149.75469,-28.60984],[149.7543,-28.61292],[149.74648,-28.61201],[149.745,-28.61871],[149.74178,-28.61343],[149.73934,-28.61743],[149.72635,-28.61575],[149.72955,-28.61088],[149.72119,-28.60941],[149.72333,-28.61312],[149.71858,-28.61164],[149.71389,-28.61671],[149.71297,-28.61236],[149.70592,-28.61798],[149.70404,-28.61666],[149.70593,-28.6219],[149.71021,-28.62037],[149.70557,-28.62265],[149.70621,-28.62582],[149.70335,-28.62542],[149.70717,-28.62747],[149.70397,-28.6339],[149.70011,-28.63034],[149.69843,-28.63331],[149.69606,-28.63117],[149.69113,-28.63431],[149.68947,-28.62838],[149.68798,-28.63282],[149.68537,-28.62947],[149.68057,-28.63061],[149.68174,-28.63389],[149.67881,-28.63268],[149.67846,-28.63502],[149.67685,-28.63139],[149.67262,-28.63394],[149.67266,-28.63071],[149.66674,-28.63212],[149.67159,-28.62861],[149.66832,-28.62635],[149.67285,-28.62674],[149.6732,-28.62391],[149.6635,-28.61763],[149.6618,-28.61042],[149.65755,-28.61159],[149.65633,-28.61592],[149.64757,-28.61228],[149.64209,-28.59919],[149.63591,-28.59953],[149.63487,-28.59544],[149.63095,-28.59815],[149.63068,-28.59524],[149.62718,-28.59626],[149.62545,-28.59354],[149.61097,-28.60108],[149.61032,-28.59741],[149.60493,-28.59765],[149.60658,-28.59396],[149.60332,-28.58903],[149.60598,-28.58774],[149.6033,-28.58604],[149.59774,-28.58887],[149.59833,-28.57984],[149.58725,-28.57336],[149.56837,-28.57158],[149.55769,-28.57666],[149.5576,-28.57989],[149.55291,-28.5776],[149.55286,-28.5809],[149.55032,-28.57686],[149.53581,-28.57449],[149.53233,-28.57706],[149.52945,-28.57439],[149.52515,-28.57954],[149.51549,-28.57944],[149.51376,-28.58192],[149.51236,-28.57645],[149.50366,-28.57427],[149.50286,-28.58071],[149.49918,-28.57772],[149.49033,-28.58475],[149.48122,-28.58271],[149.48089,-28.58986],[149.47945,-28.59139],[149.47722,-28.58771],[149.47536,-28.59376],[149.46981,-28.59436],[149.46839,-28.59185],[149.46749,-28.59652],[149.46199,-28.59146],[149.45881,-28.59424],[149.4558,-28.59269],[149.45582,-28.59581],[149.45239,-28.5951],[149.45182,-28.6042],[149.444,-28.60624],[149.44457,-28.60899],[149.43904,-28.61165],[149.44001,-28.61872],[149.44311,-28.6202],[149.42819,-28.62941],[149.43309,-28.63484],[149.42902,-28.63973],[149.43087,-28.64314],[149.42566,-28.64697],[149.42598,-28.65034],[149.41682,-28.65132],[149.42336,-28.65511],[149.41707,-28.65465],[149.41615,-28.66287],[149.4102,-28.66391],[149.41071,-28.66752],[149.41357,-28.665],[149.41427,-28.66707],[149.40431,-28.67342],[149.40539,-28.67539],[149.39383,-28.67748],[149.39396,-28.68656],[149.3875,-28.69616],[149.38518,-28.69137],[149.37875,-28.68846],[149.37588,-28.69278],[149.36895,-28.68741],[149.36689,-28.69238],[149.35858,-28.68405],[149.35213,-28.68846],[149.35128,-28.69265],[149.34769,-28.69091],[149.34661,-28.69682],[149.34013,-28.69494],[149.33536,-28.69835],[149.33063,-28.69733],[149.32895,-28.69919],[149.33203,-28.70239],[149.32865,-28.70737],[149.31999,-28.70586],[149.3198,-28.70893],[149.32252,-28.70917],[149.31843,-28.71389],[149.3155,-28.7102],[149.31015,-28.71222],[149.30207,-28.70856],[149.29676,-28.70974],[149.28661,-28.72173],[149.28716,-28.72678],[149.28242,-28.72805],[149.28572,-28.73187],[149.27189,-28.73322],[149.27116,-28.73651],[149.27389,-28.73715],[149.26933,-28.74325],[149.26294,-28.74017],[149.26209,-28.73411],[149.2573,-28.73953],[149.25464,-28.73839],[149.25358,-28.74223],[149.24535,-28.73895],[149.24075,-28.74563],[149.24319,-28.74712],[149.23043,-28.75068],[149.23179,-28.75561],[149.22857,-28.75506],[149.23033,-28.75827],[149.22771,-28.75903],[149.22862,-28.76187],[149.22377,-28.76237],[149.22462,-28.76464],[149.21421,-28.7634],[149.21021,-28.76839],[149.20729,-28.7657],[149.20749,-28.76941],[149.19454,-28.77092],[149.18863,-28.7751],[149.19238,-28.78073],[149.1861,-28.782],[149.18399,-28.7905],[149.18685,-28.79404],[149.17959,-28.79866],[149.1792,-28.80302],[149.16658,-28.80875],[149.16246,-28.80585],[149.16002,-28.81084],[149.14815,-28.8085],[149.14833,-28.80576],[149.14565,-28.80945],[149.14299,-28.80561],[149.13957,-28.80672],[149.13892,-28.81567],[149.14186,-28.81504],[149.14216,-28.81906],[149.14455,-28.81891],[149.14029,-28.82195],[149.14353,-28.82233],[149.13895,-28.82794],[149.12781,-28.83161],[149.12788,-28.83552],[149.12143,-28.83155],[149.1182,-28.83328],[149.11926,-28.82946],[149.11191,-28.83001],[149.11194,-28.83425],[149.10905,-28.83315],[149.10323,-28.83858],[149.1027,-28.83339],[149.09679,-28.83155],[149.08686,-28.83837],[149.08612,-28.84198],[149.08069,-28.84187],[149.08004,-28.85816],[149.07533,-28.85924],[149.07058,-28.87161],[149.05503,-28.88437],[149.06404,-28.8891],[149.05767,-28.89362],[149.06062,-28.89437],[149.0557,-28.90142],[149.05843,-28.91096],[149.04499,-28.92054],[149.04727,-28.92453],[149.04263,-28.92689],[149.04232,-28.93136],[149.0456,-28.93148],[149.04563,-28.93457],[149.04302,-28.93944],[149.03847,-28.93907],[149.04013,-28.94235],[149.03464,-28.94553],[149.03617,-28.94865],[149.03161,-28.95687],[149.02781,-28.95447],[149.01945,-28.95935],[149.01163,-28.95547],[149.00805,-28.95772],[149.01078,-28.95999],[149.00471,-28.96059],[149.00404,-28.96727],[148.99713,-28.97274],[148.99123,-28.97137],[148.99073,-28.97589],[148.98636,-28.97412],[148.97147,-28.97844],[148.97112,-28.98532],[148.966,-28.98584],[148.96903,-28.98802],[148.96737,-28.9912],[148.96342,-28.99167],[148.96558,-28.99363],[148.9555,-29.00288],[148.95809,-29.00696],[148.95406,-29.00613],[148.95417,-29.01106],[148.94699,-29.01109],[148.94178,-29.02461],[148.93464,-29.02236],[148.93198,-29.02596],[148.92329,-29.02525],[148.91833,-29.02068],[148.91568,-29.0233],[148.91485,-29.02004],[148.91151,-29.02369],[148.9057,-29.02178],[148.90496,-29.02615],[148.90387,-29.0213],[148.8982,-29.01998],[148.89557,-29.02326],[148.89786,-29.0274],[148.89194,-29.02795],[148.88827,-29.03649],[148.88317,-29.03158],[148.87747,-29.0321],[148.87886,-29.03949],[148.87615,-29.04361],[148.87388,-29.04174],[148.86928,-29.04454],[148.86688,-29.04122],[148.86415,-29.04591],[148.85916,-29.04546],[148.86162,-29.04742],[148.85893,-29.05097],[148.85072,-29.05138],[148.85175,-29.05497],[148.8478,-29.05564],[148.84955,-29.06387],[148.84202,-29.06973],[148.83296,-29.0653],[148.82527,-29.06703],[148.82199,-29.07579],[148.81913,-29.0757],[148.81274,-29.0844],[148.81768,-29.0934],[148.81099,-29.09197],[148.80523,-29.09936],[148.80739,-29.10611],[148.80358,-29.10955],[148.80725,-29.11249],[148.80415,-29.11501],[148.80792,-29.12157],[148.80436,-29.12034],[148.79933,-29.12989],[148.8038,-29.13067],[148.8007,-29.13328],[148.80403,-29.13824],[148.79703,-29.14035],[148.79957,-29.14849],[148.79705,-29.1564],[148.80156,-29.15765],[148.79883,-29.15911],[148.7984,-29.16592],[148.80788,-29.17052],[148.80874,-29.17759],[148.80263,-29.17792],[148.80578,-29.18275],[148.79911,-29.18949],[148.79634,-29.18194],[148.79201,-29.18343],[148.79243,-29.18667],[148.78268,-29.18463],[148.77671,-29.19093],[148.77483,-29.18659],[148.77124,-29.18636],[148.76878,-29.19312],[148.76594,-29.19195],[148.76353,-29.19777],[148.76726,-29.20076],[148.76376,-29.20206],[148.7679,-29.2082],[148.76214,-29.20594],[148.75877,-29.20862],[148.76256,-29.21299],[148.75976,-29.21671],[148.75422,-29.21705],[148.75684,-29.22211],[148.75073,-29.22509],[148.74973,-29.23013],[148.75269,-29.23136],[148.748,-29.23361],[148.74997,-29.23816],[148.74209,-29.24063],[148.74159,-29.24969],[148.73702,-29.24802],[148.73753,-29.25222],[148.73303,-29.25262],[148.74132,-29.26196],[148.73799,-29.26802],[148.73208,-29.26384],[148.73326,-29.27475],[148.73148,-29.27679],[148.72829,-29.2739],[148.72095,-29.28164],[148.72794,-29.29985],[148.7219,-29.29512],[148.71476,-29.29683],[148.72095,-29.3048],[148.71885,-29.30988],[148.72269,-29.31566],[148.71959,-29.31776],[148.71226,-29.31346],[148.71372,-29.31922],[148.71181,-29.32225],[148.70801,-29.32157],[148.7059,-29.3311],[148.69656,-29.32615],[148.69859,-29.34665],[148.69571,-29.34995],[148.69114,-29.34672],[148.68891,-29.35229],[148.69241,-29.35227],[148.69426,-29.35823],[148.70381,-29.36203],[148.69302,-29.36498],[148.69751,-29.37503],[148.68775,-29.37848],[148.68372,-29.38865],[148.69086,-29.38697],[148.69763,-29.39336],[148.70017,-29.38767],[148.70468,-29.38996],[148.70843,-29.39611],[148.70725,-29.40273],[148.71452,-29.41233],[148.70824,-29.41474],[148.71525,-29.4173],[148.71579,-29.42082],[148.70788,-29.42763],[148.70335,-29.4256],[148.70033,-29.43253],[148.69787,-29.43012],[148.69441,-29.43186],[148.69874,-29.43965],[148.69193,-29.44533],[148.69706,-29.44913],[148.68955,-29.45129],[148.69256,-29.45373],[148.68302,-29.46411],[148.68492,-29.47241],[148.68105,-29.47247],[148.67916,-29.47614],[148.68181,-29.48262],[148.68651,-29.48468],[148.68665,-29.49529],[148.68208,-29.49569],[148.68528,-29.4993],[148.68025,-29.50183],[148.67619,-29.50976],[148.68161,-29.51162],[148.68491,-29.50587],[148.68963,-29.50771],[148.69138,-29.50507],[148.68946,-29.5107],[148.69367,-29.50904],[148.70269,-29.51569],[148.70366,-29.51169],[148.70704,-29.51615],[148.71222,-29.5108],[148.71721,-29.51164],[148.71712,-29.50834],[148.72775,-29.5141],[148.7301,-29.51088],[148.72791,-29.50814],[148.73622,-29.50362],[148.74009,-29.50609],[148.74437,-29.50382],[148.74675,-29.50822],[148.75103,-29.50652],[148.75171,-29.5098],[148.75532,-29.5063],[148.75427,-29.50351],[148.75937,-29.50692],[148.76229,-29.50037],[148.77392,-29.50543],[148.7828,-29.50574],[148.78272,-29.50185],[148.78649,-29.50143],[148.78875,-29.50666],[148.79466,-29.50396],[148.79396,-29.50122],[148.80036,-29.50571],[148.80404,-29.49841],[148.8069,-29.4989],[148.80534,-29.49578],[148.8095,-29.49811],[148.80994,-29.49453],[148.81449,-29.49508],[148.81205,-29.49339],[148.81596,-29.48975],[148.82343,-29.49405],[148.82197,-29.49567],[148.82621,-29.49615],[148.82982,-29.49161],[148.83866,-29.49824],[148.84138,-29.495],[148.84582,-29.49728],[148.85084,-29.49132],[148.84891,-29.49483],[148.85192,-29.49693],[148.85248,-29.49387],[148.85607,-29.49479],[148.86301,-29.48979],[148.87008,-29.49348],[148.86903,-29.48552],[148.87495,-29.48767],[148.87385,-29.48422],[148.88302,-29.48303],[148.88498,-29.47807],[148.88715,-29.4825],[148.89143,-29.48252],[148.89062,-29.47691],[148.8982,-29.47847],[148.90118,-29.47524],[148.87729,-29.62225],[148.88098,-29.62271],[148.87992,-29.62915],[149.08884,-29.71253],[149.08299,-29.74928],[149.39185,-29.78998],[149.39674,-29.78494],[149.41463,-29.78385],[149.41961,-29.79039],[149.42372,-29.787],[149.44575,-29.79368],[149.46614,-29.79318],[149.47063,-29.79768],[149.47623,-29.79817],[149.48483,-29.79407],[149.49332,-29.79989],[149.50321,-29.80174],[149.51604,-29.81444],[149.53223,-29.81122],[149.54417,-29.81246],[149.55152,-29.81739],[149.56335,-29.81747],[149.56466,-29.8118],[149.58233,-29.80899],[149.58254,-29.80233],[149.59125,-29.79908],[149.60353,-29.80102],[149.60562,-29.79642],[149.61118,-29.79492],[149.61095,-29.78939],[149.61437,-29.78687],[149.62232,-29.78855],[149.62338,-29.78475],[149.63497,-29.78256],[149.63527,-29.77894],[149.6449,-29.77816],[149.64722,-29.77492],[149.64632,-29.77997],[149.66298,-29.7823],[149.65885,-29.80598],[149.69153,-29.81049],[149.68925,-29.82335],[149.70042,-29.82193],[149.70227,-29.81796],[149.70682,-29.82121],[149.71295,-29.81821],[149.72147,-29.77863],[149.75897,-29.78348],[149.75272,-29.82362],[149.76297,-29.83191],[149.78063,-29.83281],[149.78904,-29.83763],[149.78974,-29.87641],[149.81875,-29.88043],[149.81959,-29.87568],[149.87866,-29.88367],[149.88349,-29.88094],[149.91052,-29.88471],[149.90695,-29.90979],[149.9028,-29.92151],[149.89938,-29.92106],[149.90309,-29.93205],[149.91787,-29.93407],[149.91541,-29.9478],[149.92719,-29.94938],[149.92367,-29.96255],[149.98593,-29.98113],[149.98552,-29.98343],[150.03049,-29.98807],[150.03588,-29.99566],[150.02874,-30.00283],[150.03103,-30.00445],[150.03916,-30.00038],[150.05582,-30.02371],[150.05021,-30.05573],[150.05883,-30.05687],[150.06169,-30.06971],[150.06445,-30.07084],[150.06601,-30.08118],[150.06232,-30.08823],[150.07462,-30.10104],[150.07567,-30.10735],[150.07389,-30.11426],[150.07721,-30.12204],[150.07441,-30.13711],[150.08198,-30.14234],[150.08531,-30.15545],[150.08994,-30.1606],[150.08937,-30.17166],[150.10227,-30.19193],[150.12441,-30.1956],[150.12985,-30.20306],[150.13651,-30.20071],[150.14487,-30.20234],[150.14546,-30.20889],[150.15004,-30.21049],[150.16017,-30.20714],[150.16479,-30.19764],[150.17295,-30.20576],[150.17964,-30.20561],[150.18273,-30.211],[150.17833,-30.21718],[150.184,-30.22551],[150.192,-30.22719],[150.20708,-30.25605],[150.21959,-30.25341],[150.22905,-30.24262],[150.25114,-30.23746],[150.26568,-30.24763],[150.26607,-30.25222],[150.30793,-30.25776],[150.30402,-30.2803],[150.33469,-30.28555],[150.33277,-30.29631],[150.34284,-30.30403],[150.35499,-30.30759],[150.36481,-30.30346],[150.36301,-30.31658],[150.36642,-30.31893],[150.37046,-30.31731],[150.38383,-30.32309],[150.39186,-30.32283],[150.40336,-30.30343],[150.42265,-30.2843],[150.43627,-30.28054],[150.43884,-30.27111],[150.45641,-30.26209],[150.46014,-30.25336],[150.46369,-30.25197],[150.46579,-30.26073],[150.46984,-30.26303],[150.48134,-30.26353],[150.50597,-30.27296],[150.51605,-30.28382],[150.51756,-30.2933],[150.51388,-30.30654],[150.52351,-30.3098],[150.53174,-30.30855],[150.53546,-30.31983],[150.5395,-30.32259],[150.54412,-30.31105],[150.57058,-30.30339],[150.57251,-30.29716],[150.57933,-30.2966],[150.58004,-30.29027],[150.59104,-30.28575],[150.599,-30.29433],[150.60154,-30.29148],[150.61769,-30.29581],[150.61971,-30.29467],[150.61781,-30.28774],[150.62278,-30.2808],[150.63486,-30.2854],[150.65681,-30.27493],[150.66503,-30.27964],[150.67532,-30.27544],[150.68146,-30.28317],[150.68105,-30.28889],[150.68604,-30.28619],[150.68734,-30.28022],[150.70107,-30.27396],[150.70295,-30.28395],[150.70822,-30.2843],[150.7099,-30.29324],[150.72293,-30.29429],[150.73139,-30.27832],[150.73824,-30.27215],[150.75417,-30.26715],[150.76252,-30.25932],[150.76649,-30.26405],[150.7716,-30.25744],[150.78214,-30.25617],[150.78862,-30.23852],[150.78786,-30.22931],[150.79066,-30.22693],[150.81607,-30.22796],[150.81276,-30.21992],[150.81613,-30.21135],[150.82293,-30.20311],[150.83293,-30.19988],[150.83316,-30.19688],[150.85112,-30.20198],[150.88494,-30.20308],[150.89883,-30.18492],[150.91742,-30.18595],[150.92504,-30.18222],[150.93112,-30.19296],[150.93855,-30.19699],[150.93973,-30.22054],[150.94865,-30.22632],[150.95467,-30.23832],[150.95962,-30.23814],[150.96234,-30.24998],[150.97585,-30.26661],[150.96947,-30.26755],[150.96721,-30.27292],[150.96943,-30.28053],[150.96692,-30.28546],[150.96995,-30.2895],[150.96626,-30.29123],[150.96515,-30.29648],[150.95543,-30.30082],[150.95168,-30.29945],[150.94876,-30.30382],[150.95583,-30.31546],[150.94787,-30.32881],[150.95435,-30.33948],[150.94979,-30.34437],[150.95192,-30.35568],[150.94483,-30.36138],[150.94875,-30.36825],[150.94513,-30.37341],[150.94787,-30.37652],[150.93879,-30.38485],[150.94012,-30.39143],[150.93427,-30.39884],[150.94698,-30.40445],[150.94405,-30.40775],[150.94525,-30.41889],[150.96003,-30.42924],[150.97596,-30.42249],[150.9879,-30.42805],[150.99925,-30.42446],[150.99622,-30.41622],[151.00076,-30.40984],[151.0097,-30.41608],[151.02164,-30.40772],[151.02622,-30.41134],[151.02257,-30.42316],[151.02451,-30.42971],[151.01506,-30.44861],[151.01775,-30.45285],[151.01221,-30.45866],[151.03073,-30.46996],[151.02639,-30.47458],[151.03016,-30.48095],[151.02855,-30.48958],[151.03225,-30.49712],[151.03826,-30.50077],[151.04045,-30.51268],[151.0514,-30.51338],[151.05628,-30.5207],[151.06262,-30.54523],[151.06647,-30.54649],[151.06968,-30.55449],[151.06705,-30.56266],[151.08927,-30.56776],[151.10377,-30.57689],[151.11048,-30.5849],[151.13008,-30.5952],[151.14859,-30.60034],[151.15265,-30.612],[151.16114,-30.61324],[151.15787,-30.63068],[151.16249,-30.63137],[151.1614,-30.63719],[151.1793,-30.64292],[151.18676,-30.65502],[151.19884,-30.66317],[151.20612,-30.6801],[151.21662,-30.68364],[151.21789,-30.69022],[151.22593,-30.68545],[151.23758,-30.69916],[151.24308,-30.70311],[151.24818,-30.70263],[151.24819,-30.72678],[151.26252,-30.72847],[151.26806,-30.72397],[151.28415,-30.72542],[151.28618,-30.72172],[151.31625,-30.72797],[151.3378,-30.72421],[151.3428,-30.72827],[151.35269,-30.72966],[151.36137,-30.72069],[151.37014,-30.71692],[151.36784,-30.72928],[151.37553,-30.73038],[151.37179,-30.75047],[151.38597,-30.75243],[151.38268,-30.7541],[151.38311,-30.76462],[151.39039,-30.76566],[151.38495,-30.79368],[151.39124,-30.7946],[151.38983,-30.80152],[151.38285,-30.80354],[151.37216,-30.81869],[151.37125,-30.82355],[151.37694,-30.82702],[151.37683,-30.83389],[151.37523,-30.8417],[151.37069,-30.84109],[151.36406,-30.87654],[151.36106,-30.87953],[151.35683,-30.87836],[151.35256,-30.87232],[151.34461,-30.87912],[151.34502,-30.88239],[151.3362,-30.88785],[151.33795,-30.89034],[151.33323,-30.89762],[151.32431,-30.89465],[151.32383,-30.89789],[151.31048,-30.90362],[151.30847,-30.90824],[151.30243,-30.89972],[151.29581,-30.90088],[151.28749,-30.91058],[151.30699,-30.91829],[151.30899,-30.92726],[151.3177,-30.92768],[151.32485,-30.9399],[151.3428,-30.94588],[151.34799,-30.96225],[151.34535,-30.96867],[151.3307,-30.96862],[151.30926,-30.98984],[151.32241,-30.9917],[151.3204,-31.00278],[151.32824,-31.00395],[151.33187,-31.00998],[151.34369,-31.01158],[151.34606,-31.01686],[151.34247,-31.01898],[151.35167,-31.023],[151.35035,-31.03162],[151.34341,-31.0352],[151.34205,-31.04289],[151.34396,-31.04577],[151.36075,-31.04814],[151.35699,-31.06747],[151.34145,-31.06405],[151.33194,-31.06945],[151.32436,-31.06985],[151.32387,-31.07288],[151.31818,-31.07412],[151.31846,-31.07705],[151.31141,-31.0791],[151.31207,-31.08167],[151.30584,-31.08062],[151.30795,-31.08201],[151.30352,-31.10264],[151.33621,-31.10728],[151.33327,-31.12287],[151.33674,-31.11921],[151.3394,-31.12057],[151.33452,-31.14677],[151.32499,-31.14686],[151.31907,-31.17575],[151.32604,-31.1803],[151.33107,-31.17827],[151.33941,-31.18118],[151.34469,-31.18934],[151.34447,-31.19685],[151.35654,-31.20061],[151.36198,-31.19935],[151.36024,-31.21004],[151.36661,-31.21117],[151.37636,-31.20546],[151.38284,-31.2072],[151.37986,-31.22388],[151.37029,-31.22259],[151.35794,-31.28824],[151.3639,-31.29349],[151.36601,-31.29212],[151.36858,-31.29798],[151.39054,-31.30077],[151.39753,-31.26381],[151.4151,-31.26619],[151.42067,-31.27138],[151.41852,-31.30079],[151.42428,-31.30686],[151.42052,-31.31093],[151.42081,-31.31768],[151.42673,-31.32656],[151.43744,-31.33033],[151.44807,-31.33885],[151.45171,-31.35151],[151.45883,-31.35594],[151.45708,-31.36514],[151.46594,-31.37751],[151.46282,-31.38319],[151.45474,-31.38247],[151.44723,-31.38836],[151.43577,-31.38697],[151.43354,-31.38916],[151.4226,-31.37993],[151.40997,-31.38816],[151.41092,-31.39494],[151.40732,-31.39725],[151.41449,-31.41023],[151.42664,-31.41524],[151.41026,-31.43317],[151.41495,-31.43587],[151.41196,-31.43966],[151.41942,-31.44066],[151.4156,-31.44873],[151.41905,-31.45585],[151.41554,-31.46448],[151.41115,-31.46644],[151.409,-31.47548],[151.41328,-31.48494],[151.42412,-31.48521],[151.42121,-31.49294],[151.42767,-31.49934],[151.41761,-31.50483],[151.42643,-31.51134],[151.43241,-31.52353],[151.45409,-31.53969],[151.48248,-31.54721],[151.48444,-31.55259],[151.47896,-31.55759],[151.47837,-31.56423],[151.48632,-31.56698],[151.49007,-31.5733],[151.4966,-31.57109],[151.49823,-31.57531],[151.50322,-31.57518],[151.50705,-31.57971],[151.51121,-31.57824],[151.5124,-31.58786],[151.5214,-31.58667],[151.52505,-31.59266],[151.53198,-31.59172],[151.52987,-31.59411],[151.54317,-31.60171],[151.55123,-31.60393],[151.55115,-31.60033],[151.55736,-31.60084],[151.56124,-31.60639],[151.56945,-31.60994],[151.57661,-31.60227],[151.58417,-31.60481],[151.60141,-31.59559],[151.60141,-31.59882],[151.60928,-31.60269],[151.61007,-31.60796],[151.62474,-31.6068],[151.63362,-31.61521],[151.63723,-31.61003],[151.64513,-31.61085],[151.64147,-31.60567],[151.64731,-31.60701],[151.65258,-31.60265],[151.65904,-31.60791],[151.65711,-31.61324],[151.67436,-31.6129],[151.68212,-31.60877],[151.69195,-31.6145],[151.68817,-31.61866],[151.69064,-31.62256],[151.69963,-31.623],[151.70116,-31.61993],[151.71056,-31.62365],[151.71302,-31.62055],[151.72422,-31.62891],[151.72689,-31.62665],[151.7331,-31.62844],[151.74003,-31.63589],[151.75658,-31.6381],[151.75378,-31.63393],[151.75583,-31.62534],[151.75882,-31.62509],[151.7553,-31.61143],[151.75675,-31.60174],[151.77533,-31.59041],[151.78165,-31.59262],[151.78297,-31.5856],[151.8025,-31.57385],[151.80043,-31.56761],[151.78825,-31.55988],[151.78661,-31.5478],[151.76391,-31.54093],[151.75846,-31.53536],[151.75975,-31.53066],[151.75375,-31.52437],[151.75664,-31.52024],[151.75335,-31.5143],[151.76071,-31.51541],[151.76158,-31.51117],[151.78946,-31.51508],[151.80261,-31.50503],[151.84276,-31.50903],[151.8446,-31.49938],[151.91576,-31.51005],[151.91893,-31.50707],[151.91079,-31.50041],[151.91478,-31.49384],[151.91168,-31.49157],[151.91236,-31.48771],[151.9092,-31.48774],[151.91528,-31.48374],[151.91044,-31.4817],[151.91278,-31.47669],[152.0838,-31.50048],[152.08693,-31.49616],[152.08214,-31.49083],[152.08163,-31.48534],[152.08437,-31.48317],[152.08073,-31.47958],[152.08211,-31.47483],[152.07862,-31.47345],[152.07932,-31.46226],[152.08777,-31.45624],[152.08284,-31.44805],[152.0647,-31.43857],[152.06563,-31.43361],[152.06182,-31.42965],[152.06784,-31.39849],[152.07091,-31.40357],[152.08714,-31.39166],[152.09253,-31.39192],[152.09739,-31.38809],[152.09961,-31.39314],[152.12337,-31.28016],[152.12982,-31.283],[152.13369,-31.27881],[152.13962,-31.28448],[152.14337,-31.28016],[152.14973,-31.28009],[152.15247,-31.27384],[152.1517,-31.26879],[152.15742,-31.25791],[152.15541,-31.25539],[152.15931,-31.25083],[152.15685,-31.2484],[152.16249,-31.24129],[152.15867,-31.23798],[152.16319,-31.2279],[152.15488,-31.22816],[152.14997,-31.22419],[152.15432,-31.21064],[152.14732,-31.19973],[152.1513,-31.18598],[152.17073,-31.19145],[152.17717,-31.19926],[152.20001,-31.19326],[152.2234,-31.20789],[152.23176,-31.20539],[152.23478,-31.19809],[152.24178,-31.20357],[152.25303,-31.20653],[152.25575,-31.20102],[152.25867,-31.20103],[152.25633,-31.19475],[152.31658,-31.20292],[152.3309,-31.12745],[152.34261,-31.12833],[152.34346,-31.12435],[152.33665,-31.11626],[152.33795,-31.11441],[152.34959,-31.11699],[152.34816,-31.10921],[152.33656,-31.10522],[152.33471,-31.08475],[152.33736,-31.08008],[152.33422,-31.0757],[152.34064,-31.0682],[152.33106,-31.05726],[152.34518,-31.05061],[152.34335,-31.03993],[152.32643,-31.0301],[152.3244,-31.02484],[152.31527,-31.02784],[152.29263,-31.01523],[152.29256,-31.01145],[152.27652,-31.0095],[152.26983,-30.99913],[152.28303,-30.98503],[152.28366,-30.97925],[152.28866,-30.98091],[152.29415,-30.97307],[152.28797,-30.96686],[152.29066,-30.96132],[152.28599,-30.95966],[152.28745,-30.9543],[152.28431,-30.94911],[152.29603,-30.93108],[152.28942,-30.92128],[152.29311,-30.91991],[152.29379,-30.90875],[152.28725,-30.89996],[152.29062,-30.88225],[152.29949,-30.86622],[152.28951,-30.84414],[152.28454,-30.84149],[152.2886,-30.83232],[152.28679,-30.82986],[152.29146,-30.82372],[152.29863,-30.82289],[152.3107,-30.80495],[152.31758,-30.80194],[152.31546,-30.7937],[152.33334,-30.78948],[152.34386,-30.79189],[152.34703,-30.78112],[152.355,-30.77811],[152.35196,-30.76914],[152.36145,-30.75789],[152.36548,-30.75847],[152.36675,-30.75177],[152.37531,-30.74533],[152.37586,-30.73179],[152.37084,-30.72773],[152.37155,-30.7194],[152.36568,-30.70462],[152.36933,-30.69868],[152.35841,-30.6842],[152.358,-30.67843],[152.36228,-30.66694],[152.3693,-30.65889],[152.35055,-30.64765],[152.34519,-30.63985],[152.33688,-30.64046],[152.33162,-30.62936],[152.33355,-30.62073],[152.31902,-30.61338],[152.31606,-30.60296],[152.31173,-30.60018],[152.32992,-30.58421],[152.33003,-30.57933],[152.33628,-30.57241],[152.33581,-30.56703],[152.34824,-30.56319],[152.35267,-30.55601],[152.36165,-30.55579],[152.36408,-30.54504],[152.37498,-30.54176],[152.37692,-30.53525],[152.38672,-30.52917],[152.38771,-30.5222],[152.38256,-30.51931],[152.38581,-30.50518],[152.39233,-30.50071],[152.40026,-30.50093],[152.40843,-30.48925],[152.39324,-30.4764],[152.39566,-30.46899],[152.38965,-30.45304],[152.39206,-30.4429],[152.39685,-30.44211],[152.40181,-30.435],[152.41721,-30.43681],[152.41962,-30.42673],[152.42808,-30.41888],[152.38754,-30.38315],[152.38992,-30.37469],[152.38192,-30.36261],[152.36458,-30.36096],[152.36556,-30.35412],[152.35178,-30.35535],[152.35477,-30.34036],[152.34947,-30.33954],[152.35117,-30.3337],[152.34519,-30.33211],[152.34702,-30.32593],[152.34288,-30.32423],[152.34461,-30.31508],[152.34187,-30.31095],[152.34931,-30.29161],[152.34424,-30.29017],[152.33936,-30.28226],[152.34229,-30.26915],[152.33733,-30.25815],[152.33988,-30.25663],[152.33743,-30.25263],[152.34057,-30.25092],[152.34007,-30.24731],[152.34343,-30.24695],[152.35039,-30.23517],[152.34376,-30.22966],[152.34489,-30.22704],[152.33906,-30.22541],[152.33766,-30.21841],[152.33161,-30.22056],[152.32969,-30.21644],[152.32585,-30.21719],[152.32463,-30.21025],[152.31862,-30.2101],[152.3193,-30.20681],[152.31571,-30.20883],[152.31585,-30.20186],[152.31048,-30.2008],[152.30949,-30.19585],[152.31338,-30.1924],[152.31107,-30.18998],[152.31453,-30.18749],[152.31248,-30.18403],[152.31708,-30.18211],[152.31334,-30.17781],[152.30978,-30.18127],[152.3032,-30.17917],[152.31112,-30.17365],[152.30984,-30.168],[152.30662,-30.16746],[152.30924,-30.161],[152.31656,-30.16162],[152.30918,-30.15804],[152.30729,-30.16218],[152.30493,-30.16139],[152.30968,-30.14789],[152.30335,-30.14463],[152.2978,-30.14729],[152.30525,-30.14049],[152.29701,-30.13807],[152.29656,-30.13275],[152.3023,-30.13178],[152.30047,-30.12329],[152.29728,-30.12139],[152.29827,-30.11706],[152.29541,-30.11379],[152.29242,-30.11663],[152.29237,-30.11195],[152.27944,-30.09933],[152.28441,-30.0943],[152.27975,-30.08802],[152.2939,-30.08538],[152.29211,-30.07724],[152.29568,-30.07478],[152.29241,-30.07112],[152.29986,-30.07112],[152.29177,-30.06325],[152.29996,-30.05693],[152.29283,-30.05191],[152.29919,-30.04624],[152.29465,-30.04078],[152.31518,-30.0342],[152.31303,-30.02809],[152.31563,-30.01846],[152.31292,-30.01425],[152.31709,-30.00593],[152.31657,-30.00071],[152.30822,-29.99412],[152.30803,-29.9872],[152.30061,-29.98524],[152.30807,-29.98023],[152.28986,-29.97535],[152.28604,-29.96909],[152.28734,-29.96413],[152.28195,-29.96536],[152.27505,-29.9604],[152.27242,-29.95156],[152.2735,-29.9449],[152.26966,-29.93238],[152.27995,-29.9292],[152.28341,-29.92506],[152.2786,-29.92122],[152.27213,-29.92836],[152.26806,-29.92856],[152.26774,-29.92327],[152.2784,-29.91786],[152.27012,-29.91583],[152.269,-29.91248],[152.28566,-29.90789],[152.28108,-29.90006],[152.28534,-29.88618],[152.28127,-29.87826],[152.28768,-29.8734],[152.27679,-29.86446],[152.28199,-29.85678],[152.27599,-29.85335],[152.27353,-29.84622],[152.27081,-29.84893],[152.26806,-29.84752],[152.2511,-29.86496],[152.23412,-29.86394],[152.22192,-29.87206],[152.21393,-29.87132],[152.20803,-29.86604],[152.20006,-29.8684],[152.19796,-29.87575],[152.19242,-29.8766],[152.17291,-29.87115],[152.16821,-29.86934],[152.16836,-29.85352],[152.17309,-29.84761],[152.17522,-29.85002],[152.17756,-29.84804],[152.17546,-29.84258],[152.17023,-29.84057],[152.17574,-29.83589],[152.17434,-29.8316],[152.17795,-29.82746],[152.17445,-29.82669],[152.17594,-29.82212],[152.17025,-29.82229],[152.17651,-29.81679],[152.18,-29.8066],[152.19314,-29.80672],[152.18651,-29.80238],[152.18787,-29.79942],[152.19418,-29.80015],[152.19013,-29.79633],[152.19292,-29.79152],[152.19087,-29.78845],[152.20296,-29.78672],[152.20147,-29.78111],[152.20661,-29.77767],[152.20524,-29.77213],[152.21476,-29.76156],[152.22664,-29.76101],[152.2297,-29.75484],[152.24739,-29.75638],[152.25414,-29.75259],[152.25581,-29.7577],[152.26063,-29.75699],[152.26459,-29.74991],[152.25828,-29.74384],[152.25938,-29.73948],[152.25509,-29.73406],[152.26145,-29.72777],[152.26575,-29.72758],[152.26215,-29.71249],[152.27075,-29.70712],[152.26181,-29.7015],[152.26171,-29.69843],[152.2759,-29.68245],[152.27666,-29.67272],[152.28083,-29.66585],[152.28967,-29.67578],[152.2942,-29.66903],[152.30382,-29.66741],[152.30504,-29.6617],[152.31165,-29.6643],[152.31204,-29.65151],[152.3265,-29.65547],[152.32654,-29.64788],[152.33613,-29.64076],[152.3545,-29.54546],[152.35956,-29.53977],[152.38717,-29.5276],[152.38982,-29.52195],[152.40523,-29.5168],[152.41246,-29.50687],[152.38879,-29.4453],[152.39456,-29.4461],[152.39718,-29.43175],[152.40432,-29.43277],[152.40866,-29.39847],[152.41995,-29.39825],[152.42587,-29.39285],[152.43228,-29.39256],[152.43605,-29.38201],[152.43446,-29.37851],[152.4408,-29.3757],[152.44673,-29.36108],[152.45209,-29.35893],[152.33152,-29.34182],[152.32242,-29.35069],[152.31592,-29.34703],[152.30765,-29.35255],[152.30681,-29.36373],[152.30033,-29.37714],[152.26744,-29.37224],[152.26684,-29.37497],[152.26133,-29.37521],[152.25271,-29.36861],[152.24598,-29.37032],[152.14752,-29.35483],[152.1499,-29.3583],[152.12402,-29.35527],[152.12474,-29.35046],[152.0919,-29.34604],[152.0914,-29.34918],[152.08335,-29.34819],[152.08038,-29.34443],[152.05389,-29.34094],[152.05849,-29.34416],[152.05894,-29.35249],[152.05484,-29.35168],[152.03275,-29.36716],[152.02371,-29.36178],[152.00803,-29.37124],[152.00763,-29.37512],[152.01677,-29.38788],[152.00425,-29.39817],[152.00693,-29.40634],[151.9868,-29.40761],[151.97067,-29.42078],[151.95615,-29.41887],[151.95671,-29.41544],[151.94462,-29.40954],[151.93182,-29.41807],[151.91359,-29.41216],[151.91128,-29.40819],[151.89536,-29.40648],[151.8724,-29.41963],[151.86832,-29.4191],[151.86757,-29.42274],[151.86345,-29.42212],[151.86255,-29.42663],[151.81824,-29.42007],[151.81658,-29.4155],[151.81319,-29.43151],[151.80539,-29.42729],[151.80581,-29.42462],[151.78854,-29.40847],[151.79412,-29.38837],[151.80065,-29.38513],[151.80262,-29.37331],[151.7818,-29.37045],[151.78837,-29.35812],[151.7814,-29.35418],[151.7157,-29.34425],[151.71236,-29.33996],[151.71693,-29.33469],[151.71267,-29.33005],[151.69992,-29.32814],[151.69648,-29.34747],[151.67804,-29.34537],[151.6761,-29.35632],[151.62439,-29.34698],[151.62504,-29.3424],[151.61482,-29.34098],[151.61747,-29.32606],[151.60891,-29.32494],[151.61645,-29.29278],[151.61586,-29.28352],[151.59265,-29.28027],[151.58063,-29.26807],[151.55536,-29.26447],[151.46305,-29.24008],[151.46023,-29.25545],[151.46339,-29.25774],[151.45715,-29.27068],[151.46326,-29.27307],[151.44797,-29.28388],[151.4268,-29.28745],[151.41874,-29.27681],[151.41211,-29.25958],[151.41917,-29.25587],[151.4176,-29.24805],[151.40117,-29.2419],[151.37847,-29.21505],[151.37953,-29.20492],[151.37617,-29.19154],[151.36614,-29.18437],[151.36551,-29.17361],[151.35848,-29.17227],[151.33843,-29.17925],[151.32226,-29.16666],[151.31512,-29.1657],[151.30932,-29.14657],[151.31801,-29.13804],[151.30108,-29.114],[151.29035,-29.11387],[151.27908,-29.09914],[151.2792,-29.08652],[151.27463,-29.08182],[151.27514,-29.07641],[151.28552,-29.06543],[151.28543,-29.05815],[151.29055,-29.05108],[151.2862,-29.04724],[151.28652,-29.03673],[151.27639,-29.0357],[151.27168,-29.03038],[151.28382,-29.01606],[151.28368,-29.00376],[151.2764,-28.98705],[151.28209,-28.98095],[151.27194,-28.97272],[151.27332,-28.96769],[151.28043,-28.96496],[151.28153,-28.95848],[151.28162,-28.949],[151.27475,-28.93856],[151.24232,-28.92336],[151.23465,-28.90479],[151.22939,-28.90879],[151.21497,-28.90429],[151.20701,-28.89832],[151.20678,-28.89197],[151.1996,-28.88424],[151.18401,-28.87821],[151.17299,-28.88029],[151.16107,-28.86537],[151.15162,-28.86543],[151.14358,-28.86014],[151.1398,-28.86308],[151.1319,-28.86005],[151.12516,-28.85054],[151.11535,-28.85052],[151.10863,-28.84272],[151.1045,-28.84406],[151.10333,-28.83657],[151.09685,-28.83838],[151.08267,-28.8345],[151.07218,-28.84069],[151.0715,-28.8449],[151.05885,-28.84624],[151.0537,-28.8498],[151.05302,-28.84491],[151.04441,-28.84388],[151.04347,-28.84003],[151.03892,-28.83829],[151.043,-28.83307],[151.03658,-28.82568],[151.03759,-28.81842],[151.04227,-28.81575],[151.04271,-28.80158],[151.04109,-28.79762],[151.03329,-28.79392],[151.02409,-28.79347],[151.02582,-28.78194],[151.01859,-28.7731],[151.02854,-28.77052],[151.02823,-28.76196],[151.02457,-28.75305],[151.01049,-28.7413],[150.98343,-28.73616],[150.9795,-28.73262],[150.97043,-28.73206],[150.96335,-28.73783],[150.95808,-28.73521],[150.95245,-28.73669],[150.94593,-28.72881],[150.93843,-28.73123],[150.93819,-28.72564],[150.93241,-28.72233],[150.93062,-28.7051],[150.92477,-28.69901],[150.91542,-28.69851],[150.90744,-28.68851],[150.89473,-28.68846],[150.89094,-28.69499],[150.8859,-28.69583],[150.88444,-28.69048],[150.88026,-28.68904],[150.87407,-28.69438],[150.87006,-28.68625],[150.8635,-28.68825],[150.85219,-28.68017],[150.84905,-28.67371],[150.81878,-28.66668],[150.81636,-28.66247],[150.8186,-28.65754],[150.8045,-28.65369],[150.79634,-28.65612],[150.78249,-28.64551],[150.77203,-28.64476],[150.76716,-28.63845],[150.75438,-28.64008],[150.75127,-28.63424],[150.72729,-28.63555],[150.72425,-28.64096],[150.71028,-28.6455],[150.70956,-28.65214],[150.70137,-28.65535],[150.69202,-28.65388],[150.68138,-28.66166],[150.67343,-28.65045],[150.64153,-28.66535],[150.63224,-28.67708],[150.6254,-28.66903],[150.62039,-28.66905],[150.61799,-28.67398],[150.60046,-28.67131],[150.59995,-28.66506],[150.5816,-28.65593],[150.5609,-28.66229],[150.5539,-28.65328],[150.54832,-28.65818],[150.55443,-28.66426],[150.55103,-28.67159],[150.53498,-28.67244],[150.52747,-28.66932],[150.52556,-28.66554],[150.53929,-28.66004],[150.53742,-28.65709],[150.52458,-28.65447],[150.51385,-28.66229],[150.48633,-28.65735],[150.48141,-28.66373],[150.47329,-28.66069],[150.45928,-28.66898],[150.45669,-28.66354],[150.45303,-28.66594],[150.44216,-28.66428],[150.42558,-28.65105],[150.41289,-28.65041],[150.41204,-28.64781],[150.41582,-28.64541],[150.41482,-28.63423],[150.40886,-28.63401],[150.40161,-28.62716],[150.38752,-28.63379],[150.38483,-28.63164],[150.3867,-28.62602],[150.37962,-28.62714],[150.37015,-28.62112],[150.37032,-28.61049],[150.36331,-28.60737],[150.36823,-28.59826],[150.36283,-28.59674],[150.36284,-28.58905],[150.35153,-28.58673],[150.35058,-28.57504],[150.32788,-28.5711],[150.3231,-28.56659],[150.32016,-28.55694],[150.30054,-28.54848],[150.29662,-28.54267]]]},"properties":{"districtname":"NORTHERN TABLELANDS","urbanity":"R"}},{"type":"Feature","geometry":{"type":"MultiPolygon","coordinates":[[[[153.47742,-28.15706],[153.46667,-28.16459],[153.45714,-28.18053],[153.43561,-28.1872],[153.4192,-28.19967],[153.41446,-28.2081],[153.40662,-28.2104],[153.39042,-28.22888],[153.38953,-28.23492],[153.36382,-28.24744],[153.37529,-28.25242],[153.37089,-28.25369],[153.3679,-28.26667],[153.37025,-28.27943],[153.3851,-28.29181],[153.3916,-28.29164],[153.39481,-28.29474],[153.40097,-28.29249],[153.41142,-28.29487],[153.42796,-28.28389],[153.43738,-28.28595],[153.44515,-28.28301],[153.44906,-28.27803],[153.44936,-28.26864],[153.45716,-28.26795],[153.45686,-28.27278],[153.46015,-28.27407],[153.46089,-28.286],[153.45768,-28.29485],[153.43942,-28.29982],[153.43409,-28.30564],[153.43239,-28.31596],[153.41373,-28.32354],[153.41411,-28.32746],[153.42622,-28.33246],[153.42579,-28.33476],[153.43566,-28.33618],[153.43282,-28.35236],[153.40389,-28.34923],[153.40338,-28.35127],[153.41048,-28.3572],[153.41182,-28.37043],[153.42041,-28.37977],[153.41926,-28.38765],[153.42381,-28.39583],[153.43219,-28.39713],[153.44908,-28.40701],[153.44848,-28.42174],[153.44034,-28.42324],[153.4322,-28.43366],[153.42046,-28.43206],[153.41947,-28.43769],[153.40769,-28.43905],[153.39837,-28.45235],[153.38859,-28.45668],[153.39802,-28.46943],[153.40009,-28.46746],[153.41929,-28.47022],[153.41983,-28.46722],[153.43409,-28.46927],[153.4334,-28.47292],[153.45716,-28.47908],[153.4661,-28.47998],[153.46673,-28.47661],[153.47369,-28.47559],[153.48344,-28.47725],[153.48668,-28.46519],[153.50603,-28.46794],[153.50553,-28.46253],[153.50868,-28.46102],[153.50811,-28.46425],[153.53171,-28.4675],[153.53092,-28.47199],[153.55288,-28.47722],[153.55864,-28.43617],[153.5702,-28.38745],[153.58067,-28.36236],[153.57531,-28.35248],[153.57821,-28.33586],[153.57289,-28.33327],[153.57168,-28.32631],[153.57504,-28.29954],[153.58573,-28.25768],[153.57486,-28.25153],[153.5699,-28.24186],[153.56709,-28.21963],[153.57161,-28.19927],[153.56183,-28.18653],[153.55654,-28.16833],[153.5529,-28.1685],[153.5521,-28.16443],[153.54149,-28.16895],[153.53465,-28.17762],[153.48586,-28.15702],[153.47742,-28.15706]]],[[[153.57849,-28.19453],[153.57631,-28.19565],[153.57935,-28.19666],[153.57849,-28.19453]]]]},"properties":{"districtname":"TWEED","urbanity":"R"}},{"type":"Feature","geometry":{"type":"Polygon","coordinates":[[[150.25494,-32.31302],[150.25252,-32.3089],[150.25493,-32.30279],[150.24854,-32.30636],[150.24529,-32.31298],[150.23693,-32.30811],[150.23156,-32.31422],[150.22157,-32.3148],[150.21618,-32.32329],[150.20872,-32.31846],[150.20644,-32.32551],[150.21474,-32.32875],[150.21765,-32.33772],[150.20803,-32.33947],[150.20578,-32.33363],[150.19695,-32.33258],[150.18929,-32.35003],[150.18639,-32.34697],[150.1873,-32.33343],[150.1797,-32.33367],[150.17767,-32.32637],[150.1654,-32.32002],[150.16381,-32.33249],[150.1606,-32.33293],[150.15948,-32.3265],[150.15527,-32.32699],[150.14235,-32.34154],[150.1329,-32.33693],[150.12677,-32.34127],[150.1176,-32.33938],[150.06581,-32.34429],[150.06932,-32.35453],[150.07596,-32.35533],[150.07476,-32.36214],[150.05824,-32.36751],[150.04945,-32.38217],[150.05717,-32.39146],[150.06237,-32.39282],[150.0637,-32.39779],[150.05613,-32.40948],[150.05652,-32.41497],[150.05235,-32.4178],[150.02683,-32.41604],[150.02476,-32.42154],[150.02955,-32.43699],[150.02249,-32.44575],[150.0246,-32.44995],[150.02265,-32.46185],[150.02559,-32.46223],[150.01535,-32.47101],[150.01496,-32.47842],[150.01078,-32.4807],[150.01759,-32.48686],[150.02235,-32.50125],[150.0201,-32.51511],[150.01142,-32.51849],[150.01362,-32.52075],[150.01112,-32.52888],[150.03525,-32.55193],[150.01642,-32.58396],[149.99361,-32.59208],[149.98462,-32.587],[149.96558,-32.5942],[149.95525,-32.59282],[149.95246,-32.5886],[149.93109,-32.57912],[149.92939,-32.56604],[149.90907,-32.54693],[149.90126,-32.5456],[149.89043,-32.53686],[149.88862,-32.54621],[149.88473,-32.54549],[149.88198,-32.56117],[149.88717,-32.56186],[149.88408,-32.57919],[149.87046,-32.58039],[149.86839,-32.59454],[149.86425,-32.59646],[149.8554,-32.62989],[149.85273,-32.62956],[149.85068,-32.6413],[149.8438,-32.64542],[149.8462,-32.65047],[149.85207,-32.65113],[149.84948,-32.6649],[149.85543,-32.66568],[149.85766,-32.67465],[149.85228,-32.67901],[149.84831,-32.6784],[149.84819,-32.69789],[149.84185,-32.71568],[149.82808,-32.78912],[149.83309,-32.79428],[149.82611,-32.79788],[149.82359,-32.80686],[149.81391,-32.80548],[149.80437,-32.81757],[149.79611,-32.81915],[149.79243,-32.82516],[149.78446,-32.82619],[149.7754,-32.8329],[149.76838,-32.83157],[149.76531,-32.83494],[149.7647,-32.84374],[149.75706,-32.85932],[149.75117,-32.8622],[149.74306,-32.87331],[149.74566,-32.88506],[149.74384,-32.88896],[149.75536,-32.89285],[149.75047,-32.90591],[149.75483,-32.90649],[149.74336,-32.91584],[149.7369,-32.91554],[149.73882,-32.92377],[149.73321,-32.92268],[149.73081,-32.92679],[149.7274,-32.9242],[149.72893,-32.92862],[149.72614,-32.9296],[149.71805,-32.92729],[149.71251,-32.93008],[149.70873,-32.92669],[149.69954,-32.92955],[149.69615,-32.93425],[149.6997,-32.93971],[149.69535,-32.9409],[149.69381,-32.94819],[149.69608,-32.95108],[149.69123,-32.95608],[149.68837,-32.95662],[149.6869,-32.95253],[149.68223,-32.95643],[149.67177,-32.95506],[149.67068,-32.96043],[149.66218,-32.9593],[149.65848,-32.98409],[149.65085,-32.98767],[149.64095,-32.98504],[149.641,-32.9902],[149.61617,-32.98672],[149.6147,-32.99481],[149.58646,-32.99375],[149.58745,-32.98825],[149.56755,-32.98536],[149.56615,-32.98163],[149.56271,-32.98508],[149.55515,-32.98417],[149.54798,-32.97748],[149.5398,-32.9765],[149.5391,-32.97193],[149.52672,-32.97938],[149.52521,-32.97669],[149.51858,-32.97939],[149.50706,-32.97678],[149.50446,-32.97959],[149.50109,-32.97539],[149.49655,-32.98028],[149.49428,-32.97147],[149.48767,-32.96996],[149.48468,-32.96006],[149.48039,-32.96195],[149.47377,-32.95712],[149.47233,-32.95977],[149.46063,-32.95801],[149.4564,-32.94858],[149.45671,-32.95947],[149.44431,-32.96662],[149.42734,-32.98556],[149.4191,-32.97817],[149.40304,-32.97606],[149.40186,-32.99876],[149.38362,-32.99175],[149.37855,-33.00823],[149.37099,-33.01209],[149.36997,-33.01812],[149.36251,-33.02042],[149.36418,-33.03175],[149.35318,-33.03572],[149.35435,-33.04796],[149.34348,-33.06261],[149.33495,-33.06743],[149.32296,-33.05914],[149.32439,-33.06571],[149.31985,-33.07197],[149.31469,-33.10011],[149.31797,-33.11327],[149.32249,-33.11652],[149.31715,-33.1466],[149.35048,-33.15093],[149.34439,-33.18356],[149.34946,-33.18426],[149.34195,-33.22368],[149.34423,-33.23881],[149.31342,-33.23897],[149.31826,-33.24572],[149.31706,-33.25177],[149.32152,-33.26323],[149.31112,-33.2722],[149.31084,-33.27599],[149.3259,-33.28723],[149.32381,-33.2934],[149.32802,-33.30881],[149.33261,-33.31364],[149.33721,-33.32793],[149.31291,-33.35056],[149.31835,-33.35133],[149.30584,-33.41262],[149.30186,-33.41208],[149.29895,-33.42768],[149.34153,-33.43239],[149.3413,-33.44655],[149.36367,-33.45289],[149.34725,-33.46146],[149.34434,-33.46107],[149.34516,-33.45683],[149.34097,-33.45623],[149.34147,-33.45349],[149.32454,-33.45101],[149.32403,-33.45347],[149.23854,-33.44126],[149.24027,-33.4318],[149.22664,-33.42397],[149.21715,-33.42289],[149.21584,-33.43688],[149.20678,-33.43927],[149.20726,-33.43703],[149.20129,-33.43612],[149.20227,-33.43157],[149.18628,-33.42923],[149.18463,-33.43851],[149.18194,-33.43813],[149.18291,-33.43367],[149.15699,-33.43055],[149.15743,-33.42839],[149.14421,-33.427],[149.14319,-33.43042],[149.06617,-33.42067],[149.06344,-33.42445],[149.05731,-33.42521],[149.05972,-33.44334],[149.05092,-33.46386],[148.99212,-33.45607],[148.9927,-33.45069],[148.93362,-33.44397],[148.92786,-33.44983],[148.91791,-33.44829],[148.90798,-33.45902],[148.9038,-33.47324],[148.89842,-33.48147],[148.89454,-33.48133],[148.89364,-33.49268],[148.88727,-33.50218],[148.88685,-33.51002],[148.87552,-33.52532],[148.87408,-33.5323],[148.86983,-33.53435],[148.86859,-33.5392],[148.85812,-33.54069],[148.86056,-33.54291],[148.85475,-33.54453],[148.85817,-33.55396],[148.85554,-33.56051],[148.84258,-33.5629],[148.83895,-33.56855],[148.8468,-33.5698],[148.84597,-33.5776],[148.84939,-33.57979],[148.85267,-33.57596],[148.86466,-33.57967],[148.87259,-33.57332],[148.87337,-33.59416],[148.8811,-33.58854],[148.88245,-33.58245],[148.89842,-33.57882],[148.9038,-33.58429],[148.90891,-33.58265],[148.91086,-33.59429],[148.91753,-33.59343],[148.92223,-33.59853],[148.91735,-33.60153],[148.919,-33.61338],[148.91396,-33.61783],[148.91477,-33.63071],[148.91136,-33.63269],[148.90747,-33.67376],[148.91279,-33.68417],[148.93031,-33.688],[148.93698,-33.68267],[148.95034,-33.68916],[148.95781,-33.68831],[148.96094,-33.69561],[148.95862,-33.70343],[148.96263,-33.70781],[148.98532,-33.71389],[148.99417,-33.72117],[148.99303,-33.72676],[148.97839,-33.73759],[148.97602,-33.74985],[148.98747,-33.74883],[148.99293,-33.75401],[148.97561,-33.75171],[148.97456,-33.75644],[148.98484,-33.75803],[148.98195,-33.77228],[148.99049,-33.77358],[148.98893,-33.78108],[149.00988,-33.784],[149.00771,-33.79489],[149.01864,-33.79643],[149.0196,-33.79182],[149.02902,-33.79315],[149.0313,-33.79785],[149.02617,-33.80336],[149.04203,-33.80558],[149.04129,-33.80932],[149.0646,-33.81237],[149.06718,-33.79007],[149.0916,-33.79367],[149.09396,-33.78198],[149.08835,-33.78118],[149.09145,-33.7654],[149.10556,-33.76861],[149.1082,-33.7611],[149.13019,-33.76428],[149.13119,-33.75886],[149.13876,-33.75988],[149.13415,-33.75647],[149.13338,-33.74822],[149.14601,-33.73202],[149.15614,-33.7309],[149.16914,-33.7212],[149.173,-33.72179],[149.1721,-33.72627],[149.20612,-33.72902],[149.21486,-33.73242],[149.21718,-33.72847],[149.22215,-33.73],[149.22494,-33.72594],[149.2347,-33.73208],[149.23761,-33.73974],[149.25775,-33.74064],[149.24285,-33.7598],[149.23401,-33.7605],[149.21942,-33.79235],[149.20305,-33.80193],[149.19726,-33.79804],[149.18517,-33.79769],[149.18231,-33.8026],[149.18482,-33.80482],[149.18046,-33.80641],[149.18225,-33.81133],[149.17915,-33.81355],[149.18189,-33.81875],[149.17843,-33.81924],[149.18,-33.82162],[149.17738,-33.82312],[149.18221,-33.83073],[149.18145,-33.83546],[149.17834,-33.8363],[149.18336,-33.83886],[149.17029,-33.84116],[149.17469,-33.84454],[149.17337,-33.84842],[149.18392,-33.85182],[149.1819,-33.85819],[149.17519,-33.85638],[149.17728,-33.86013],[149.17171,-33.85983],[149.17322,-33.85599],[149.17005,-33.85744],[149.16672,-33.85185],[149.16627,-33.85888],[149.14852,-33.84949],[149.14394,-33.85177],[149.14597,-33.85535],[149.14298,-33.85388],[149.14248,-33.8573],[149.14008,-33.8551],[149.14072,-33.85831],[149.13524,-33.85969],[149.14003,-33.86053],[149.13593,-33.86301],[149.13472,-33.86884],[149.1264,-33.86641],[149.11807,-33.87074],[149.1219,-33.87577],[149.11858,-33.8799],[149.12419,-33.88231],[149.11776,-33.88262],[149.11888,-33.88643],[149.13104,-33.89457],[149.13049,-33.90079],[149.1392,-33.90306],[149.13748,-33.90973],[149.1477,-33.91432],[149.15479,-33.92666],[149.15301,-33.93673],[149.14038,-33.94552],[149.14649,-33.95389],[149.14451,-33.95792],[149.15264,-33.96702],[149.16213,-33.97059],[149.16489,-33.97794],[149.17145,-33.97573],[149.17935,-33.98466],[149.19774,-33.98488],[149.20214,-33.96949],[149.20742,-33.96828],[149.21239,-33.97117],[149.2179,-33.96359],[149.22099,-33.96791],[149.22652,-33.96684],[149.22574,-33.9737],[149.23634,-33.97935],[149.23214,-33.97098],[149.23351,-33.96764],[149.24453,-33.96983],[149.25678,-33.96339],[149.27536,-33.95926],[149.2746,-33.95545],[149.27951,-33.9483],[149.291,-33.95301],[149.2995,-33.94625],[149.30222,-33.9539],[149.30937,-33.95279],[149.31422,-33.95687],[149.31807,-33.95431],[149.32345,-33.95644],[149.33187,-33.95072],[149.34801,-33.95361],[149.34866,-33.95754],[149.35363,-33.95896],[149.35232,-33.97194],[149.36355,-33.96959],[149.36326,-33.97707],[149.3704,-33.97711],[149.37469,-33.98405],[149.38297,-33.97961],[149.38529,-33.99073],[149.39363,-33.99749],[149.4005,-33.99698],[149.4027,-34.00603],[149.41302,-34.00829],[149.41261,-34.01152],[149.41945,-34.01212],[149.43474,-34.02291],[149.44459,-34.02305],[149.44658,-34.02673],[149.4559,-34.0296],[149.45867,-34.01323],[149.46469,-34.01036],[149.48022,-34.01536],[149.48391,-34.02186],[149.49266,-34.02207],[149.49233,-34.02879],[149.50119,-34.02909],[149.50928,-34.03688],[149.51316,-34.032],[149.5184,-34.04152],[149.5124,-34.04823],[149.51611,-34.05337],[149.53022,-34.05398],[149.52575,-34.05916],[149.5369,-34.06282],[149.53858,-34.07208],[149.54256,-34.0695],[149.54541,-34.07114],[149.54134,-34.07654],[149.54625,-34.0849],[149.55072,-34.08501],[149.55118,-34.09386],[149.55456,-34.08829],[149.5637,-34.09603],[149.56339,-34.08745],[149.56995,-34.0913],[149.57178,-34.09631],[149.57935,-34.09276],[149.57759,-34.10228],[149.58302,-34.1075],[149.58843,-34.10528],[149.58799,-34.11003],[149.59677,-34.11137],[149.60375,-34.12276],[149.60934,-34.12086],[149.6166,-34.10655],[149.62063,-34.10583],[149.62343,-34.11427],[149.61745,-34.11831],[149.62181,-34.11966],[149.62251,-34.12863],[149.62759,-34.12548],[149.62859,-34.11349],[149.63829,-34.1265],[149.63401,-34.12908],[149.63705,-34.13546],[149.6434,-34.13525],[149.64003,-34.14],[149.64649,-34.14062],[149.64338,-34.14665],[149.65395,-34.15023],[149.6492,-34.15882],[149.65944,-34.16038],[149.65714,-34.17059],[149.66379,-34.1643],[149.66382,-34.17305],[149.67794,-34.17272],[149.67399,-34.18093],[149.6818,-34.19175],[149.67871,-34.19615],[149.68816,-34.19896],[149.69416,-34.19222],[149.69481,-34.20279],[149.70024,-34.19682],[149.70501,-34.19871],[149.70835,-34.19563],[149.71287,-34.19842],[149.71653,-34.19022],[149.71859,-34.19541],[149.72126,-34.19395],[149.72488,-34.19903],[149.72679,-34.18958],[149.73293,-34.19754],[149.73641,-34.19404],[149.7441,-34.19423],[149.74173,-34.1882],[149.74613,-34.19121],[149.75675,-34.18669],[149.76105,-34.19417],[149.76936,-34.18989],[149.78222,-34.19517],[149.77841,-34.19901],[149.79274,-34.1998],[149.79767,-34.20585],[149.80499,-34.20247],[149.80444,-34.19854],[149.81463,-34.19742],[149.81676,-34.20117],[149.82761,-34.19761],[149.82728,-34.19267],[149.83148,-34.19424],[149.8372,-34.18748],[149.84341,-34.18596],[149.84444,-34.18909],[149.84991,-34.18369],[149.85218,-34.18685],[149.86052,-34.18631],[149.8617,-34.18931],[149.86502,-34.18471],[149.87258,-34.18549],[149.87266,-34.18833],[149.87834,-34.18508],[149.88342,-34.18693],[149.88839,-34.18502],[149.88574,-34.18279],[149.88821,-34.18039],[149.90175,-34.18758],[149.90381,-34.18211],[149.91854,-34.18315],[149.92573,-34.17444],[149.93014,-34.17516],[149.92844,-34.17274],[149.93322,-34.1712],[149.93348,-34.16784],[149.93756,-34.16853],[149.93688,-34.15375],[149.94467,-34.1442],[149.94405,-34.13821],[149.94973,-34.12505],[149.93682,-34.11434],[149.93158,-34.1163],[149.93142,-34.10443],[149.9354,-34.09716],[149.92894,-34.0791],[149.94488,-34.09164],[149.9502,-34.08595],[149.9546,-34.08799],[149.96263,-34.07685],[150.00704,-34.08516],[150.00281,-34.09728],[150.00534,-34.10323],[150.0165,-34.1123],[150.06923,-34.13144],[150.08546,-34.12055],[150.09394,-34.13652],[150.10525,-34.13848],[150.10773,-34.14627],[150.11493,-34.15103],[150.12505,-34.14917],[150.12339,-34.14128],[150.11281,-34.13943],[150.11008,-34.13119],[150.11244,-34.12666],[150.10518,-34.11802],[150.10437,-34.10985],[150.11312,-34.10261],[150.11147,-34.09485],[150.10624,-34.08958],[150.11275,-34.08951],[150.1092,-34.08556],[150.1111,-34.08401],[150.11775,-34.09175],[150.11712,-34.07752],[150.12349,-34.07557],[150.1326,-34.08204],[150.1279,-34.07665],[150.12936,-34.0736],[150.14539,-34.0715],[150.1406,-34.05033],[150.14641,-34.04763],[150.14497,-34.043],[150.15359,-34.04246],[150.15648,-34.03383],[150.1603,-34.03746],[150.16799,-34.03535],[150.16719,-34.03269],[150.15896,-34.03171],[150.16956,-34.02671],[150.16596,-34.02187],[150.17159,-34.02262],[150.17574,-34.01607],[150.18127,-34.01823],[150.18317,-34.01163],[150.18978,-34.01068],[150.19428,-34.00498],[150.20127,-34.0051],[150.20276,-34.00018],[150.20844,-33.99842],[150.21101,-33.98956],[150.22773,-33.97879],[150.23186,-33.96787],[150.23663,-33.96553],[150.23293,-33.96151],[150.24097,-33.9519],[150.21703,-33.94781],[150.21879,-33.93843],[150.21477,-33.93635],[150.19038,-33.95034],[150.18318,-33.95008],[150.1803,-33.94547],[150.17556,-33.94516],[150.17523,-33.93903],[150.17061,-33.93433],[150.16878,-33.91938],[150.16517,-33.91537],[150.16904,-33.89893],[150.15903,-33.89758],[150.15584,-33.89392],[150.1594,-33.8874],[150.16857,-33.88914],[150.17848,-33.88405],[150.17886,-33.8802],[150.18522,-33.88039],[150.17836,-33.87265],[150.17094,-33.87264],[150.16604,-33.86505],[150.17559,-33.86136],[150.17545,-33.85313],[150.18165,-33.8481],[150.18552,-33.83765],[150.18308,-33.82998],[150.17557,-33.83409],[150.16904,-33.82668],[150.17396,-33.82182],[150.17371,-33.81643],[150.18144,-33.8036],[150.17985,-33.79686],[150.17213,-33.79876],[150.1689,-33.79517],[150.17189,-33.79317],[150.17138,-33.78817],[150.17928,-33.7846],[150.1775,-33.77833],[150.18914,-33.77632],[150.19567,-33.76703],[150.19317,-33.76279],[150.19644,-33.75813],[150.19224,-33.75023],[150.18599,-33.75091],[150.18006,-33.74283],[150.19046,-33.73349],[150.19657,-33.73325],[150.19879,-33.72824],[150.20974,-33.72603],[150.21229,-33.72182],[150.20785,-33.71415],[150.20106,-33.71777],[150.19827,-33.71266],[150.19423,-33.71368],[150.19012,-33.72054],[150.17955,-33.72214],[150.17801,-33.71581],[150.18483,-33.71065],[150.18132,-33.70443],[150.20764,-33.70839],[150.21485,-33.67471],[150.22899,-33.67585],[150.23152,-33.66295],[150.2482,-33.66404],[150.24683,-33.65625],[150.23781,-33.65121],[150.24051,-33.63856],[150.26192,-33.64165],[150.26409,-33.63121],[150.26705,-33.63164],[150.26647,-33.62233],[150.27078,-33.62295],[150.27145,-33.61937],[150.25898,-33.61746],[150.26029,-33.6107],[150.24902,-33.6091],[150.25028,-33.60343],[150.24322,-33.60243],[150.24483,-33.59441],[150.23695,-33.59326],[150.23898,-33.58074],[150.23541,-33.58131],[150.23526,-33.57599],[150.22815,-33.57505],[150.22875,-33.57206],[150.22553,-33.57166],[150.22745,-33.56353],[150.22475,-33.56031],[150.21221,-33.55856],[150.21573,-33.54797],[150.22697,-33.54949],[150.22612,-33.5605],[150.23543,-33.562],[150.24056,-33.56041],[150.24133,-33.55679],[150.25056,-33.55809],[150.25775,-33.51867],[150.25344,-33.51812],[150.25684,-33.49427],[150.27245,-33.4995],[150.27287,-33.49707],[150.31467,-33.5044],[150.31192,-33.52014],[150.33181,-33.5226],[150.3352,-33.51273],[150.34795,-33.50899],[150.34747,-33.49964],[150.35377,-33.49907],[150.3557,-33.49575],[150.34858,-33.49236],[150.35355,-33.49049],[150.35518,-33.48569],[150.36988,-33.49099],[150.3696,-33.48747],[150.38347,-33.48701],[150.38345,-33.48091],[150.38663,-33.47933],[150.38913,-33.48474],[150.39898,-33.48936],[150.40071,-33.4831],[150.39714,-33.48225],[150.39741,-33.4794],[150.40544,-33.47785],[150.40856,-33.47318],[150.411,-33.47911],[150.4087,-33.48175],[150.41277,-33.48337],[150.4148,-33.48055],[150.41706,-33.48642],[150.42407,-33.48151],[150.44721,-33.48158],[150.44534,-33.47791],[150.44926,-33.4761],[150.44763,-33.4727],[150.45139,-33.45864],[150.46842,-33.45406],[150.45998,-33.4492],[150.47916,-33.42973],[150.47684,-33.42731],[150.48035,-33.41532],[150.47754,-33.40485],[150.47979,-33.40326],[150.47576,-33.39898],[150.48504,-33.39734],[150.48337,-33.39118],[150.48782,-33.38676],[150.48234,-33.38271],[150.48862,-33.3814],[150.48917,-33.37733],[150.49327,-33.37926],[150.50504,-33.37553],[150.50907,-33.37914],[150.51278,-33.37476],[150.51646,-33.37776],[150.52039,-33.37378],[150.52566,-33.37567],[150.52747,-33.37107],[150.53599,-33.3663],[150.54079,-33.36769],[150.54111,-33.36348],[150.5452,-33.36658],[150.5493,-33.36382],[150.54984,-33.36887],[150.55848,-33.36604],[150.55991,-33.36138],[150.56677,-33.35939],[150.56649,-33.35552],[150.57501,-33.35773],[150.57634,-33.35272],[150.58095,-33.35147],[150.58268,-33.34288],[150.59006,-33.34305],[150.59147,-33.33757],[150.58196,-33.33047],[150.58562,-33.32574],[150.5839,-33.32207],[150.55837,-33.31998],[150.55138,-33.31505],[150.55146,-33.3111],[150.55986,-33.31246],[150.56669,-33.30652],[150.56492,-33.29785],[150.55652,-33.29372],[150.55789,-33.29051],[150.57553,-33.28956],[150.55763,-33.28069],[150.55299,-33.2743],[150.55433,-33.26523],[150.56308,-33.26566],[150.56086,-33.25712],[150.55515,-33.25402],[150.54953,-33.2573],[150.54466,-33.25626],[150.53285,-33.24011],[150.52565,-33.23896],[150.53166,-33.22384],[150.54393,-33.22052],[150.54108,-33.21412],[150.53321,-33.21051],[150.53036,-33.19814],[150.52369,-33.19474],[150.53618,-33.19207],[150.53866,-33.18794],[150.54309,-33.18864],[150.54373,-33.18512],[150.55235,-33.18358],[150.55578,-33.17523],[150.55184,-33.17068],[150.55518,-33.16726],[150.55444,-33.16179],[150.5637,-33.16215],[150.5706,-33.15598],[150.57335,-33.16079],[150.57012,-33.16816],[150.58415,-33.16772],[150.58433,-33.16225],[150.58953,-33.15994],[150.58624,-33.14783],[150.59672,-33.14502],[150.6047,-33.14741],[150.61201,-33.13949],[150.61049,-33.13447],[150.59854,-33.12469],[150.60236,-33.12269],[150.60586,-33.12509],[150.60804,-33.11975],[150.61206,-33.11878],[150.6098,-33.10822],[150.61979,-33.10964],[150.61728,-33.10385],[150.60149,-33.10087],[150.61092,-33.09853],[150.61219,-33.09253],[150.60677,-33.08966],[150.6134,-33.08903],[150.60966,-33.08371],[150.61404,-33.07353],[150.60559,-33.0737],[150.61153,-33.0707],[150.61067,-33.06616],[150.60469,-33.06997],[150.5716,-33.05874],[150.55275,-33.05951],[150.54798,-33.04319],[150.54112,-33.04037],[150.53647,-33.0419],[150.53185,-33.03735],[150.51814,-33.03428],[150.51102,-33.03775],[150.49643,-33.03419],[150.49152,-33.04626],[150.48715,-33.0485],[150.4649,-33.0469],[150.44861,-33.03557],[150.43141,-33.03582],[150.42582,-33.02933],[150.41056,-33.0238],[150.40513,-33.02485],[150.39482,-33.03989],[150.39002,-33.03054],[150.36955,-33.0139],[150.37581,-33.0014],[150.37654,-32.99068],[150.36687,-32.97127],[150.37156,-32.9705],[150.37083,-32.96663],[150.37626,-32.96463],[150.37663,-32.95911],[150.36759,-32.95334],[150.36982,-32.94132],[150.36,-32.92556],[150.35273,-32.92314],[150.3552,-32.91703],[150.35295,-32.91009],[150.34893,-32.90934],[150.35046,-32.9023],[150.3471,-32.89056],[150.33538,-32.88207],[150.34103,-32.87063],[150.36143,-32.86809],[150.35892,-32.85958],[150.36253,-32.84561],[150.35577,-32.83997],[150.34943,-32.81824],[150.34276,-32.81527],[150.33855,-32.80895],[150.33823,-32.7984],[150.34122,-32.79375],[150.32837,-32.78362],[150.32525,-32.78592],[150.31763,-32.78448],[150.3002,-32.77229],[150.29701,-32.76681],[150.28883,-32.7653],[150.27542,-32.74743],[150.27722,-32.73229],[150.29085,-32.72088],[150.29695,-32.69154],[150.306,-32.68022],[150.30811,-32.66521],[150.3193,-32.66084],[150.32017,-32.64791],[150.31135,-32.64691],[150.25116,-32.61526],[150.22767,-32.61233],[150.23675,-32.60819],[150.23937,-32.60112],[150.25948,-32.5977],[150.26605,-32.57771],[150.23684,-32.57403],[150.23774,-32.56643],[150.24754,-32.54997],[150.24267,-32.54723],[150.24184,-32.53841],[150.24304,-32.5269],[150.24874,-32.52358],[150.24133,-32.51232],[150.24304,-32.50417],[150.24015,-32.49819],[150.24761,-32.48318],[150.24532,-32.48013],[150.23734,-32.47978],[150.23829,-32.47255],[150.22676,-32.46306],[150.22725,-32.456],[150.23436,-32.45422],[150.24749,-32.46045],[150.25398,-32.45799],[150.26886,-32.44795],[150.27254,-32.43643],[150.27672,-32.43588],[150.27572,-32.43205],[150.27991,-32.42872],[150.28004,-32.42182],[150.29965,-32.41942],[150.30239,-32.4154],[150.30958,-32.41407],[150.31056,-32.40915],[150.31892,-32.40835],[150.31454,-32.39371],[150.31934,-32.3882],[150.31663,-32.38515],[150.30896,-32.38594],[150.30628,-32.37395],[150.3019,-32.37504],[150.29563,-32.38425],[150.287,-32.38688],[150.28147,-32.38349],[150.28757,-32.37967],[150.28427,-32.37451],[150.27913,-32.37567],[150.27629,-32.38144],[150.26677,-32.37685],[150.26806,-32.37135],[150.2632,-32.3608],[150.25852,-32.35762],[150.26429,-32.35472],[150.25966,-32.33856],[150.27078,-32.32346],[150.26804,-32.32059],[150.26023,-32.32744],[150.2522,-32.32545],[150.25236,-32.32255],[150.26218,-32.31654],[150.25494,-32.31302]]]},"properties":{"districtname":"BATHURST","urbanity":"R"}},{"type":"Feature","geometry":{"type":"Polygon","coordinates":[[[148.27643,-31.7736],[148.2609,-31.77136],[148.25884,-31.78275],[148.25525,-31.78228],[148.20042,-31.81816],[148.17939,-31.82785],[148.17789,-31.8206],[148.18291,-31.82365],[148.1873,-31.82083],[148.17499,-31.81646],[148.17051,-31.81811],[148.17073,-31.81496],[148.16302,-31.81582],[148.1639,-31.81182],[148.15835,-31.81297],[148.15692,-31.80902],[148.16146,-31.80711],[148.15534,-31.80707],[148.15907,-31.80251],[148.14329,-31.80338],[148.14183,-31.79881],[148.13624,-31.80498],[148.13773,-31.80715],[148.12691,-31.80958],[148.06653,-31.8641],[148.05545,-31.87732],[148.05176,-31.89858],[148.04816,-31.90028],[148.04513,-31.89527],[148.03975,-31.89585],[148.04348,-31.88934],[148.03295,-31.89471],[148.03624,-31.88859],[148.03076,-31.88448],[148.03127,-31.87621],[148.02664,-31.8751],[148.02601,-31.87115],[148.01747,-31.87664],[147.99971,-31.86764],[147.99209,-31.87285],[147.94737,-31.86678],[147.85271,-31.9334],[147.8433,-31.92639],[147.83991,-31.92968],[147.83689,-31.92739],[147.79417,-31.96905],[147.80192,-31.97674],[147.80411,-31.98498],[147.78727,-31.98415],[147.78438,-31.99999],[147.76451,-31.99731],[147.76416,-31.99954],[147.74619,-31.98946],[147.72135,-32.02364],[147.7245,-32.02615],[147.63037,-32.0998],[147.49472,-32.18874],[147.50024,-32.1981],[147.49902,-32.21273],[147.5248,-32.23024],[147.53462,-32.23107],[147.53927,-32.23968],[147.56042,-32.24105],[147.56437,-32.24707],[147.57094,-32.24908],[147.57781,-32.25764],[147.58556,-32.25923],[147.59147,-32.26574],[147.61612,-32.27097],[147.62444,-32.28295],[147.62246,-32.28453],[147.62638,-32.28633],[147.6282,-32.28387],[147.62885,-32.28975],[147.63529,-32.29763],[147.65653,-32.29987],[147.67931,-32.31158],[147.68713,-32.31174],[147.68636,-32.31572],[147.68877,-32.31581],[147.68625,-32.31817],[147.6932,-32.33082],[147.68442,-32.34176],[147.68858,-32.34906],[147.69611,-32.35256],[147.69487,-32.36801],[147.70273,-32.37437],[147.70171,-32.38104],[147.70712,-32.38216],[147.71013,-32.38803],[147.71818,-32.38976],[147.71947,-32.39595],[147.72435,-32.39877],[147.7281,-32.39783],[147.73573,-32.40367],[147.74243,-32.40282],[147.74916,-32.4097],[147.76288,-32.4074],[147.76405,-32.41254],[147.77039,-32.41446],[147.76715,-32.41466],[147.76745,-32.42076],[147.77238,-32.42328],[147.80778,-32.41811],[147.81603,-32.42355],[147.82058,-32.41945],[147.83199,-32.42668],[147.84444,-32.42805],[147.84619,-32.43239],[147.8568,-32.43717],[147.86706,-32.43514],[147.87442,-32.43852],[147.88281,-32.43696],[147.88453,-32.44031],[147.89615,-32.43259],[147.90508,-32.43198],[147.90564,-32.44622],[147.90131,-32.4472],[147.89958,-32.45201],[147.90336,-32.45404],[147.90529,-32.46057],[147.91375,-32.46693],[147.91763,-32.46536],[147.91692,-32.46892],[147.92488,-32.4698],[147.93641,-32.49096],[147.94937,-32.49653],[147.95485,-32.49373],[147.95579,-32.49767],[147.96539,-32.49899],[147.96636,-32.50641],[147.96335,-32.5097],[147.96702,-32.51281],[147.96405,-32.51884],[147.97132,-32.52555],[147.98278,-32.52902],[147.99255,-32.53876],[148.00507,-32.55458],[148.0037,-32.56418],[148.00871,-32.56346],[148.01375,-32.56799],[148.01867,-32.56502],[148.01845,-32.56932],[148.02344,-32.56957],[148.02162,-32.57219],[148.02822,-32.57303],[148.03091,-32.56883],[148.03377,-32.57283],[148.03232,-32.57613],[148.04192,-32.57665],[148.04257,-32.58152],[148.05747,-32.58547],[148.06303,-32.59498],[148.0679,-32.59595],[148.06718,-32.59861],[148.073,-32.59882],[148.07477,-32.60275],[148.08313,-32.60004],[148.08709,-32.60524],[148.09135,-32.60451],[148.09208,-32.61676],[148.09677,-32.61851],[148.10221,-32.63225],[148.10816,-32.63519],[148.10484,-32.63746],[148.10727,-32.64983],[148.11678,-32.65917],[148.12038,-32.65879],[148.12065,-32.66361],[148.12332,-32.66305],[148.11976,-32.66755],[148.12562,-32.66897],[148.12244,-32.67355],[148.13061,-32.67605],[148.12804,-32.68279],[148.24873,-32.68163],[148.24695,-32.68989],[148.26305,-32.69209],[148.26447,-32.67823],[148.34715,-32.67575],[148.34281,-32.66474],[148.34677,-32.66071],[148.34456,-32.65371],[148.34877,-32.64527],[148.34726,-32.64157],[148.36178,-32.62194],[148.37547,-32.63035],[148.38593,-32.62207],[148.40372,-32.62496],[148.43542,-32.62059],[148.45926,-32.60734],[148.46866,-32.62342],[148.47526,-32.62777],[148.50119,-32.6141],[148.61407,-32.65356],[148.62153,-32.64794],[148.63087,-32.65203],[148.62959,-32.64473],[148.63557,-32.64065],[148.63742,-32.63333],[148.64537,-32.639],[148.66366,-32.6413],[148.667,-32.63092],[148.67522,-32.64263],[148.67977,-32.6431],[148.6831,-32.65009],[148.6888,-32.65267],[148.68709,-32.65938],[148.69136,-32.66673],[148.68891,-32.66976],[148.68314,-32.66877],[148.6892,-32.67748],[148.67862,-32.68411],[148.67054,-32.69821],[148.65633,-32.69961],[148.65502,-32.70879],[148.64779,-32.71057],[148.64734,-32.71956],[148.6506,-32.7245],[148.6494,-32.73252],[148.64452,-32.73549],[148.6507,-32.74825],[148.65849,-32.74211],[148.66647,-32.74532],[148.67157,-32.74342],[148.67602,-32.74935],[148.6844,-32.75234],[148.68537,-32.76414],[148.6912,-32.76905],[148.70316,-32.7628],[148.70577,-32.7691],[148.7113,-32.77039],[148.71176,-32.77822],[148.71724,-32.78607],[148.71639,-32.79238],[148.72567,-32.79458],[148.72548,-32.80053],[148.73377,-32.80593],[148.73551,-32.80181],[148.73861,-32.80867],[148.74519,-32.80685],[148.7496,-32.81358],[148.76439,-32.81758],[148.77206,-32.82545],[148.78106,-32.82933],[148.78421,-32.84124],[148.79016,-32.84274],[148.79167,-32.84831],[148.79683,-32.85197],[148.79848,-32.85618],[148.79586,-32.85867],[148.79874,-32.85911],[148.79874,-32.86522],[148.80847,-32.87967],[148.82149,-32.88135],[148.81976,-32.87608],[148.82753,-32.87703],[148.82834,-32.87243],[148.83322,-32.87089],[148.84203,-32.87201],[148.84068,-32.87933],[148.84258,-32.87653],[148.85826,-32.87863],[148.85611,-32.89166],[148.85891,-32.89195],[148.85834,-32.89546],[148.85375,-32.89634],[148.8759,-32.89835],[148.87633,-32.89585],[148.88624,-32.89599],[148.88579,-32.89837],[148.8959,-32.89923],[148.90314,-32.90839],[148.91618,-32.90152],[148.92433,-32.9062],[148.92834,-32.89728],[148.93547,-32.90126],[148.93453,-32.89325],[148.94572,-32.88903],[148.94761,-32.89404],[148.95835,-32.89166],[148.95221,-32.90027],[148.9573,-32.90124],[148.95618,-32.90482],[148.96072,-32.90938],[148.9688,-32.93184],[148.96735,-32.93884],[148.97529,-32.94693],[148.98225,-32.94839],[148.98501,-32.96242],[149.02028,-32.96774],[149.0168,-32.98534],[149.0206,-32.9858],[149.01469,-33.01578],[149.01288,-33.01276],[149.01034,-33.02326],[149.01712,-33.02422],[149.01386,-33.04112],[149.02586,-33.04144],[149.03176,-33.04657],[149.03334,-33.04271],[149.04488,-33.0403],[149.05719,-33.03309],[149.06345,-33.03676],[149.06401,-33.04278],[149.07433,-33.04698],[149.07954,-33.0446],[149.08137,-33.03966],[149.08846,-33.04125],[149.08904,-33.0442],[149.09253,-33.04427],[149.09197,-33.04892],[149.10174,-33.05376],[149.10102,-33.05731],[149.108,-33.06103],[149.11334,-33.05822],[149.13358,-33.06306],[149.12839,-33.0369],[149.1221,-33.03544],[149.11846,-33.02373],[149.11996,-33.01562],[149.128,-33.00843],[149.13775,-33.01314],[149.14014,-33.00788],[149.14612,-33.00778],[149.14799,-33.00135],[149.16197,-33.00268],[149.17149,-33.01659],[149.16805,-33.03452],[149.1907,-33.0379],[149.19187,-33.03175],[149.1996,-33.03414],[149.20721,-33.03164],[149.21633,-33.02269],[149.22309,-33.02234],[149.21967,-33.01204],[149.23298,-32.99857],[149.23914,-33.00824],[149.24946,-33.01293],[149.26373,-33.01055],[149.26843,-33.01493],[149.27621,-33.01542],[149.28048,-33.0082],[149.27967,-33.03614],[149.27409,-33.04421],[149.29674,-33.06088],[149.30825,-33.05941],[149.31308,-33.05495],[149.32656,-33.05943],[149.33495,-33.06743],[149.34539,-33.06093],[149.34853,-33.05279],[149.35291,-33.05152],[149.35318,-33.03572],[149.36418,-33.03175],[149.36251,-33.02042],[149.36997,-33.01812],[149.37099,-33.01209],[149.37855,-33.00823],[149.38362,-32.99175],[149.40186,-32.99876],[149.40304,-32.97606],[149.4191,-32.97817],[149.42734,-32.98556],[149.44431,-32.96662],[149.45671,-32.95947],[149.4564,-32.94858],[149.46063,-32.95801],[149.47233,-32.95977],[149.47377,-32.95712],[149.48039,-32.96195],[149.48468,-32.96006],[149.48767,-32.96996],[149.49422,-32.97139],[149.49666,-32.98031],[149.50109,-32.97539],[149.50446,-32.97959],[149.50706,-32.97678],[149.51858,-32.97939],[149.52521,-32.97669],[149.52672,-32.97938],[149.5391,-32.97193],[149.5398,-32.9765],[149.54798,-32.97748],[149.55509,-32.98415],[149.56271,-32.98508],[149.5662,-32.98163],[149.56755,-32.98536],[149.58745,-32.98825],[149.58646,-32.99375],[149.59607,-32.99505],[149.59652,-32.99279],[149.6147,-32.99481],[149.61617,-32.98672],[149.641,-32.9902],[149.6412,-32.98496],[149.65085,-32.98767],[149.65766,-32.98461],[149.66218,-32.9593],[149.67068,-32.96043],[149.67177,-32.95506],[149.68223,-32.95643],[149.6869,-32.95253],[149.68837,-32.95662],[149.69107,-32.9562],[149.69608,-32.95108],[149.69381,-32.94819],[149.69535,-32.9409],[149.6997,-32.93971],[149.69615,-32.93447],[149.69937,-32.92966],[149.70873,-32.92669],[149.71251,-32.93008],[149.71805,-32.92729],[149.72868,-32.92897],[149.72714,-32.92433],[149.73089,-32.92678],[149.73301,-32.92275],[149.73896,-32.92363],[149.7369,-32.91554],[149.74336,-32.91584],[149.75483,-32.90649],[149.75047,-32.90591],[149.75536,-32.89285],[149.74384,-32.88896],[149.74566,-32.88506],[149.74306,-32.87331],[149.75117,-32.8622],[149.75706,-32.85932],[149.76706,-32.83269],[149.77314,-32.83071],[149.7754,-32.8329],[149.78446,-32.82619],[149.79243,-32.82516],[149.79611,-32.81915],[149.80437,-32.81757],[149.81391,-32.80548],[149.82359,-32.80686],[149.82611,-32.79788],[149.83309,-32.79428],[149.82808,-32.78912],[149.84185,-32.71568],[149.84819,-32.69789],[149.84831,-32.6784],[149.85228,-32.67901],[149.85766,-32.67465],[149.85543,-32.66568],[149.84948,-32.6649],[149.85207,-32.65113],[149.8462,-32.65047],[149.8438,-32.64542],[149.85068,-32.6413],[149.85273,-32.62956],[149.8554,-32.62989],[149.86425,-32.59646],[149.86839,-32.59454],[149.87046,-32.58039],[149.88408,-32.57919],[149.88717,-32.56186],[149.88198,-32.56117],[149.88473,-32.54549],[149.88862,-32.54621],[149.89043,-32.53686],[149.90126,-32.5456],[149.90907,-32.54693],[149.92939,-32.56604],[149.93109,-32.57912],[149.9611,-32.59396],[149.98462,-32.587],[149.99361,-32.59208],[150.01595,-32.58425],[150.03521,-32.55233],[150.01112,-32.52888],[150.01362,-32.52075],[150.01142,-32.51849],[150.0201,-32.51511],[150.02235,-32.50125],[150.01759,-32.48686],[150.01078,-32.4807],[150.01496,-32.47842],[150.01535,-32.47101],[150.02559,-32.46223],[150.02265,-32.46185],[150.0246,-32.44995],[150.02249,-32.44575],[150.02955,-32.43699],[150.02476,-32.42154],[150.02679,-32.4161],[150.03334,-32.41461],[150.04395,-32.41895],[150.05652,-32.41497],[150.05613,-32.40948],[150.06375,-32.39542],[150.05686,-32.39114],[150.05013,-32.37944],[150.05824,-32.36751],[150.07476,-32.36214],[150.07596,-32.35533],[150.06593,-32.35585],[150.0538,-32.35078],[150.03898,-32.32784],[150.02925,-32.33339],[150.02769,-32.3246],[150.03206,-32.31549],[150.02173,-32.30425],[150.02798,-32.29151],[150.0356,-32.29515],[150.03728,-32.29234],[150.03291,-32.28819],[150.04303,-32.28419],[150.04566,-32.27497],[150.04214,-32.26141],[150.05319,-32.25843],[150.05189,-32.25376],[150.04558,-32.25121],[150.04409,-32.24417],[150.05823,-32.251],[150.06295,-32.24594],[150.0553,-32.23908],[150.06027,-32.22724],[150.04936,-32.22542],[150.04795,-32.22149],[150.0514,-32.21387],[150.05775,-32.21466],[150.0589,-32.20762],[150.06272,-32.2081],[150.06402,-32.20096],[150.06646,-32.20126],[150.06522,-32.19704],[150.07201,-32.19128],[150.06328,-32.18406],[150.05991,-32.19317],[150.05378,-32.18817],[150.04505,-32.19354],[150.04169,-32.18876],[150.03666,-32.18902],[150.03649,-32.20164],[150.02777,-32.20597],[150.02734,-32.20305],[150.03318,-32.20221],[150.03152,-32.19898],[150.03438,-32.20014],[150.03481,-32.19589],[150.02691,-32.19485],[150.03011,-32.18894],[150.02308,-32.18362],[150.01399,-32.18658],[150.01548,-32.17836],[150.00815,-32.17659],[150.00947,-32.16265],[150.00113,-32.16157],[150.00065,-32.16464],[149.99069,-32.16367],[149.98936,-32.17112],[149.98515,-32.17057],[149.98263,-32.18471],[149.96076,-32.18186],[149.96463,-32.16014],[149.93935,-32.15703],[149.9481,-32.13494],[149.93415,-32.13347],[149.92075,-32.13751],[149.92193,-32.13008],[149.93032,-32.13109],[149.93232,-32.11922],[149.92279,-32.11805],[149.92194,-32.123],[149.89336,-32.1197],[149.89334,-32.10677],[149.89227,-32.11266],[149.84985,-32.10915],[149.84847,-32.11736],[149.84519,-32.11696],[149.84595,-32.11233],[149.84317,-32.11199],[149.84596,-32.10607],[149.81944,-32.10361],[149.82077,-32.09636],[149.816,-32.09573],[149.8125,-32.09064],[149.80303,-32.08932],[149.80219,-32.09366],[149.79524,-32.09271],[149.79755,-32.08016],[149.79161,-32.07935],[149.79567,-32.05808],[149.79249,-32.06605],[149.78255,-32.07107],[149.77848,-32.07754],[149.77763,-32.09154],[149.76288,-32.08929],[149.75184,-32.09955],[149.75082,-32.11981],[149.69295,-32.11238],[149.69225,-32.11638],[149.68118,-32.11488],[149.68188,-32.11113],[149.67407,-32.12138],[149.66948,-32.12191],[149.66603,-32.11815],[149.65925,-32.11964],[149.65298,-32.11451],[149.64498,-32.11802],[149.63819,-32.11269],[149.63637,-32.11688],[149.61869,-32.11772],[149.61633,-32.12291],[149.60928,-32.12285],[149.60281,-32.12695],[149.57815,-32.10656],[149.57324,-32.08641],[149.56942,-32.08782],[149.56822,-32.0851],[149.56138,-32.08429],[149.55192,-32.08901],[149.5473,-32.08683],[149.53282,-32.08945],[149.52022,-32.08557],[149.51018,-32.07461],[149.50031,-32.07321],[149.49496,-32.1021],[149.47972,-32.10878],[149.48015,-32.09414],[149.47251,-32.09326],[149.47072,-32.10351],[149.44698,-32.10062],[149.44765,-32.0968],[149.41503,-32.09554],[149.41226,-32.1061],[149.41707,-32.11519],[149.42826,-32.12403],[149.4291,-32.13542],[149.4129,-32.13551],[149.41179,-32.13818],[149.41746,-32.15547],[149.41328,-32.17552],[149.40804,-32.17424],[149.40737,-32.17808],[149.39676,-32.17682],[149.39627,-32.18035],[149.38859,-32.18352],[149.38855,-32.19134],[149.38469,-32.19315],[149.37311,-32.18991],[149.37372,-32.21575],[149.36102,-32.22038],[149.35643,-32.23482],[149.34638,-32.23805],[149.34596,-32.24605],[149.33979,-32.25642],[149.3265,-32.26036],[149.32706,-32.27348],[149.33517,-32.28508],[149.32738,-32.28969],[149.32102,-32.28679],[149.31274,-32.29931],[149.30732,-32.30028],[149.30512,-32.30473],[149.29381,-32.30288],[149.2855,-32.28898],[149.28014,-32.28812],[149.27323,-32.29484],[149.26516,-32.29186],[149.25992,-32.29554],[149.25057,-32.29517],[149.23971,-32.29924],[149.23413,-32.29692],[149.235,-32.2934],[149.22833,-32.29543],[149.18917,-32.29056],[149.19499,-32.25866],[149.19213,-32.25827],[149.20302,-32.2136],[149.19071,-32.21203],[149.19244,-32.20174],[149.19652,-32.20226],[149.19877,-32.18674],[149.20539,-32.18615],[149.20599,-32.18309],[149.21885,-32.18478],[149.22057,-32.18253],[149.21097,-32.17078],[149.21146,-32.15039],[149.20446,-32.14825],[149.20255,-32.1441],[149.19735,-32.14463],[149.20121,-32.13294],[149.1958,-32.12429],[149.20152,-32.11976],[149.2007,-32.11583],[149.19518,-32.11415],[149.19799,-32.11039],[149.19348,-32.10823],[149.19376,-32.10441],[149.18538,-32.10472],[149.18035,-32.1],[149.1774,-32.10091],[149.1773,-32.10523],[149.1717,-32.10691],[149.16966,-32.10253],[149.16601,-32.11515],[149.17426,-32.12222],[149.16293,-32.12435],[149.15436,-32.12147],[149.15403,-32.11589],[149.13869,-32.1172],[149.12216,-32.10103],[149.11946,-32.10796],[149.11519,-32.10718],[149.11026,-32.11141],[149.10625,-32.10484],[149.10424,-32.11308],[149.0962,-32.11495],[149.09315,-32.10864],[149.08218,-32.10602],[149.07854,-32.10216],[149.07119,-32.10329],[149.0713,-32.09554],[149.05962,-32.08721],[149.05633,-32.08879],[149.05927,-32.09665],[149.0557,-32.0999],[149.046,-32.10357],[149.03292,-32.09983],[149.02876,-32.10682],[149.01969,-32.10893],[149.02362,-32.08734],[149.00848,-32.06489],[149.0025,-32.04428],[148.99709,-32.03665],[149.01128,-32.03863],[149.03165,-31.92341],[149.02084,-31.92191],[149.00313,-31.93596],[148.98118,-31.92704],[148.97811,-31.91591],[148.96318,-31.91342],[148.74029,-31.88618],[148.73199,-31.89357],[148.71246,-31.89112],[148.70328,-31.89503],[148.68522,-31.88964],[148.62543,-31.90039],[148.61881,-31.91562],[148.61926,-31.92509],[148.53839,-31.95953],[148.47378,-32.00425],[148.43941,-32.01709],[148.41837,-32.01436],[148.37267,-31.97298],[148.35434,-31.94456],[148.34339,-31.93666],[148.34053,-31.91124],[148.3288,-31.87795],[148.31114,-31.85699],[148.29898,-31.80688],[148.3015,-31.79244],[148.27421,-31.78638],[148.27643,-31.7736]]]},"properties":{"districtname":"DUBBO","urbanity":"R"}},{"type":"Feature","geometry":{"type":"Polygon","coordinates":[[[153.28621,-28.23521],[153.27831,-28.2338],[153.26603,-28.24091],[153.26241,-28.24678],[153.24585,-28.24582],[153.23724,-28.25382],[153.2327,-28.26486],[153.21733,-28.26227],[153.20756,-28.25342],[153.20005,-28.25639],[153.18868,-28.24783],[153.17713,-28.25039],[153.1726,-28.2602],[153.17624,-28.2753],[153.16208,-28.28061],[153.16666,-28.28421],[153.16837,-28.29455],[153.16495,-28.29719],[153.15548,-28.29547],[153.15346,-28.3013],[153.14308,-28.30483],[153.14398,-28.31194],[153.13901,-28.31092],[153.13388,-28.31735],[153.12583,-28.31767],[153.12339,-28.32249],[153.12939,-28.32944],[153.1244,-28.33864],[153.11568,-28.34077],[153.11321,-28.35216],[153.10811,-28.35783],[153.08949,-28.35297],[153.07968,-28.35392],[153.06573,-28.34417],[153.05339,-28.34322],[153.04494,-28.339],[153.03811,-28.34348],[153.02224,-28.33797],[153.01022,-28.34125],[152.99626,-28.33996],[152.99009,-28.33666],[152.98383,-28.33815],[152.97323,-28.33188],[152.94064,-28.3345],[152.93423,-28.33755],[152.92341,-28.33153],[152.90018,-28.32556],[152.88043,-28.30973],[152.86577,-28.31347],[152.85037,-28.3113],[152.83994,-28.32185],[152.83072,-28.32044],[152.82324,-28.33518],[152.81249,-28.33973],[152.80852,-28.34514],[152.8092,-28.35056],[152.80433,-28.35366],[152.79348,-28.35396],[152.77696,-28.34597],[152.7595,-28.35296],[152.76107,-28.36029],[152.75088,-28.36382],[152.73117,-28.35378],[152.72306,-28.34412],[152.71978,-28.34533],[152.71286,-28.34135],[152.70791,-28.34436],[152.69957,-28.33548],[152.69225,-28.33664],[152.68638,-28.32912],[152.67888,-28.33016],[152.67387,-28.32579],[152.67336,-28.31759],[152.66694,-28.31179],[152.65727,-28.30959],[152.64919,-28.31332],[152.63901,-28.31135],[152.62508,-28.29916],[152.62248,-28.28591],[152.61765,-28.28304],[152.61431,-28.26942],[152.59969,-28.28465],[152.59822,-28.29594],[152.60212,-28.30825],[152.57942,-28.33891],[152.56914,-28.3235],[152.55603,-28.32338],[152.55527,-28.31678],[152.54806,-28.32092],[152.54152,-28.313],[152.52572,-28.30555],[152.53262,-28.27219],[152.53668,-28.266],[152.53393,-28.26275],[152.52194,-28.26079],[152.51611,-28.25683],[152.51561,-28.25174],[152.50804,-28.2491],[152.48786,-28.25319],[152.48261,-28.25781],[152.47118,-28.25699],[152.4618,-28.26058],[152.46146,-28.26961],[152.44826,-28.28101],[152.44288,-28.29043],[152.44484,-28.29881],[152.41463,-28.29802],[152.40952,-28.31572],[152.41727,-28.33308],[152.40013,-28.34758],[152.38617,-28.36854],[152.36476,-28.36609],[152.35595,-28.36118],[152.34159,-28.36785],[152.32079,-28.36717],[152.30967,-28.36316],[152.30493,-28.37199],[152.2907,-28.38246],[152.28844,-28.39314],[152.26761,-28.39003],[152.25222,-28.4104],[152.23945,-28.41749],[152.23814,-28.4233],[152.23066,-28.42985],[152.21963,-28.44789],[152.20731,-28.4454],[152.20465,-28.43823],[152.19027,-28.43394],[152.18453,-28.43886],[152.16495,-28.43261],[152.15668,-28.43437],[152.15462,-28.43793],[152.14205,-28.44222],[152.13519,-28.45207],[152.12791,-28.45367],[152.12114,-28.46266],[152.10282,-28.46301],[152.0941,-28.46903],[152.07021,-28.46799],[152.06704,-28.48558],[152.04568,-28.49495],[152.03595,-28.50724],[152.01898,-28.5178],[152.01687,-28.52527],[152.00057,-28.528],[151.98896,-28.5256],[151.98444,-28.5165],[151.98362,-28.50469],[151.97837,-28.50234],[151.95536,-28.51921],[151.95855,-28.5271],[151.95291,-28.53865],[151.95655,-28.54287],[151.9545,-28.5516],[151.95831,-28.5569],[151.95745,-28.5634],[151.98578,-28.58152],[151.99158,-28.59478],[151.98965,-28.60561],[151.99401,-28.61193],[151.99099,-28.62457],[152.0018,-28.63992],[152.00204,-28.65012],[152.0058,-28.65132],[152.01142,-28.66174],[152.01017,-28.66494],[152.03916,-28.66444],[152.04499,-28.66816],[152.04453,-28.67288],[152.05257,-28.68193],[152.06197,-28.67914],[152.06636,-28.68096],[152.06608,-28.69744],[152.07606,-28.70816],[152.07121,-28.71485],[152.04273,-28.73161],[152.04772,-28.74032],[152.03578,-28.75589],[152.03833,-28.76483],[152.03688,-28.77613],[152.04171,-28.77774],[152.03475,-28.7907],[152.03836,-28.79702],[152.03547,-28.80711],[152.0373,-28.81922],[152.03274,-28.82899],[152.028,-28.83237],[152.02317,-28.83157],[152.01706,-28.8385],[152.01832,-28.84581],[152.01507,-28.85061],[152.02596,-28.85824],[152.03692,-28.85178],[152.03955,-28.85461],[152.03588,-28.85864],[152.03813,-28.86468],[152.03087,-28.86948],[152.02448,-28.8899],[152.01672,-28.89252],[152.00971,-28.90765],[152.00115,-28.90946],[152.00199,-28.90094],[151.99759,-28.8955],[151.98112,-28.90947],[151.97246,-28.91021],[151.96832,-28.91662],[151.96104,-28.91909],[151.95623,-28.91713],[151.91632,-28.92934],[151.91372,-28.92016],[151.90036,-28.91465],[151.89271,-28.91546],[151.88147,-28.91138],[151.87813,-28.91451],[151.87141,-28.91423],[151.85911,-28.9072],[151.84937,-28.90784],[151.83791,-28.91653],[151.83479,-28.93226],[151.83956,-28.94265],[151.83224,-28.95982],[151.82559,-28.96332],[151.81381,-28.95936],[151.815,-28.95077],[151.80952,-28.94977],[151.8064,-28.94462],[151.78364,-28.95448],[151.77784,-28.95987],[151.77023,-28.95583],[151.77274,-28.93824],[151.76237,-28.93413],[151.75459,-28.92231],[151.74348,-28.91863],[151.74635,-28.91383],[151.73181,-28.88268],[151.73387,-28.87157],[151.72663,-28.86686],[151.7168,-28.87486],[151.70654,-28.87177],[151.70214,-28.88226],[151.69554,-28.88438],[151.69569,-28.88839],[151.6861,-28.88892],[151.67476,-28.90758],[151.66632,-28.90535],[151.65146,-28.91702],[151.6444,-28.91683],[151.63676,-28.92205],[151.6347,-28.92922],[151.62582,-28.92368],[151.61684,-28.92611],[151.60962,-28.92327],[151.58837,-28.93191],[151.5771,-28.94502],[151.56681,-28.94172],[151.54542,-28.95313],[151.5361,-28.98061],[151.52468,-28.98875],[151.52204,-28.99608],[151.51571,-28.9982],[151.4978,-29.02087],[151.49492,-29.0329],[151.49726,-29.04222],[151.4901,-29.05656],[151.50238,-29.06551],[151.50159,-29.07156],[151.49343,-29.07176],[151.49444,-29.07462],[151.48535,-29.08932],[151.46295,-29.0983],[151.45275,-29.12624],[151.43236,-29.14008],[151.42858,-29.14711],[151.41647,-29.14915],[151.4099,-29.15392],[151.40212,-29.17134],[151.39543,-29.17732],[151.36551,-29.17361],[151.36614,-29.18437],[151.37617,-29.19154],[151.37953,-29.20492],[151.37809,-29.21441],[151.40117,-29.2419],[151.41732,-29.24759],[151.41917,-29.25587],[151.41211,-29.25958],[151.41874,-29.27681],[151.4268,-29.28745],[151.44797,-29.28388],[151.46224,-29.2742],[151.46056,-29.27027],[151.45715,-29.27068],[151.46339,-29.25774],[151.46023,-29.25545],[151.46305,-29.24008],[151.47778,-29.24223],[151.55536,-29.26447],[151.58063,-29.26807],[151.59265,-29.28027],[151.61586,-29.28352],[151.61645,-29.29278],[151.60891,-29.32494],[151.61747,-29.32606],[151.61482,-29.34098],[151.62504,-29.3424],[151.62439,-29.34698],[151.6761,-29.35632],[151.67804,-29.34537],[151.69648,-29.34747],[151.69992,-29.32814],[151.71267,-29.33005],[151.71693,-29.33469],[151.71236,-29.33996],[151.7157,-29.34425],[151.78356,-29.35492],[151.78837,-29.35812],[151.7818,-29.37045],[151.80262,-29.37331],[151.80065,-29.38513],[151.79412,-29.38837],[151.78854,-29.40847],[151.80581,-29.42462],[151.80539,-29.42729],[151.81319,-29.43151],[151.81658,-29.4155],[151.81824,-29.42007],[151.86255,-29.42663],[151.86345,-29.42212],[151.86757,-29.42274],[151.86832,-29.4191],[151.8724,-29.41963],[151.89536,-29.40648],[151.91128,-29.40819],[151.91359,-29.41216],[151.93182,-29.41807],[151.94462,-29.40954],[151.95671,-29.41544],[151.95615,-29.41887],[151.97067,-29.42078],[151.9868,-29.40761],[152.00693,-29.40634],[152.00425,-29.39817],[152.01677,-29.38788],[152.00763,-29.37512],[152.00803,-29.37124],[152.02371,-29.36178],[152.03275,-29.36716],[152.05484,-29.35168],[152.05894,-29.35249],[152.05849,-29.34416],[152.05389,-29.34094],[152.08038,-29.34443],[152.08335,-29.34819],[152.0914,-29.34918],[152.0919,-29.34604],[152.12474,-29.35046],[152.12402,-29.35527],[152.1499,-29.3583],[152.14752,-29.35483],[152.24598,-29.37032],[152.25271,-29.36861],[152.26133,-29.37521],[152.26684,-29.37497],[152.26744,-29.37224],[152.30033,-29.37714],[152.30681,-29.36373],[152.30765,-29.35255],[152.31592,-29.34703],[152.32261,-29.35059],[152.33703,-29.33715],[152.3312,-29.32888],[152.30831,-29.32155],[152.3001,-29.31359],[152.30004,-29.30444],[152.30882,-29.30488],[152.31466,-29.29851],[152.30648,-29.28309],[152.31418,-29.28249],[152.32111,-29.2775],[152.32288,-29.27013],[152.33739,-29.26355],[152.34046,-29.25738],[152.35182,-29.24871],[152.3575,-29.25062],[152.36528,-29.24603],[152.38051,-29.24531],[152.38763,-29.23995],[152.39373,-29.24139],[152.41412,-29.22888],[152.40522,-29.21115],[152.42514,-29.17838],[152.41749,-29.17219],[152.41891,-29.1688],[152.41381,-29.16124],[152.41776,-29.15226],[152.44424,-29.14416],[152.45501,-29.08901],[152.42101,-29.08408],[152.41898,-29.08103],[152.43112,-29.07195],[152.43058,-29.06457],[152.44097,-29.05335],[152.4439,-29.03974],[152.42294,-29.03666],[152.44619,-29.02846],[152.4593,-29.03208],[152.45447,-29.02691],[152.45528,-29.02099],[152.46453,-29.00796],[152.47161,-29.00441],[152.46449,-28.9984],[152.46397,-28.99171],[152.47575,-28.99001],[152.47314,-28.98029],[152.46524,-28.97979],[152.46269,-28.9759],[152.47675,-28.97259],[152.48866,-28.97708],[152.48666,-28.96996],[152.50958,-28.97324],[152.50833,-28.98034],[152.53019,-28.98844],[152.53314,-28.98392],[152.56002,-28.99029],[152.56197,-28.9984],[152.58111,-29.0079],[152.59425,-29.00291],[152.59363,-28.99944],[152.59802,-29.00002],[152.59912,-28.99613],[152.66434,-29.00587],[152.66186,-29.01988],[152.67159,-29.02164],[152.68949,-29.02294],[152.69528,-29.01687],[152.70365,-29.01924],[152.7117,-29.01311],[152.72448,-29.01111],[152.74655,-28.99128],[152.74281,-28.97014],[152.74833,-28.96271],[152.74906,-28.95334],[152.74193,-28.94391],[152.74371,-28.93419],[152.75324,-28.92746],[152.75031,-28.91382],[152.7743,-28.92146],[152.77534,-28.92536],[152.7862,-28.92652],[152.7987,-28.90994],[152.81982,-28.90367],[152.81881,-28.89163],[152.82228,-28.88204],[152.84613,-28.88786],[152.84598,-28.88072],[152.85114,-28.8676],[152.85627,-28.86395],[152.85827,-28.85199],[152.86323,-28.85266],[152.86752,-28.83969],[152.87359,-28.83987],[152.87554,-28.84356],[152.87836,-28.8427],[152.87963,-28.8353],[152.88461,-28.83597],[152.88761,-28.8193],[152.9047,-28.82164],[152.9052,-28.81794],[152.91387,-28.82111],[152.91498,-28.81542],[152.92911,-28.80443],[152.95263,-28.80146],[152.95324,-28.79819],[152.94674,-28.79826],[152.94476,-28.7952],[152.94807,-28.79111],[152.9425,-28.79102],[152.94,-28.78382],[152.93558,-28.78509],[152.93875,-28.77995],[152.93097,-28.77821],[152.93232,-28.77403],[152.92398,-28.7705],[152.92678,-28.76467],[152.92159,-28.76124],[152.92467,-28.75554],[152.91781,-28.75045],[152.9157,-28.73685],[152.9054,-28.73021],[152.90773,-28.72271],[152.90568,-28.71382],[152.91601,-28.71343],[152.91723,-28.71068],[152.99575,-28.72144],[152.99501,-28.72506],[153.00134,-28.72594],[153.00044,-28.73068],[153.00437,-28.73126],[153.00574,-28.72395],[153.01584,-28.72539],[153.01655,-28.72184],[153.05463,-28.72741],[153.05637,-28.72206],[153.05445,-28.73308],[153.06486,-28.73443],[153.06561,-28.73059],[153.06958,-28.72951],[153.0766,-28.73318],[153.0736,-28.73677],[153.07859,-28.74077],[153.07959,-28.74924],[153.08719,-28.75551],[153.09263,-28.75412],[153.10872,-28.76347],[153.10756,-28.76891],[153.11115,-28.77497],[153.12312,-28.7739],[153.12587,-28.77989],[153.13133,-28.77848],[153.14794,-28.78356],[153.14388,-28.80553],[153.14013,-28.80504],[153.13855,-28.81454],[153.16439,-28.82467],[153.1713,-28.83293],[153.17767,-28.83403],[153.18371,-28.8416],[153.18299,-28.84557],[153.18764,-28.84625],[153.17625,-28.9033],[153.17517,-28.91413],[153.17973,-28.91468],[153.17918,-28.91813],[153.17325,-28.92216],[153.18854,-28.92824],[153.19215,-28.92112],[153.19887,-28.92122],[153.20752,-28.93077],[153.2254,-28.92838],[153.22794,-28.93521],[153.23982,-28.93889],[153.24185,-28.94692],[153.2467,-28.93111],[153.25893,-28.9446],[153.26964,-28.94445],[153.26371,-28.95197],[153.27352,-28.95232],[153.2749,-28.96324],[153.28001,-28.96987],[153.29055,-28.97351],[153.28604,-28.98198],[153.29481,-28.98442],[153.29673,-28.99202],[153.30056,-28.99449],[153.29593,-29.00024],[153.29769,-29.00367],[153.28398,-29.00895],[153.2803,-29.00141],[153.26911,-29.01291],[153.28541,-29.02398],[153.279,-29.03628],[153.30363,-29.0541],[153.30651,-29.06048],[153.31123,-29.05831],[153.31987,-29.0427],[153.32729,-29.03918],[153.33497,-29.04552],[153.33516,-29.05263],[153.32849,-29.05934],[153.33557,-29.07072],[153.33591,-29.06857],[153.34817,-29.06892],[153.35366,-29.0646],[153.37408,-29.06087],[153.38222,-29.04999],[153.37564,-29.03536],[153.37579,-29.02606],[153.39044,-29.01291],[153.39899,-29.00024],[153.40528,-28.99922],[153.41337,-29.01446],[153.42131,-29.01776],[153.43269,-29.0104],[153.4355,-29.00109],[153.42668,-29.00044],[153.42088,-28.99088],[153.4068,-28.98595],[153.4053,-28.98086],[153.38901,-28.96876],[153.3844,-28.95397],[153.37577,-28.95263],[153.3812,-28.92246],[153.38738,-28.9235],[153.38865,-28.9167],[153.38128,-28.91169],[153.37923,-28.90262],[153.36483,-28.89941],[153.36625,-28.89387],[153.3625,-28.89177],[153.36573,-28.89038],[153.3632,-28.88577],[153.36561,-28.88293],[153.36324,-28.88056],[153.36561,-28.87476],[153.36895,-28.87426],[153.36851,-28.87051],[153.37714,-28.86238],[153.38104,-28.86225],[153.37966,-28.85112],[153.39235,-28.84955],[153.38983,-28.84429],[153.39631,-28.84289],[153.39432,-28.8391],[153.39648,-28.83629],[153.38922,-28.83249],[153.39092,-28.83019],[153.38696,-28.82743],[153.38978,-28.81188],[153.3824,-28.80788],[153.38192,-28.80008],[153.40226,-28.7851],[153.41245,-28.78653],[153.41126,-28.79232],[153.42675,-28.79449],[153.42451,-28.7837],[153.42865,-28.78695],[153.43091,-28.78231],[153.43682,-28.78338],[153.44273,-28.77925],[153.44663,-28.77307],[153.44163,-28.76294],[153.44991,-28.75491],[153.45287,-28.7601],[153.45621,-28.75931],[153.46279,-28.76562],[153.46476,-28.76047],[153.47223,-28.76207],[153.47489,-28.75984],[153.47394,-28.75552],[153.47809,-28.74992],[153.48081,-28.75019],[153.48138,-28.7545],[153.48848,-28.75399],[153.48891,-28.74677],[153.48413,-28.74753],[153.48155,-28.74333],[153.48368,-28.74082],[153.47906,-28.73858],[153.48761,-28.73583],[153.48227,-28.7321],[153.48542,-28.72698],[153.47884,-28.72454],[153.47966,-28.7206],[153.48442,-28.72182],[153.48726,-28.71679],[153.47879,-28.71465],[153.48023,-28.70673],[153.46566,-28.70682],[153.46686,-28.7017],[153.47318,-28.69928],[153.47136,-28.69556],[153.47799,-28.6968],[153.48253,-28.68477],[153.48146,-28.67944],[153.47309,-28.67279],[153.47824,-28.67142],[153.47912,-28.66702],[153.48726,-28.66751],[153.49018,-28.6614],[153.4876,-28.65859],[153.48046,-28.65996],[153.4748,-28.6514],[153.46869,-28.65122],[153.47193,-28.64787],[153.46649,-28.64259],[153.46928,-28.63441],[153.46578,-28.63184],[153.47041,-28.62985],[153.46933,-28.62602],[153.46415,-28.62557],[153.46226,-28.61951],[153.4662,-28.61791],[153.46294,-28.61468],[153.46526,-28.60731],[153.46919,-28.60599],[153.46441,-28.60211],[153.4588,-28.60481],[153.44987,-28.59727],[153.45525,-28.5938],[153.45172,-28.59027],[153.45956,-28.59278],[153.45894,-28.59549],[153.46518,-28.59373],[153.47035,-28.58229],[153.48133,-28.57843],[153.48716,-28.56955],[153.45773,-28.56979],[153.44879,-28.57496],[153.43437,-28.57065],[153.43233,-28.56201],[153.42598,-28.5613],[153.42653,-28.55819],[153.41636,-28.54743],[153.41676,-28.54186],[153.4253,-28.54075],[153.42674,-28.53776],[153.41169,-28.52784],[153.4116,-28.51961],[153.40539,-28.52278],[153.3954,-28.51963],[153.39248,-28.51538],[153.39342,-28.51001],[153.37448,-28.50698],[153.36867,-28.50176],[153.36867,-28.49248],[153.37458,-28.48423],[153.37349,-28.47186],[153.40672,-28.47752],[153.4084,-28.46866],[153.3967,-28.46879],[153.38963,-28.45462],[153.39837,-28.45235],[153.40769,-28.43905],[153.41947,-28.43769],[153.42046,-28.43206],[153.4322,-28.43366],[153.44034,-28.42324],[153.44848,-28.42174],[153.44908,-28.40701],[153.43219,-28.39713],[153.42381,-28.39583],[153.41926,-28.38765],[153.42041,-28.37977],[153.41182,-28.37043],[153.41048,-28.3572],[153.40338,-28.35127],[153.40389,-28.34923],[153.43282,-28.35236],[153.43566,-28.33618],[153.42579,-28.33476],[153.42622,-28.33246],[153.41411,-28.32746],[153.41373,-28.32354],[153.43239,-28.31596],[153.43409,-28.30564],[153.43942,-28.29982],[153.45768,-28.29485],[153.46089,-28.286],[153.46015,-28.27407],[153.45686,-28.27278],[153.45716,-28.26795],[153.44936,-28.26864],[153.44906,-28.27803],[153.44515,-28.28301],[153.43738,-28.28595],[153.42796,-28.28389],[153.41142,-28.29487],[153.40097,-28.29249],[153.39481,-28.29474],[153.3916,-28.29164],[153.3851,-28.29181],[153.37025,-28.27943],[153.3679,-28.26667],[153.37089,-28.25369],[153.37529,-28.25242],[153.37359,-28.24971],[153.36382,-28.24744],[153.33959,-28.2503],[153.3317,-28.2454],[153.33022,-28.23705],[153.30462,-28.23967],[153.29579,-28.23385],[153.28621,-28.23521]]]},"properties":{"districtname":"LISMORE","urbanity":"R"}},{"type":"Feature","geometry":{"type":"Polygon","coordinates":[[[151.39206,-31.55653],[151.3929,-31.55378],[151.38786,-31.55656],[151.38557,-31.55476],[151.37674,-31.56205],[151.37295,-31.55741],[151.3663,-31.5603],[151.3543,-31.55912],[151.35089,-31.56406],[151.34338,-31.55609],[151.33595,-31.55932],[151.33857,-31.56227],[151.33569,-31.56451],[151.32663,-31.56114],[151.32809,-31.56762],[151.32296,-31.56901],[151.32659,-31.57272],[151.32562,-31.57589],[151.3194,-31.57633],[151.31754,-31.58059],[151.30689,-31.57973],[151.30502,-31.58851],[151.29388,-31.58607],[151.29274,-31.59367],[151.28502,-31.6009],[151.28078,-31.59998],[151.26341,-31.61782],[151.2562,-31.61749],[151.25517,-31.6232],[151.25187,-31.62254],[151.24724,-31.64721],[151.23826,-31.64596],[151.23525,-31.66184],[151.23176,-31.65613],[151.23297,-31.65225],[151.22568,-31.65216],[151.22265,-31.64874],[151.19552,-31.64018],[151.17552,-31.62885],[151.16552,-31.6326],[151.15326,-31.62624],[151.13923,-31.62637],[151.11727,-31.632],[151.11044,-31.61913],[151.09234,-31.61665],[151.08969,-31.6116],[151.07619,-31.60787],[151.07593,-31.60186],[151.0676,-31.59483],[151.04251,-31.59896],[151.03056,-31.59473],[151.01911,-31.60012],[150.99849,-31.60337],[150.99146,-31.62057],[150.99912,-31.63501],[150.99627,-31.63835],[150.97235,-31.64689],[150.93205,-31.64002],[150.93007,-31.65004],[150.91406,-31.64784],[150.91334,-31.65153],[150.89372,-31.66474],[150.91073,-31.66765],[150.90645,-31.66905],[150.90397,-31.68157],[150.89581,-31.68134],[150.89948,-31.69111],[150.88919,-31.69686],[150.88678,-31.68881],[150.87986,-31.68903],[150.88599,-31.70247],[150.8755,-31.69698],[150.86583,-31.69928],[150.86256,-31.71537],[150.85211,-31.71663],[150.84902,-31.73052],[150.84039,-31.72881],[150.83122,-31.73373],[150.81804,-31.73117],[150.80229,-31.73319],[150.79688,-31.73649],[150.79452,-31.74915],[150.79091,-31.74731],[150.77713,-31.7571],[150.78056,-31.75755],[150.77899,-31.76558],[150.77047,-31.76424],[150.76665,-31.77078],[150.76224,-31.77022],[150.75988,-31.78226],[150.73864,-31.77927],[150.7355,-31.79001],[150.71889,-31.79605],[150.71288,-31.80464],[150.73021,-31.81372],[150.7302,-31.82058],[150.72301,-31.82747],[150.7234,-31.83855],[150.70647,-31.83825],[150.70216,-31.84219],[150.68917,-31.83902],[150.67393,-31.84119],[150.67107,-31.84451],[150.66012,-31.84219],[150.6518,-31.84471],[150.64695,-31.8421],[150.63495,-31.84471],[150.62761,-31.83806],[150.61191,-31.84768],[150.60392,-31.84162],[150.59417,-31.84671],[150.58433,-31.84331],[150.57324,-31.84631],[150.56751,-31.84409],[150.5542,-31.84935],[150.55295,-31.85472],[150.54658,-31.85823],[150.52776,-31.85004],[150.52495,-31.84392],[150.50753,-31.8382],[150.50622,-31.83438],[150.49143,-31.83449],[150.48627,-31.8311],[150.47193,-31.83666],[150.45746,-31.85145],[150.44309,-31.85475],[150.43279,-31.85011],[150.43092,-31.84297],[150.41634,-31.83992],[150.41073,-31.83401],[150.38275,-31.84199],[150.37372,-31.83882],[150.36773,-31.84252],[150.36147,-31.83837],[150.35819,-31.83138],[150.33458,-31.82542],[150.31166,-31.83368],[150.30631,-31.83776],[150.30661,-31.8427],[150.29372,-31.84886],[150.28576,-31.84269],[150.28106,-31.84396],[150.25468,-31.83588],[150.24184,-31.82549],[150.19943,-31.82364],[150.19991,-31.8212],[150.18507,-31.81367],[150.18172,-31.80433],[150.18422,-31.80121],[150.17236,-31.79496],[150.15171,-31.76592],[150.13516,-31.76849],[150.12563,-31.76275],[150.1247,-31.75391],[150.11562,-31.75288],[150.11064,-31.74612],[150.11026,-31.74891],[150.09977,-31.74902],[150.07099,-31.76444],[150.06866,-31.7729],[150.0498,-31.78638],[150.04611,-31.79671],[150.04119,-31.79854],[150.03579,-31.81453],[150.02413,-31.82864],[150.0108,-31.83728],[150.0057,-31.83571],[149.99616,-31.84336],[149.99346,-31.84253],[149.98756,-31.85028],[149.97937,-31.8521],[149.97742,-31.85743],[149.94875,-31.8689],[149.94139,-31.87878],[149.91965,-31.88655],[149.92026,-31.89325],[149.91408,-31.89624],[149.91303,-31.90026],[149.90998,-31.89883],[149.90656,-31.90396],[149.90239,-31.90463],[149.90408,-31.90663],[149.89689,-31.91314],[149.89815,-31.91944],[149.88825,-31.92633],[149.88667,-31.93393],[149.88231,-31.93539],[149.88353,-31.93777],[149.87226,-31.94477],[149.86607,-31.96159],[149.846,-31.97558],[149.84627,-31.98071],[149.83912,-31.98737],[149.85781,-31.98952],[149.85894,-31.98263],[149.87557,-31.9845],[149.87379,-31.9959],[149.88252,-31.99688],[149.87319,-32.01306],[149.87486,-32.03105],[149.86853,-32.03023],[149.86973,-32.02377],[149.85984,-32.02252],[149.85838,-32.03042],[149.84988,-32.02555],[149.82355,-32.03804],[149.80817,-32.03926],[149.80527,-32.05516],[149.80234,-32.05477],[149.80243,-32.05841],[149.79567,-32.05808],[149.79161,-32.07935],[149.79755,-32.08016],[149.79524,-32.09271],[149.80219,-32.09366],[149.80303,-32.08932],[149.8125,-32.09064],[149.816,-32.09573],[149.82077,-32.09636],[149.81944,-32.10361],[149.84596,-32.10607],[149.84317,-32.11199],[149.84595,-32.11233],[149.84519,-32.11696],[149.84847,-32.11736],[149.84985,-32.10915],[149.89227,-32.11266],[149.89334,-32.10677],[149.89336,-32.1197],[149.92194,-32.123],[149.92279,-32.11805],[149.93232,-32.11922],[149.93032,-32.13109],[149.92193,-32.13008],[149.92075,-32.13751],[149.93415,-32.13347],[149.9481,-32.13494],[149.93935,-32.15703],[149.96463,-32.16014],[149.96076,-32.18186],[149.98263,-32.18471],[149.98515,-32.17057],[149.98936,-32.17112],[149.99069,-32.16367],[150.00947,-32.16265],[150.00815,-32.17659],[150.01548,-32.17836],[150.01399,-32.18658],[150.02308,-32.18362],[150.03011,-32.18894],[150.02691,-32.19485],[150.03481,-32.19589],[150.03438,-32.20014],[150.03152,-32.19898],[150.03318,-32.20221],[150.02734,-32.20305],[150.02777,-32.20597],[150.03649,-32.20164],[150.03666,-32.18902],[150.04169,-32.18876],[150.04505,-32.19354],[150.05378,-32.18817],[150.05991,-32.19317],[150.06328,-32.18406],[150.07195,-32.19116],[150.06522,-32.19704],[150.06646,-32.20126],[150.06402,-32.20096],[150.06272,-32.2081],[150.0589,-32.20762],[150.05775,-32.21466],[150.0514,-32.21387],[150.04795,-32.22149],[150.04936,-32.22542],[150.06027,-32.22724],[150.0553,-32.23908],[150.06295,-32.24594],[150.05823,-32.251],[150.04409,-32.24417],[150.04558,-32.25121],[150.05189,-32.25376],[150.05319,-32.25843],[150.04214,-32.26141],[150.04566,-32.27497],[150.04303,-32.28419],[150.03291,-32.28819],[150.03728,-32.29234],[150.0356,-32.29515],[150.02805,-32.29144],[150.0218,-32.30377],[150.03206,-32.31549],[150.02769,-32.3246],[150.02934,-32.33347],[150.03914,-32.32793],[150.05358,-32.35059],[150.06789,-32.35607],[150.06667,-32.34376],[150.10224,-32.3428],[150.1176,-32.33938],[150.12677,-32.34127],[150.1329,-32.33693],[150.14295,-32.34136],[150.15527,-32.32699],[150.15948,-32.3265],[150.1606,-32.33293],[150.16381,-32.33249],[150.16556,-32.32003],[150.17767,-32.32637],[150.1797,-32.33367],[150.1873,-32.33343],[150.18639,-32.34697],[150.1892,-32.35004],[150.19695,-32.33258],[150.20578,-32.33363],[150.20803,-32.33947],[150.21765,-32.33772],[150.21474,-32.32875],[150.20644,-32.32551],[150.20817,-32.31882],[150.21139,-32.31808],[150.21618,-32.32329],[150.22157,-32.3148],[150.23156,-32.31422],[150.23693,-32.30811],[150.24529,-32.31298],[150.24854,-32.30636],[150.255,-32.3028],[150.25276,-32.30983],[150.2622,-32.31645],[150.25172,-32.32502],[150.25973,-32.32754],[150.26759,-32.32071],[150.27078,-32.32346],[150.25966,-32.33856],[150.26429,-32.35472],[150.25852,-32.35762],[150.2632,-32.3608],[150.26806,-32.37135],[150.2668,-32.3769],[150.27629,-32.38144],[150.27913,-32.37567],[150.28427,-32.37451],[150.28757,-32.37967],[150.28147,-32.38349],[150.28715,-32.38686],[150.29567,-32.38423],[150.30534,-32.37349],[150.30896,-32.38594],[150.31904,-32.38751],[150.31926,-32.39064],[150.31454,-32.39371],[150.31856,-32.40923],[150.31056,-32.40915],[150.30958,-32.41407],[150.30239,-32.4154],[150.29965,-32.41942],[150.27992,-32.42192],[150.27689,-32.43565],[150.27254,-32.43643],[150.26741,-32.44943],[150.24854,-32.46034],[150.23436,-32.45422],[150.22718,-32.45616],[150.22676,-32.46306],[150.23829,-32.47255],[150.23734,-32.47978],[150.24532,-32.48013],[150.24761,-32.48318],[150.24015,-32.49819],[150.24304,-32.50417],[150.24133,-32.51232],[150.24874,-32.52358],[150.24304,-32.5269],[150.24184,-32.53841],[150.24267,-32.54723],[150.24754,-32.54997],[150.23774,-32.56643],[150.23684,-32.57403],[150.26605,-32.57771],[150.25948,-32.5977],[150.23937,-32.60112],[150.23675,-32.60819],[150.22767,-32.61233],[150.25116,-32.61526],[150.31135,-32.64691],[150.32017,-32.64791],[150.3193,-32.66084],[150.30811,-32.66521],[150.306,-32.68022],[150.29695,-32.69154],[150.29085,-32.72088],[150.27722,-32.73229],[150.27543,-32.74748],[150.28883,-32.7653],[150.29701,-32.76681],[150.3002,-32.77229],[150.31763,-32.78448],[150.32525,-32.78592],[150.32837,-32.78362],[150.34122,-32.79375],[150.33823,-32.7984],[150.33855,-32.80895],[150.34276,-32.81527],[150.34943,-32.81824],[150.35577,-32.83997],[150.36253,-32.84561],[150.35892,-32.85958],[150.36149,-32.86801],[150.34103,-32.87063],[150.3354,-32.88246],[150.3471,-32.89056],[150.35046,-32.9023],[150.34893,-32.90934],[150.35295,-32.91009],[150.3552,-32.91703],[150.35273,-32.92314],[150.36,-32.92556],[150.36982,-32.94132],[150.36759,-32.95334],[150.37663,-32.95911],[150.37626,-32.96463],[150.37083,-32.96663],[150.37156,-32.9705],[150.36687,-32.97127],[150.37654,-32.99068],[150.37581,-33.0014],[150.36955,-33.0139],[150.39002,-33.03054],[150.39335,-33.03939],[150.40513,-33.02485],[150.41056,-33.0238],[150.42582,-33.02933],[150.43141,-33.03582],[150.44861,-33.03557],[150.4649,-33.0469],[150.48715,-33.0485],[150.49152,-33.04626],[150.49643,-33.03419],[150.51102,-33.03775],[150.51814,-33.03428],[150.53185,-33.03735],[150.53647,-33.0419],[150.54112,-33.04037],[150.54798,-33.04319],[150.55275,-33.05951],[150.5716,-33.05874],[150.60452,-33.06995],[150.62965,-33.06154],[150.63024,-33.05857],[150.72789,-33.07201],[150.71807,-33.06864],[150.70721,-33.05863],[150.7054,-33.04463],[150.69662,-33.04177],[150.6821,-33.04473],[150.68219,-33.03192],[150.6714,-33.02406],[150.67719,-33.01326],[150.68562,-33.00597],[150.68579,-32.99676],[150.69669,-32.99639],[150.70387,-33.00528],[150.70292,-33.01036],[150.71144,-33.01452],[150.72351,-33.0123],[150.74543,-33.02194],[150.76106,-33.01477],[150.76384,-33.00031],[150.80479,-33.00603],[150.80165,-32.99998],[150.80863,-33.00181],[150.81556,-32.99905],[150.8194,-32.99252],[150.81918,-32.98682],[150.81487,-32.98598],[150.81943,-32.98377],[150.81841,-32.97772],[150.81289,-32.97849],[150.81617,-32.97647],[150.81516,-32.97379],[150.80857,-32.97679],[150.81153,-32.96895],[150.81794,-32.96731],[150.81417,-32.9624],[150.82302,-32.96007],[150.8144,-32.9551],[150.81781,-32.95178],[150.81555,-32.94636],[150.8248,-32.94422],[150.82024,-32.94208],[150.82289,-32.93786],[150.8173,-32.93538],[150.81924,-32.93186],[150.81574,-32.93104],[150.8169,-32.92798],[150.81133,-32.92481],[150.81364,-32.91986],[150.82529,-32.92197],[150.83669,-32.91877],[150.85021,-32.93152],[150.862,-32.9275],[150.88511,-32.93291],[150.90054,-32.92941],[150.92113,-32.93818],[150.93769,-32.94052],[150.94528,-32.93811],[150.9592,-32.94356],[150.9689,-32.94061],[150.97606,-32.94761],[150.98777,-32.95115],[150.99008,-32.95534],[150.99625,-32.95191],[151.00609,-32.95363],[151.0158,-32.93734],[151.02095,-32.93494],[151.02011,-32.93214],[151.0429,-32.92255],[151.06718,-32.89299],[151.06833,-32.88223],[151.06082,-32.87095],[151.06248,-32.86911],[151.08547,-32.8671],[151.09284,-32.83059],[151.09764,-32.83374],[151.10542,-32.82653],[151.11412,-32.82666],[151.13492,-32.81699],[151.14663,-32.81671],[151.15884,-32.8081],[151.17065,-32.80538],[151.16927,-32.80191],[151.17835,-32.7919],[151.18952,-32.79605],[151.2039,-32.78886],[151.20724,-32.78253],[151.21789,-32.7819],[151.22484,-32.76569],[151.21626,-32.75645],[151.20881,-32.75392],[151.21684,-32.74169],[151.268,-32.74707],[151.27649,-32.70421],[151.28282,-32.7051],[151.28418,-32.70231],[151.27976,-32.69589],[151.29709,-32.68723],[151.30605,-32.68851],[151.30805,-32.67886],[151.32645,-32.68152],[151.32973,-32.67495],[151.33304,-32.67576],[151.33384,-32.67118],[151.33549,-32.67331],[151.33774,-32.65991],[151.36775,-32.66955],[151.37514,-32.65895],[151.40325,-32.66294],[151.40819,-32.68188],[151.43091,-32.6924],[151.43292,-32.69079],[151.43076,-32.68664],[151.43984,-32.68048],[151.43823,-32.66952],[151.45026,-32.67112],[151.45406,-32.66741],[151.4501,-32.65765],[151.45557,-32.65688],[151.47057,-32.6625],[151.47619,-32.66059],[151.4809,-32.64152],[151.48448,-32.63672],[151.48931,-32.63591],[151.49805,-32.63999],[151.50172,-32.65114],[151.51038,-32.66232],[151.5099,-32.68736],[151.51436,-32.69335],[151.52043,-32.69232],[151.53815,-32.67818],[151.54225,-32.67906],[151.54381,-32.68785],[151.56665,-32.6885],[151.56912,-32.69755],[151.5542,-32.72956],[151.56015,-32.73304],[151.57422,-32.73239],[151.58214,-32.73674],[151.58983,-32.7306],[151.59023,-32.72091],[151.60015,-32.71595],[151.61464,-32.715],[151.61995,-32.72281],[151.62562,-32.72411],[151.64229,-32.71947],[151.64805,-32.71371],[151.64432,-32.70392],[151.63355,-32.70167],[151.62878,-32.7053],[151.62621,-32.69959],[151.61629,-32.69175],[151.61084,-32.69102],[151.61043,-32.68542],[151.60408,-32.67913],[151.60761,-32.67776],[151.60778,-32.67281],[151.59934,-32.66907],[151.59352,-32.65661],[151.59573,-32.65147],[151.60274,-32.65366],[151.60205,-32.64216],[151.60593,-32.63668],[151.60185,-32.63549],[151.60428,-32.62749],[151.59495,-32.62119],[151.60841,-32.61521],[151.63033,-32.61804],[151.63878,-32.61213],[151.64189,-32.59805],[151.64916,-32.59825],[151.66828,-32.58746],[151.67283,-32.56436],[151.72422,-32.57186],[151.71674,-32.60662],[151.71885,-32.60916],[151.7328,-32.60535],[151.74617,-32.61517],[151.74104,-32.61687],[151.74408,-32.62095],[151.75863,-32.61404],[151.7767,-32.61271],[151.78038,-32.6037],[151.77656,-32.59929],[151.77869,-32.59168],[151.8036,-32.59816],[151.80655,-32.58487],[151.81348,-32.59977],[151.80764,-32.59894],[151.805,-32.61237],[151.79074,-32.61044],[151.78856,-32.62043],[151.80548,-32.62297],[151.8032,-32.63362],[151.82421,-32.6341],[151.82166,-32.64671],[151.84997,-32.65095],[151.85769,-32.61359],[151.87643,-32.61515],[151.89309,-32.61067],[151.89885,-32.6136],[151.89982,-32.60913],[151.94191,-32.61548],[151.94935,-32.60538],[151.96477,-32.59775],[151.97296,-32.58394],[151.99507,-32.58089],[152.00128,-32.58617],[152.00366,-32.57613],[152.00629,-32.58036],[152.01436,-32.58059],[152.01888,-32.57094],[152.01886,-32.58458],[152.07344,-32.59249],[152.07956,-32.56194],[152.09713,-32.55715],[152.10166,-32.53901],[152.1086,-32.54015],[152.11379,-32.5359],[152.11935,-32.52448],[152.12053,-32.50883],[152.10083,-32.50597],[152.10712,-32.47095],[152.11395,-32.47408],[152.11828,-32.46891],[152.11598,-32.46507],[152.12217,-32.45727],[152.12111,-32.45278],[152.10415,-32.43836],[152.09745,-32.42701],[152.07949,-32.42349],[152.07285,-32.41449],[152.07229,-32.40641],[152.0631,-32.40148],[152.05214,-32.38534],[152.07492,-32.27775],[152.11988,-32.28391],[152.1155,-32.27327],[152.12059,-32.26758],[152.114,-32.25312],[152.10238,-32.24388],[152.10158,-32.22903],[152.09438,-32.21345],[152.09572,-32.2101],[152.08999,-32.20517],[152.13894,-31.96918],[152.14409,-31.96677],[152.13862,-31.95686],[152.14249,-31.95167],[152.13984,-31.94856],[152.14505,-31.94521],[152.14195,-31.94144],[152.14489,-31.92545],[152.13801,-31.90842],[152.12903,-31.89965],[152.14231,-31.89516],[152.14139,-31.88997],[152.14758,-31.88626],[152.14945,-31.8813],[152.13726,-31.88335],[152.13011,-31.87047],[152.11988,-31.87056],[152.11345,-31.85521],[152.1002,-31.85105],[152.09729,-31.83812],[152.08308,-31.84034],[152.07735,-31.82678],[152.06549,-31.82747],[152.06481,-31.83241],[152.07067,-31.83794],[152.06935,-31.84045],[152.05102,-31.84154],[152.04132,-31.83811],[152.03395,-31.84396],[152.02615,-31.83566],[152.02639,-31.82841],[152.01547,-31.82965],[152.00803,-31.8345],[152.00279,-31.82189],[151.98453,-31.82285],[151.97978,-31.8066],[151.96526,-31.8035],[151.95512,-31.80823],[151.94588,-31.80594],[151.94403,-31.80161],[151.94755,-31.78101],[151.94333,-31.78044],[151.94706,-31.77854],[151.94923,-31.756],[151.95589,-31.754],[151.95904,-31.75725],[151.96096,-31.74783],[151.96657,-31.75106],[151.97828,-31.69148],[151.97423,-31.69456],[151.96734,-31.69356],[151.96432,-31.6981],[151.96113,-31.69169],[151.95499,-31.69442],[151.95439,-31.68546],[151.94675,-31.69289],[151.93614,-31.68856],[151.93432,-31.68248],[151.92678,-31.68386],[151.92881,-31.67972],[151.91865,-31.6714],[151.91544,-31.67312],[151.90973,-31.67025],[151.90611,-31.67299],[151.90561,-31.66725],[151.89348,-31.66563],[151.88149,-31.65652],[151.87954,-31.66337],[151.87552,-31.66522],[151.87223,-31.65894],[151.8649,-31.65909],[151.86325,-31.65553],[151.85696,-31.65369],[151.85232,-31.65655],[151.85072,-31.6516],[151.84387,-31.65121],[151.84606,-31.64884],[151.8431,-31.64464],[151.83483,-31.64445],[151.82532,-31.63411],[151.81907,-31.63392],[151.8183,-31.63143],[151.82433,-31.62782],[151.82061,-31.62074],[151.81648,-31.61928],[151.8193,-31.61233],[151.80719,-31.60934],[151.80776,-31.60674],[151.79556,-31.60055],[151.79474,-31.59602],[151.78319,-31.58564],[151.78165,-31.59262],[151.77533,-31.59041],[151.75675,-31.60174],[151.7553,-31.61143],[151.75882,-31.62509],[151.75583,-31.62534],[151.75378,-31.63393],[151.75658,-31.6381],[151.74003,-31.63589],[151.7331,-31.62844],[151.72689,-31.62665],[151.72422,-31.62891],[151.71302,-31.62055],[151.71056,-31.62365],[151.70116,-31.61993],[151.69963,-31.623],[151.69064,-31.62256],[151.68817,-31.61866],[151.69195,-31.6145],[151.68212,-31.60877],[151.67436,-31.6129],[151.65711,-31.61324],[151.65904,-31.60791],[151.65252,-31.60264],[151.64731,-31.60701],[151.64147,-31.60567],[151.64513,-31.61085],[151.63723,-31.61003],[151.63357,-31.61521],[151.62474,-31.6068],[151.61007,-31.60796],[151.60928,-31.60269],[151.60141,-31.59882],[151.60123,-31.59559],[151.58417,-31.60481],[151.57661,-31.60227],[151.56928,-31.60993],[151.56124,-31.60639],[151.55739,-31.60085],[151.5512,-31.6003],[151.55113,-31.60392],[151.53629,-31.5992],[151.5369,-31.59651],[151.52982,-31.59404],[151.53207,-31.59178],[151.52517,-31.59273],[151.5214,-31.58667],[151.51249,-31.58791],[151.51121,-31.57824],[151.50705,-31.57971],[151.50322,-31.57518],[151.49823,-31.57531],[151.4966,-31.57109],[151.48999,-31.57327],[151.48632,-31.56698],[151.47828,-31.56407],[151.46655,-31.56395],[151.45764,-31.60971],[151.45497,-31.61033],[151.44013,-31.59419],[151.43393,-31.59508],[151.43314,-31.59142],[151.43747,-31.58631],[151.43456,-31.58462],[151.43844,-31.58104],[151.43709,-31.5786],[151.43309,-31.57973],[151.43592,-31.57579],[151.43075,-31.57457],[151.43278,-31.56702],[151.42904,-31.56688],[151.42803,-31.56221],[151.42319,-31.56944],[151.41878,-31.56699],[151.42089,-31.56336],[151.41298,-31.56441],[151.41181,-31.56127],[151.40853,-31.56275],[151.41046,-31.5652],[151.40618,-31.56587],[151.40079,-31.55805],[151.4019,-31.5626],[151.39477,-31.5601],[151.39296,-31.56266],[151.38952,-31.5601],[151.39206,-31.55653]]]},"properties":{"districtname":"UPPER HUNTER","urbanity":"R"}},{"type":"Feature","geometry":{"type":"Polygon","coordinates":[[[151.52357,-32.7768],[151.52061,-32.79851],[151.53064,-32.80011],[151.53769,-32.80111],[151.54166,-32.78291],[151.6108,-32.79218],[151.60768,-32.80797],[151.62465,-32.81048],[151.62862,-32.7898],[151.63855,-32.79674],[151.64343,-32.79651],[151.64524,-32.78818],[151.65716,-32.79846],[151.70566,-32.80508],[151.70691,-32.8002],[151.69661,-32.79473],[151.69581,-32.78922],[151.71346,-32.78572],[151.74386,-32.75514],[151.73633,-32.75333],[151.73159,-32.75967],[151.72806,-32.75976],[151.72754,-32.75173],[151.72155,-32.74596],[151.72558,-32.73856],[151.72396,-32.73481],[151.71461,-32.73687],[151.68761,-32.72709],[151.68068,-32.72939],[151.681,-32.7353],[151.67597,-32.7402],[151.66908,-32.74149],[151.65299,-32.72414],[151.64015,-32.71878],[151.63049,-32.7234],[151.62082,-32.72328],[151.61902,-32.71794],[151.61371,-32.71472],[151.60035,-32.71588],[151.59028,-32.72087],[151.58987,-32.73053],[151.5835,-32.73633],[151.56973,-32.73136],[151.55785,-32.73253],[151.55408,-32.72778],[151.56644,-32.70598],[151.5692,-32.6972],[151.56665,-32.6885],[151.54381,-32.68785],[151.54225,-32.67906],[151.53815,-32.67818],[151.52043,-32.69232],[151.51436,-32.69335],[151.5099,-32.68736],[151.51038,-32.66232],[151.50172,-32.65114],[151.49805,-32.63999],[151.48931,-32.63591],[151.48448,-32.63672],[151.4809,-32.64152],[151.47619,-32.66059],[151.47057,-32.6625],[151.45557,-32.65688],[151.4501,-32.65765],[151.45406,-32.66741],[151.45026,-32.67112],[151.43814,-32.66962],[151.43989,-32.68031],[151.43076,-32.68664],[151.43151,-32.69222],[151.40854,-32.68223],[151.4034,-32.66429],[151.39921,-32.68651],[151.40289,-32.69089],[151.40059,-32.70294],[151.4144,-32.72032],[151.42349,-32.72351],[151.42045,-32.73936],[151.43822,-32.74179],[151.44,-32.73251],[151.46505,-32.73682],[151.46295,-32.74674],[151.4946,-32.75173],[151.48944,-32.77534],[151.52357,-32.7768]]]},"properties":{"districtname":"MAITLAND","urbanity":"U"}},{"type":"Feature","geometry":{"type":"MultiPolygon","coordinates":[[[[152.20992,-32.54085],[152.20743,-32.52162],[152.20336,-32.52102],[152.16528,-32.54238],[152.14638,-32.54209],[152.11377,-32.5359],[152.1086,-32.54015],[152.10192,-32.53887],[152.09713,-32.55715],[152.07947,-32.5621],[152.07344,-32.59249],[152.01886,-32.58458],[152.01888,-32.57094],[152.01436,-32.58059],[152.00629,-32.58036],[152.00366,-32.57613],[152.00128,-32.58617],[151.99507,-32.58089],[151.97296,-32.58394],[151.96477,-32.59775],[151.94935,-32.60538],[151.94191,-32.61548],[151.89982,-32.60913],[151.89885,-32.6136],[151.89309,-32.61067],[151.87643,-32.61515],[151.85769,-32.61359],[151.84997,-32.65095],[151.82166,-32.64671],[151.82421,-32.6341],[151.8032,-32.63362],[151.80548,-32.62297],[151.78856,-32.62043],[151.79074,-32.61044],[151.805,-32.61237],[151.80764,-32.59894],[151.81348,-32.59977],[151.80655,-32.58487],[151.8036,-32.59816],[151.77869,-32.59168],[151.77656,-32.59929],[151.78038,-32.6037],[151.7767,-32.61271],[151.75863,-32.61404],[151.74408,-32.62095],[151.74104,-32.61687],[151.74617,-32.61517],[151.7328,-32.60535],[151.71885,-32.60916],[151.71674,-32.60662],[151.72422,-32.57186],[151.67283,-32.56436],[151.66828,-32.58746],[151.64916,-32.59825],[151.64189,-32.59805],[151.63878,-32.61213],[151.63033,-32.61804],[151.60841,-32.61521],[151.59519,-32.62081],[151.60442,-32.62769],[151.60185,-32.63549],[151.60593,-32.63668],[151.60205,-32.64216],[151.60274,-32.65366],[151.59573,-32.65147],[151.5935,-32.65648],[151.59934,-32.66907],[151.60778,-32.67281],[151.60761,-32.67776],[151.60408,-32.67913],[151.61043,-32.68542],[151.61104,-32.69132],[151.61642,-32.69185],[151.62677,-32.70011],[151.62878,-32.7053],[151.63355,-32.70167],[151.64569,-32.70501],[151.64821,-32.71329],[151.64229,-32.71947],[151.65412,-32.72484],[151.66598,-32.74032],[151.67519,-32.74064],[151.68096,-32.73537],[151.68076,-32.7293],[151.68935,-32.72712],[151.71461,-32.73687],[151.72478,-32.73525],[151.72155,-32.74596],[151.72754,-32.75173],[151.72846,-32.76009],[151.73633,-32.75333],[151.74386,-32.75514],[151.71346,-32.78572],[151.69581,-32.78922],[151.69661,-32.79473],[151.70726,-32.80252],[151.7011,-32.8085],[151.68377,-32.81512],[151.68475,-32.82235],[151.69798,-32.83182],[151.72974,-32.83782],[151.73827,-32.84874],[151.7726,-32.85457],[151.78159,-32.86073],[151.783,-32.84398],[151.77978,-32.83333],[151.77367,-32.82763],[151.78431,-32.82038],[151.80813,-32.82023],[151.81633,-32.82446],[151.82045,-32.82019],[151.86498,-32.82754],[151.87843,-32.84139],[151.96131,-32.80969],[152.03722,-32.78829],[152.07403,-32.78405],[152.08001,-32.78948],[152.08761,-32.78832],[152.09109,-32.79125],[152.10376,-32.78781],[152.10861,-32.79345],[152.10983,-32.79125],[152.11525,-32.79279],[152.11206,-32.78824],[152.12047,-32.78968],[152.12022,-32.7855],[152.12408,-32.78464],[152.11677,-32.77816],[152.12159,-32.7694],[152.13239,-32.76463],[152.15787,-32.76558],[152.16382,-32.75882],[152.17158,-32.76075],[152.16943,-32.75754],[152.17615,-32.75471],[152.17264,-32.75197],[152.17451,-32.74823],[152.17079,-32.74684],[152.17466,-32.7412],[152.1818,-32.74014],[152.18957,-32.74335],[152.18494,-32.74958],[152.18782,-32.75107],[152.19734,-32.74637],[152.20351,-32.74858],[152.20114,-32.74444],[152.20315,-32.74214],[152.19268,-32.7397],[152.18903,-32.74191],[152.18306,-32.73473],[152.18425,-32.72323],[152.18928,-32.71788],[152.18839,-32.71205],[152.20929,-32.69668],[152.2063,-32.69415],[152.19238,-32.69388],[152.18803,-32.6875],[152.18719,-32.66948],[152.19373,-32.65166],[152.20649,-32.63541],[152.22467,-32.61976],[152.24793,-32.60689],[152.26654,-32.60124],[152.27008,-32.60371],[152.27082,-32.59901],[152.28517,-32.59459],[152.29196,-32.58297],[152.28428,-32.58192],[152.27457,-32.5878],[152.25662,-32.58521],[152.23607,-32.58753],[152.23733,-32.58245],[152.27313,-32.5659],[152.26389,-32.55802],[152.26453,-32.55352],[152.25973,-32.5459],[152.25076,-32.5464],[152.24606,-32.54086],[152.23853,-32.54089],[152.23527,-32.53682],[152.23805,-32.53172],[152.22628,-32.53227],[152.22624,-32.53995],[152.21972,-32.54593],[152.20992,-32.54085]]],[[[152.30651,-32.60949],[152.30721,-32.61677],[152.3134,-32.61871],[152.31227,-32.62671],[152.31497,-32.62314],[152.31994,-32.6273],[152.3153,-32.61732],[152.32061,-32.62161],[152.32793,-32.61745],[152.32141,-32.61353],[152.31148,-32.6137],[152.30651,-32.60949]]],[[[152.22331,-32.68422],[152.22444,-32.69263],[152.22861,-32.68737],[152.22331,-32.68422]]],[[[152.33415,-32.62027],[152.33099,-32.61817],[152.33578,-32.62509],[152.33415,-32.62027]]],[[[152.22866,-32.70529],[152.2261,-32.70915],[152.22973,-32.71077],[152.22866,-32.70529]]],[[[152.31742,-32.63073],[152.31684,-32.62763],[152.31601,-32.62858],[152.31742,-32.63073]]],[[[152.14335,-32.76713],[152.14264,-32.76831],[152.14505,-32.76788],[152.14335,-32.76713]]],[[[152.30638,-32.60884],[152.3072,-32.60781],[152.30624,-32.60662],[152.30638,-32.60884]]],[[[152.24307,-32.70168],[152.24291,-32.70007],[152.24122,-32.70171],[152.24307,-32.70168]]],[[[152.20463,-32.74228],[152.20415,-32.74309],[152.20555,-32.74284],[152.20463,-32.74228]]],[[[152.16172,-32.76453],[152.16078,-32.76367],[152.16118,-32.76517],[152.16172,-32.76453]]],[[[152.1775,-32.75552],[152.17796,-32.75607],[152.17927,-32.75603],[152.1775,-32.75552]]],[[[152.09486,-32.79253],[152.09458,-32.7914],[152.09381,-32.7914],[152.09486,-32.79253]]],[[[152.15271,-32.76807],[152.15152,-32.76824],[152.15297,-32.76838],[152.15271,-32.76807]]],[[[152.17171,-32.76104],[152.17182,-32.7615],[152.17266,-32.76162],[152.17171,-32.76104]]],[[[152.17268,-32.76215],[152.17193,-32.76214],[152.17225,-32.7625],[152.17268,-32.76215]]],[[[152.14678,-32.76583],[152.14622,-32.76552],[152.14643,-32.76578],[152.14678,-32.76583]]],[[[152.17182,-32.76213],[152.17162,-32.76236],[152.1719,-32.76233],[152.17182,-32.76213]]],[[[152.17722,-32.75548],[152.17739,-32.7554],[152.17721,-32.75529],[152.17722,-32.75548]]],[[[152.1484,-32.76505],[152.14817,-32.76518],[152.14833,-32.7652],[152.1484,-32.76505]]],[[[152.14491,-32.76853],[152.14496,-32.76864],[152.1451,-32.76859],[152.14491,-32.76853]]],[[[152.17902,-32.75631],[152.17904,-32.75625],[152.17897,-32.75622],[152.17902,-32.75631]]],[[[152.1482,-32.76591],[152.14826,-32.76585],[152.14818,-32.76585],[152.1482,-32.76591]]],[[[152.14869,-32.76567],[152.14875,-32.76563],[152.14868,-32.76562],[152.14869,-32.76567]]],[[[152.14865,-32.76555],[152.14856,-32.7656],[152.14863,-32.76558],[152.14865,-32.76555]]],[[[152.14822,-32.76559],[152.14823,-32.76555],[152.14819,-32.76555],[152.14822,-32.76559]]]]},"properties":{"districtname":"PORT STEPHENS","urbanity":"R"}},{"type":"Feature","geometry":{"type":"Polygon","coordinates":[[[150.82943,-34.04277],[150.8239,-34.02997],[150.8212,-34.0429],[150.80735,-34.04145],[150.80256,-34.04697],[150.7904,-34.03979],[150.78843,-34.03135],[150.78042,-34.04293],[150.78658,-34.0463],[150.77471,-34.07027],[150.76643,-34.07805],[150.74214,-34.08071],[150.73724,-34.11188],[150.74001,-34.11796],[150.75256,-34.11697],[150.75712,-34.12138],[150.7504,-34.13164],[150.75642,-34.1407],[150.75017,-34.1511],[150.75513,-34.16137],[150.74722,-34.16877],[150.74641,-34.18202],[150.73126,-34.17933],[150.71914,-34.19396],[150.72362,-34.19573],[150.72182,-34.20264],[150.72408,-34.20931],[150.73263,-34.21696],[150.72759,-34.22197],[150.74153,-34.22702],[150.74376,-34.23201],[150.75554,-34.23006],[150.75635,-34.22638],[150.76276,-34.23178],[150.77416,-34.22882],[150.78111,-34.24861],[150.79212,-34.25672],[150.79572,-34.24864],[150.80519,-34.27133],[150.81563,-34.26945],[150.82729,-34.2749],[150.83881,-34.27474],[150.8528,-34.27994],[150.88058,-34.25882],[150.8863,-34.24277],[150.89793,-34.23214],[150.89131,-34.22913],[150.89362,-34.22116],[150.89052,-34.21406],[150.88134,-34.2092],[150.87416,-34.19958],[150.86522,-34.20019],[150.86359,-34.19219],[150.85749,-34.19276],[150.85772,-34.182],[150.86987,-34.18166],[150.8739,-34.18731],[150.88465,-34.1891],[150.89936,-34.1896],[150.90396,-34.18476],[150.90676,-34.16482],[150.91444,-34.15848],[150.92251,-34.1278],[150.92937,-34.12403],[150.92517,-34.11642],[150.93415,-34.10787],[150.9366,-34.09512],[150.92519,-34.09332],[150.9234,-34.08968],[150.93199,-34.08481],[150.93335,-34.07802],[150.93714,-34.07524],[150.93735,-34.06477],[150.9342,-34.05902],[150.9409,-34.04006],[150.88676,-34.03212],[150.89088,-34.03868],[150.89458,-34.03918],[150.89217,-34.04345],[150.88222,-34.0386],[150.87764,-34.04622],[150.86493,-34.04622],[150.86048,-34.04966],[150.85718,-34.04601],[150.84242,-34.04205],[150.83679,-34.04985],[150.82943,-34.04277]]]},"properties":{"districtname":"CAMPBELLTOWN","urbanity":"R"}},{"type":"Feature","geometry":{"type":"Polygon","coordinates":[[[150.84143,-33.87542],[150.82859,-33.87558],[150.82033,-33.8807],[150.79781,-33.88087],[150.76791,-33.87571],[150.76651,-33.88337],[150.7687,-33.88542],[150.7655,-33.88642],[150.77136,-33.88811],[150.77114,-33.89659],[150.76325,-33.90137],[150.76282,-33.90724],[150.76008,-33.90555],[150.75528,-33.9113],[150.75879,-33.92643],[150.75667,-33.92748],[150.75837,-33.93199],[150.75209,-33.93638],[150.75681,-33.98692],[150.75502,-34.00029],[150.76688,-34.01315],[150.78773,-33.99364],[150.79634,-34.00433],[150.79592,-34.01181],[150.78766,-34.01536],[150.79181,-34.02006],[150.78931,-34.02358],[150.79,-34.039],[150.80256,-34.04697],[150.80735,-34.04145],[150.8212,-34.0429],[150.82688,-34.01354],[150.83951,-34.00222],[150.84481,-33.99291],[150.84446,-33.98443],[150.82838,-33.97349],[150.82026,-33.97503],[150.82549,-33.95869],[150.83865,-33.95013],[150.87667,-33.95673],[150.88079,-33.95117],[150.87725,-33.94829],[150.87784,-33.93758],[150.85429,-33.92127],[150.84552,-33.90308],[150.83594,-33.89479],[150.83527,-33.88872],[150.8432,-33.8769],[150.84143,-33.87542]]]},"properties":{"districtname":"LEPPINGTON","urbanity":"R"}},{"type":"Feature","geometry":{"type":"Polygon","coordinates":[[[151.64682,-32.78958],[151.64524,-32.78818],[151.64343,-32.79651],[151.63855,-32.79674],[151.62862,-32.7898],[151.60675,-32.89245],[151.64084,-32.89766],[151.6368,-32.91933],[151.64026,-32.91985],[151.63216,-32.92711],[151.64249,-32.93718],[151.65897,-32.93621],[151.66489,-32.94327],[151.67857,-32.93934],[151.68689,-32.94403],[151.68965,-32.93394],[151.70197,-32.92119],[151.72288,-32.92315],[151.72867,-32.903],[151.73113,-32.90228],[151.70839,-32.88508],[151.67733,-32.81594],[151.68246,-32.81728],[151.70566,-32.80508],[151.65716,-32.79846],[151.64682,-32.78958]]]},"properties":{"districtname":"WALLSEND","urbanity":"R"}},{"type":"Feature","geometry":{"type":"Polygon","coordinates":[[[151.403,-32.66647],[151.40325,-32.66294],[151.37514,-32.65895],[151.36775,-32.66955],[151.33774,-32.65991],[151.33549,-32.67331],[151.33384,-32.67118],[151.33304,-32.67576],[151.32973,-32.67495],[151.32645,-32.68152],[151.30805,-32.67886],[151.30605,-32.68851],[151.29709,-32.68723],[151.27976,-32.69589],[151.28418,-32.70231],[151.28282,-32.7051],[151.27649,-32.70421],[151.268,-32.74707],[151.21684,-32.74169],[151.20881,-32.75392],[151.21626,-32.75645],[151.22484,-32.76569],[151.21789,-32.7819],[151.20724,-32.78253],[151.2039,-32.78886],[151.18952,-32.79605],[151.17835,-32.7919],[151.16927,-32.80191],[151.17065,-32.80538],[151.15884,-32.8081],[151.14663,-32.81671],[151.13492,-32.81699],[151.11412,-32.82666],[151.10542,-32.82653],[151.09764,-32.83374],[151.09284,-32.83059],[151.08547,-32.8671],[151.06248,-32.86911],[151.06082,-32.87095],[151.06833,-32.88223],[151.06718,-32.89299],[151.0429,-32.92255],[151.02011,-32.93214],[151.02095,-32.93494],[151.0158,-32.93734],[151.00609,-32.95363],[150.99625,-32.95191],[150.99008,-32.95534],[150.98777,-32.95115],[150.97606,-32.94761],[150.9689,-32.94061],[150.9592,-32.94356],[150.94528,-32.93811],[150.93769,-32.94052],[150.92113,-32.93818],[150.90054,-32.92941],[150.88511,-32.93291],[150.862,-32.9275],[150.85021,-32.93152],[150.83669,-32.91877],[150.82529,-32.92197],[150.8134,-32.91995],[150.81133,-32.92481],[150.8169,-32.92798],[150.81574,-32.93104],[150.81924,-32.93186],[150.8173,-32.93538],[150.82289,-32.93786],[150.82024,-32.94208],[150.8248,-32.94422],[150.81555,-32.94636],[150.81781,-32.95178],[150.8144,-32.9551],[150.82302,-32.96007],[150.81417,-32.9624],[150.81794,-32.96731],[150.81153,-32.96895],[150.80857,-32.97686],[150.81516,-32.97379],[150.81617,-32.97647],[150.81289,-32.97849],[150.81841,-32.97772],[150.81943,-32.98377],[150.81487,-32.98598],[150.81918,-32.98682],[150.81943,-32.99241],[150.81556,-32.99905],[150.80129,-33.00063],[150.80633,-33.01091],[150.81209,-33.01173],[150.81523,-33.01595],[150.81984,-33.01463],[150.8185,-33.02364],[150.82612,-33.02562],[150.8301,-33.03305],[150.83527,-33.03051],[150.83849,-33.03457],[150.84655,-33.03537],[150.8514,-33.03024],[150.85532,-33.03259],[150.85283,-33.03696],[150.85796,-33.04306],[150.85122,-33.04197],[150.84976,-33.04581],[150.85754,-33.05],[150.85252,-33.04896],[150.84708,-33.05231],[150.85323,-33.0527],[150.85339,-33.0593],[150.85896,-33.06106],[150.85176,-33.06458],[150.85572,-33.07033],[150.84837,-33.07452],[150.84905,-33.07993],[150.85324,-33.08338],[150.84879,-33.08735],[150.85172,-33.08999],[150.84713,-33.09821],[150.85875,-33.09412],[150.86626,-33.10222],[150.87246,-33.10433],[150.87339,-33.11422],[150.88487,-33.11907],[150.9,-33.12116],[150.90524,-33.11583],[150.92411,-33.11109],[150.9314,-33.11311],[150.93393,-33.11916],[150.94199,-33.1232],[150.95027,-33.12252],[150.9659,-33.12988],[150.98052,-33.12625],[150.98564,-33.128],[150.99417,-33.12242],[151.00362,-33.12605],[151.01857,-33.12161],[151.02539,-33.12569],[151.03716,-33.12354],[151.03536,-33.11739],[151.03973,-33.09706],[151.0525,-33.07993],[151.06414,-33.08121],[151.08395,-33.07524],[151.088,-33.07836],[151.10313,-33.07683],[151.11454,-33.09116],[151.12794,-33.09169],[151.13604,-33.11005],[151.15083,-33.1132],[151.16323,-33.12451],[151.20251,-33.13903],[151.20551,-33.13396],[151.21822,-33.12934],[151.22049,-33.11972],[151.23207,-33.11404],[151.23249,-33.10838],[151.2408,-33.10787],[151.24882,-33.09988],[151.25558,-33.10154],[151.26163,-33.09891],[151.25985,-33.09517],[151.26388,-33.0898],[151.26223,-33.07498],[151.26619,-33.06899],[151.26644,-33.05758],[151.29616,-33.0547],[151.30484,-33.04371],[151.31727,-33.0494],[151.33145,-33.06205],[151.33691,-33.0471],[151.34124,-33.04319],[151.3663,-33.04428],[151.37368,-33.03803],[151.37776,-33.02679],[151.3825,-33.02574],[151.38516,-33.0211],[151.384,-33.00969],[151.38633,-33.00643],[151.39472,-33.00877],[151.40147,-33.00194],[151.41785,-33.00178],[151.43186,-32.99254],[151.44756,-32.99278],[151.46403,-32.96791],[151.47986,-32.96683],[151.49073,-32.97254],[151.50212,-32.96288],[151.51177,-32.9683],[151.51673,-32.96655],[151.52043,-32.95684],[151.51565,-32.94258],[151.51554,-32.91752],[151.53147,-32.90139],[151.54444,-32.92631],[151.55595,-32.93153],[151.56289,-32.9301],[151.56949,-32.92361],[151.57179,-32.92668],[151.56987,-32.93102],[151.58149,-32.93618],[151.58656,-32.93297],[151.59895,-32.93712],[151.59761,-32.93356],[151.60253,-32.9278],[151.61861,-32.93409],[151.63205,-32.93043],[151.63255,-32.92579],[151.64026,-32.91985],[151.6368,-32.91933],[151.64084,-32.89766],[151.60675,-32.89245],[151.62356,-32.81032],[151.60768,-32.80797],[151.6108,-32.79218],[151.54166,-32.78291],[151.53769,-32.80111],[151.52061,-32.79851],[151.52533,-32.77704],[151.48944,-32.77534],[151.4946,-32.75173],[151.46295,-32.74674],[151.46505,-32.73682],[151.44,-32.73251],[151.43822,-32.74179],[151.42045,-32.73936],[151.42349,-32.72351],[151.4144,-32.72032],[151.40059,-32.70294],[151.40289,-32.69089],[151.39921,-32.68651],[151.403,-32.66647]]]},"properties":{"districtname":"CESSNOCK","urbanity":"R"}},{"type":"Feature","geometry":{"type":"Polygon","coordinates":[[[149.13033,-33.89397],[149.11877,-33.88823],[149.11816,-33.89355],[149.10479,-33.89425],[149.10583,-33.89969],[149.09771,-33.90037],[149.0954,-33.90979],[149.08132,-33.91285],[149.07796,-33.90502],[149.06974,-33.89964],[149.07379,-33.89297],[149.0657,-33.89258],[149.05475,-33.90273],[149.05194,-33.91258],[149.03608,-33.91012],[149.02528,-33.91801],[149.02511,-33.93213],[149.01139,-33.93274],[149.00531,-33.94516],[149.01295,-33.96784],[149.01121,-33.98226],[149.01689,-33.99006],[149.02226,-33.9945],[149.02827,-33.99391],[149.02984,-33.9907],[149.02479,-33.98418],[149.02991,-33.98222],[149.04366,-33.99095],[149.05357,-33.98996],[149.06175,-33.99843],[149.05074,-34.01063],[149.05566,-34.01782],[149.0543,-34.02577],[149.04287,-34.02691],[149.03786,-34.02364],[149.03534,-34.02708],[149.03863,-34.03355],[149.03062,-34.03309],[149.02739,-34.03786],[149.02873,-34.04163],[149.034,-34.04304],[149.04518,-34.04137],[149.04715,-34.04714],[149.04322,-34.05115],[149.03188,-34.05354],[149.02377,-34.05093],[149.02182,-34.0534],[149.02176,-34.06706],[149.01741,-34.0804],[149.02038,-34.09007],[149.0062,-34.1008],[149.00297,-34.10712],[149.00539,-34.12046],[149.01998,-34.12796],[149.01124,-34.14026],[149.01563,-34.1466],[149.0282,-34.14892],[149.02989,-34.15687],[149.04113,-34.16002],[149.04152,-34.17352],[149.05336,-34.17433],[149.05409,-34.1809],[149.06185,-34.18324],[149.05268,-34.18746],[149.05775,-34.19462],[149.06844,-34.19325],[149.07187,-34.19601],[149.06735,-34.20111],[149.06849,-34.205],[149.08476,-34.20359],[149.08285,-34.20722],[149.071,-34.20822],[149.06562,-34.2187],[149.07843,-34.21948],[149.07645,-34.2275],[149.08501,-34.22968],[149.09016,-34.23704],[149.10008,-34.24121],[149.10867,-34.23967],[149.10814,-34.24401],[149.11393,-34.24784],[149.11612,-34.25382],[149.12552,-34.2598],[149.1126,-34.2593],[149.11119,-34.26988],[149.11908,-34.26582],[149.13112,-34.27818],[149.12797,-34.27974],[149.12335,-34.27434],[149.1186,-34.27463],[149.12343,-34.28225],[149.11026,-34.27909],[149.10666,-34.28619],[149.09086,-34.29285],[149.09665,-34.29498],[149.09868,-34.30081],[149.09446,-34.3031],[149.08916,-34.31706],[149.099,-34.31934],[149.09775,-34.32436],[149.10506,-34.32898],[149.1026,-34.34111],[149.11991,-34.35923],[149.10739,-34.38108],[149.09779,-34.3882],[149.09327,-34.39719],[149.08585,-34.40075],[149.08661,-34.40982],[149.07805,-34.41608],[149.06789,-34.40913],[149.06867,-34.41656],[149.06272,-34.41777],[149.05718,-34.44066],[149.05268,-34.43878],[149.04406,-34.44695],[149.03761,-34.44795],[149.03107,-34.4733],[149.01119,-34.49814],[149.01449,-34.5011],[149.01399,-34.50618],[149.00621,-34.51083],[148.99335,-34.52703],[148.99747,-34.53705],[148.9939,-34.54519],[148.98888,-34.54749],[148.99232,-34.55236],[148.98808,-34.57845],[148.98318,-34.58643],[148.98514,-34.59515],[148.97899,-34.6161],[148.98163,-34.62022],[148.97825,-34.63678],[148.9606,-34.63885],[148.96002,-34.64208],[148.94964,-34.64276],[148.93258,-34.65163],[148.92916,-34.64423],[148.91371,-34.63972],[148.89089,-34.64261],[148.88883,-34.63804],[148.89616,-34.63358],[148.89343,-34.62997],[148.89504,-34.62354],[148.88836,-34.62318],[148.88397,-34.61899],[148.88186,-34.60394],[148.87076,-34.60037],[148.86981,-34.59168],[148.85656,-34.58694],[148.85716,-34.5815],[148.8504,-34.58144],[148.85324,-34.57817],[148.84646,-34.57396],[148.84739,-34.56896],[148.84381,-34.56676],[148.83677,-34.56789],[148.82147,-34.56208],[148.8167,-34.55655],[148.79583,-34.56098],[148.79022,-34.56571],[148.783,-34.56473],[148.78271,-34.57201],[148.75635,-34.56983],[148.75802,-34.56113],[148.74775,-34.55627],[148.74653,-34.56211],[148.73941,-34.5611],[148.73927,-34.56929],[148.71558,-34.566],[148.71146,-34.55271],[148.68787,-34.5587],[148.68347,-34.54546],[148.67549,-34.54866],[148.6738,-34.54575],[148.68241,-34.54229],[148.68016,-34.53557],[148.66562,-34.54129],[148.66298,-34.54732],[148.65866,-34.54675],[148.65935,-34.54314],[148.65365,-34.54241],[148.65155,-34.55711],[148.64731,-34.56274],[148.64665,-34.56564],[148.65127,-34.56626],[148.64943,-34.57102],[148.65435,-34.57169],[148.6534,-34.57662],[148.66137,-34.57746],[148.65941,-34.58778],[148.67039,-34.58924],[148.66031,-34.60339],[148.65959,-34.61428],[148.62913,-34.6107],[148.6264,-34.62285],[148.59506,-34.61873],[148.59335,-34.62742],[148.59965,-34.62915],[148.58672,-34.62743],[148.57212,-34.70211],[148.56442,-34.70107],[148.56328,-34.70689],[148.57441,-34.70839],[148.57137,-34.72413],[148.57738,-34.72527],[148.57551,-34.73468],[148.57835,-34.73506],[148.57282,-34.74995],[148.57149,-34.77239],[148.57593,-34.77301],[148.57484,-34.77848],[148.57823,-34.77877],[148.57446,-34.79869],[148.58143,-34.80713],[148.56341,-34.80552],[148.56183,-34.82503],[148.55827,-34.82659],[148.56498,-34.82746],[148.55865,-34.85934],[148.54525,-34.85573],[148.54401,-34.86203],[148.5409,-34.86162],[148.53921,-34.87366],[148.52788,-34.87223],[148.52699,-34.8775],[148.53058,-34.87797],[148.52227,-34.90146],[148.52913,-34.90489],[148.53495,-34.91566],[148.54053,-34.91457],[148.54386,-34.90797],[148.54999,-34.91012],[148.54592,-34.91916],[148.53603,-34.92845],[148.53569,-34.9347],[148.54306,-34.95232],[148.53255,-34.97403],[148.53213,-34.99133],[148.54236,-34.99462],[148.55869,-34.98761],[148.56339,-34.99263],[148.55899,-35.00199],[148.56087,-35.005],[148.57295,-35.00141],[148.5831,-35.00263],[148.57218,-35.0186],[148.57641,-35.02437],[148.57333,-35.0389],[148.57552,-35.04161],[148.57188,-35.04957],[148.56504,-35.05439],[148.5674,-35.06065],[148.56418,-35.06614],[148.57091,-35.06724],[148.56739,-35.07231],[148.57272,-35.07403],[148.5733,-35.07721],[148.56475,-35.08358],[148.56488,-35.08843],[148.56865,-35.09163],[148.55092,-35.10759],[148.54419,-35.12036],[148.5483,-35.13216],[148.56025,-35.13937],[148.56081,-35.14473],[148.57077,-35.15014],[148.58209,-35.1517],[148.57903,-35.15978],[148.58229,-35.16785],[148.57693,-35.17915],[148.58158,-35.19231],[148.57052,-35.20294],[148.57038,-35.21105],[148.56532,-35.22035],[148.5475,-35.22692],[148.54921,-35.23158],[148.54422,-35.23933],[148.61578,-35.249],[148.61662,-35.24495],[148.67803,-35.25326],[148.67896,-35.24865],[148.75311,-35.25785],[148.75204,-35.26353],[148.7672,-35.27357],[148.76388,-35.31692],[148.80373,-35.31676],[148.81014,-35.30744],[149.12095,-35.1244],[149.13899,-35.12797],[149.13883,-35.13478],[149.14488,-35.13442],[149.14962,-35.13839],[149.14673,-35.14454],[149.16428,-35.14189],[149.16522,-35.15013],[149.16244,-35.15375],[149.16758,-35.15974],[149.17654,-35.15823],[149.18561,-35.16111],[149.18908,-35.16551],[149.18365,-35.17566],[149.19704,-35.18536],[149.19639,-35.19093],[149.19029,-35.19434],[149.18955,-35.20331],[149.19777,-35.20252],[149.20071,-35.2054],[149.2115,-35.20165],[149.23727,-35.18077],[149.25846,-35.1822],[149.27563,-35.17616],[149.29525,-35.17505],[149.32663,-35.15579],[149.34556,-35.12172],[149.36711,-35.11067],[149.37513,-35.09985],[149.37358,-35.06342],[149.38043,-35.00622],[149.38562,-34.9967],[149.38823,-34.97914],[149.40666,-34.96248],[149.42266,-34.92986],[149.428,-34.93061],[149.42881,-34.92609],[149.44782,-34.92784],[149.44945,-34.92036],[149.45345,-34.92011],[149.45507,-34.9115],[149.48849,-34.91624],[149.49097,-34.90218],[149.52645,-34.9079],[149.52377,-34.92276],[149.51614,-34.92177],[149.51446,-34.92994],[149.52637,-34.9315],[149.52709,-34.93911],[149.52362,-34.93946],[149.52988,-34.94319],[149.52684,-34.95919],[149.51904,-34.96615],[149.55123,-34.97556],[149.54689,-34.99276],[149.55238,-34.99367],[149.55051,-35.00941],[149.53825,-35.06856],[149.55665,-35.07115],[149.54995,-35.10428],[149.54461,-35.10352],[149.54311,-35.11079],[149.5442,-35.11357],[149.55979,-35.11551],[149.5574,-35.12724],[149.55342,-35.12667],[149.54238,-35.15242],[149.56,-35.15481],[149.55909,-35.15925],[149.56354,-35.15987],[149.56891,-35.15984],[149.57249,-35.15351],[149.59099,-35.15673],[149.59287,-35.1448],[149.59977,-35.14354],[149.60715,-35.12965],[149.61186,-35.13328],[149.63153,-35.13463],[149.63484,-35.1169],[149.64129,-35.11773],[149.64268,-35.11278],[149.65277,-35.11562],[149.65312,-35.12358],[149.66066,-35.13792],[149.68604,-35.15274],[149.68858,-35.15899],[149.69975,-35.16015],[149.6994,-35.163],[149.7094,-35.16957],[149.70775,-35.17499],[149.72893,-35.18389],[149.73877,-35.17606],[149.74467,-35.17946],[149.75281,-35.17625],[149.7568,-35.17088],[149.76279,-35.17328],[149.76601,-35.17099],[149.77294,-35.17862],[149.77031,-35.17948],[149.77118,-35.19201],[149.76782,-35.19616],[149.77595,-35.1965],[149.7806,-35.19309],[149.79591,-35.19479],[149.79845,-35.20053],[149.79402,-35.20297],[149.80714,-35.21079],[149.81496,-35.21067],[149.8231,-35.20619],[149.83584,-35.20676],[149.84633,-35.21413],[149.84364,-35.22194],[149.84973,-35.2226],[149.84729,-35.23093],[149.84974,-35.23211],[149.84577,-35.24017],[149.84891,-35.24645],[149.88283,-35.25616],[149.89281,-35.24708],[149.88233,-35.24167],[149.88272,-35.23531],[149.89513,-35.23149],[149.90053,-35.22466],[149.91756,-35.22489],[149.92032,-35.22766],[149.91406,-35.23347],[149.89739,-35.23424],[149.89742,-35.23923],[149.90491,-35.24284],[149.91559,-35.24095],[149.91898,-35.2354],[149.92688,-35.23748],[149.95208,-35.20962],[149.95247,-35.17851],[149.93399,-35.16554],[149.93162,-35.14984],[149.96089,-35.15022],[149.96678,-35.16027],[149.97841,-35.16623],[149.99221,-35.16199],[149.99118,-35.14969],[149.99608,-35.14276],[150.01083,-35.13974],[150.01408,-35.13141],[150.03094,-35.13126],[150.03514,-35.12848],[150.03588,-35.12461],[150.03147,-35.12295],[150.03134,-35.11969],[150.02041,-35.12164],[150.01802,-35.11904],[150.01841,-35.10864],[150.02655,-35.1044],[150.02666,-35.09533],[150.01104,-35.10159],[149.99708,-35.10237],[149.9887,-35.09466],[149.98063,-35.09502],[149.98052,-35.08895],[149.98371,-35.08852],[149.98436,-35.08439],[149.98029,-35.07937],[149.97739,-35.06611],[149.98629,-35.06592],[149.99681,-35.07575],[150.01132,-35.06739],[150.02271,-35.05551],[150.02906,-35.05365],[150.02425,-35.04576],[150.02975,-35.03188],[150.02232,-35.02143],[150.02432,-35.00321],[150.03599,-35.00336],[150.04308,-34.99951],[150.05602,-35.00763],[150.07046,-35.0021],[150.08578,-34.98897],[150.07879,-34.97592],[150.05545,-34.96636],[150.06078,-34.95171],[150.06774,-34.94539],[150.06777,-34.9365],[150.08825,-34.92487],[150.08617,-34.91396],[150.09167,-34.91083],[150.08527,-34.90892],[150.08091,-34.90167],[150.08794,-34.89511],[150.08278,-34.89336],[150.07571,-34.89754],[150.05852,-34.88222],[150.0523,-34.88173],[150.05271,-34.87274],[150.04672,-34.86804],[150.04617,-34.86271],[150.04061,-34.86019],[150.04219,-34.8514],[150.03745,-34.84386],[150.04376,-34.82777],[150.0361,-34.80861],[150.03834,-34.80485],[150.04681,-34.80427],[150.04024,-34.79501],[150.05293,-34.78513],[150.0671,-34.78202],[150.06298,-34.7753],[150.05514,-34.77365],[150.05621,-34.77044],[150.07423,-34.76808],[150.07583,-34.77334],[150.08174,-34.77386],[150.10514,-34.78859],[150.10929,-34.79852],[150.12144,-34.80369],[150.12743,-34.81754],[150.16273,-34.82305],[150.17766,-34.81821],[150.19372,-34.81971],[150.20957,-34.81448],[150.21837,-34.8046],[150.23377,-34.80081],[150.23696,-34.79348],[150.25582,-34.79145],[150.26637,-34.77592],[150.27651,-34.76923],[150.29002,-34.76446],[150.30557,-34.76725],[150.31475,-34.77415],[150.3136,-34.76991],[150.32889,-34.76078],[150.33822,-34.74842],[150.3575,-34.74857],[150.37146,-34.74373],[150.37764,-34.73724],[150.38253,-34.72362],[150.39224,-34.71805],[150.38891,-34.71317],[150.40098,-34.70324],[150.42223,-34.69893],[150.43276,-34.68962],[150.45182,-34.69167],[150.46928,-34.67819],[150.49833,-34.68205],[150.50177,-34.67926],[150.50077,-34.67526],[150.50547,-34.67314],[150.50153,-34.67054],[150.50259,-34.66772],[150.51735,-34.66429],[150.51888,-34.66045],[150.53012,-34.65682],[150.53851,-34.66504],[150.54643,-34.64399],[150.54815,-34.65045],[150.55401,-34.65114],[150.55126,-34.64554],[150.55896,-34.63911],[150.5571,-34.64399],[150.56542,-34.65558],[150.56778,-34.66886],[150.56574,-34.67825],[150.55927,-34.68336],[150.56907,-34.68183],[150.5636,-34.68951],[150.56703,-34.69689],[150.5771,-34.69566],[150.58029,-34.68654],[150.57669,-34.66948],[150.58303,-34.66739],[150.58295,-34.66167],[150.59097,-34.65823],[150.5907,-34.64711],[150.60421,-34.65189],[150.61188,-34.646],[150.62437,-34.64363],[150.63238,-34.63438],[150.63474,-34.62646],[150.65557,-34.62404],[150.667,-34.61915],[150.66804,-34.60962],[150.69314,-34.60725],[150.6938,-34.60391],[150.6812,-34.60117],[150.66836,-34.5919],[150.66417,-34.58115],[150.64382,-34.5797],[150.63837,-34.57454],[150.63989,-34.5604],[150.65527,-34.54659],[150.63628,-34.54612],[150.63512,-34.54315],[150.64167,-34.53096],[150.63624,-34.53458],[150.63081,-34.53039],[150.59705,-34.52233],[150.58216,-34.52647],[150.57699,-34.52496],[150.5668,-34.51131],[150.56113,-34.51813],[150.55738,-34.51171],[150.54464,-34.51052],[150.5437,-34.50766],[150.54736,-34.50689],[150.53945,-34.50368],[150.53705,-34.49866],[150.52001,-34.51349],[150.52353,-34.51547],[150.52186,-34.51825],[150.49709,-34.52383],[150.48829,-34.52186],[150.47937,-34.52395],[150.48071,-34.53738],[150.47725,-34.53386],[150.47697,-34.52738],[150.46827,-34.52337],[150.46676,-34.51592],[150.46199,-34.51174],[150.45029,-34.51114],[150.44752,-34.50734],[150.43925,-34.51091],[150.44011,-34.51327],[150.43638,-34.51133],[150.42156,-34.51747],[150.41161,-34.51605],[150.39805,-34.53318],[150.39091,-34.5327],[150.39001,-34.50967],[150.39355,-34.50936],[150.39378,-34.50357],[150.38147,-34.49761],[150.37445,-34.5007],[150.36969,-34.49514],[150.3738,-34.48191],[150.37404,-34.47843],[150.37121,-34.47842],[150.37515,-34.47073],[150.37263,-34.4704],[150.378,-34.46587],[150.36923,-34.46479],[150.386,-34.45442],[150.35791,-34.44655],[150.35925,-34.43968],[150.35399,-34.43372],[150.35469,-34.43014],[150.36371,-34.43118],[150.36499,-34.42485],[150.36168,-34.42443],[150.36244,-34.42084],[150.3656,-34.42131],[150.36899,-34.40903],[150.35789,-34.38051],[150.37632,-34.3739],[150.38134,-34.3676],[150.3806,-34.36315],[150.38575,-34.36253],[150.3871,-34.35528],[150.3975,-34.35007],[150.39961,-34.345],[150.39519,-34.33876],[150.39574,-34.32957],[150.38729,-34.31908],[150.38673,-34.3124],[150.37511,-34.30253],[150.37719,-34.29651],[150.34868,-34.29178],[150.34518,-34.27981],[150.34621,-34.26718],[150.35065,-34.26234],[150.35095,-34.24841],[150.35998,-34.24433],[150.3519,-34.23975],[150.35295,-34.23472],[150.33041,-34.23694],[150.33134,-34.23219],[150.2865,-34.22571],[150.28594,-34.22847],[150.27713,-34.22721],[150.27825,-34.22445],[150.27016,-34.22339],[150.26969,-34.21429],[150.26399,-34.21314],[150.25416,-34.2252],[150.23527,-34.22804],[150.22993,-34.23178],[150.23109,-34.24456],[150.22502,-34.27117],[150.21211,-34.28035],[150.20655,-34.29599],[150.19702,-34.30409],[150.18738,-34.30334],[150.17806,-34.30779],[150.16021,-34.30726],[150.1499,-34.29548],[150.13851,-34.29974],[150.13538,-34.2939],[150.12654,-34.29311],[150.11715,-34.2828],[150.0968,-34.27826],[150.09622,-34.26635],[150.08348,-34.27227],[150.07203,-34.26809],[150.06055,-34.26857],[150.05659,-34.26217],[150.05945,-34.25433],[150.05295,-34.25013],[150.05804,-34.24691],[150.06179,-34.23768],[150.04985,-34.23423],[150.05318,-34.23014],[150.05151,-34.22543],[150.05995,-34.21704],[150.05727,-34.21035],[150.06388,-34.2061],[150.0629,-34.20071],[150.06604,-34.19533],[150.05927,-34.1774],[150.06194,-34.17616],[150.06089,-34.1723],[150.05504,-34.17343],[150.05049,-34.16184],[150.04597,-34.16014],[150.04639,-34.14768],[150.04417,-34.14616],[150.03796,-34.14793],[150.03617,-34.1451],[150.03331,-34.14912],[150.0295,-34.14383],[150.02896,-34.14734],[150.02475,-34.1481],[150.02241,-34.14415],[150.01469,-34.14421],[150.02052,-34.13467],[150.01868,-34.13186],[150.03179,-34.12755],[150.03764,-34.12079],[150.0165,-34.1123],[150.00534,-34.10323],[150.00268,-34.09562],[150.0073,-34.08527],[149.96263,-34.07685],[149.9546,-34.08799],[149.9502,-34.08595],[149.94488,-34.09164],[149.92894,-34.0791],[149.9354,-34.09716],[149.93142,-34.10443],[149.93158,-34.1163],[149.93682,-34.11434],[149.94973,-34.12505],[149.94405,-34.13821],[149.94467,-34.1442],[149.93688,-34.15375],[149.93756,-34.16853],[149.93348,-34.16784],[149.93322,-34.1712],[149.92844,-34.17274],[149.93014,-34.17516],[149.92573,-34.17444],[149.91854,-34.18315],[149.90381,-34.18211],[149.90175,-34.18758],[149.88821,-34.18039],[149.88574,-34.18279],[149.88839,-34.18502],[149.88342,-34.18693],[149.87834,-34.18508],[149.87266,-34.18833],[149.87258,-34.18549],[149.86502,-34.18471],[149.8617,-34.18931],[149.86052,-34.18631],[149.85218,-34.18685],[149.84991,-34.18369],[149.84444,-34.18909],[149.84341,-34.18596],[149.8372,-34.18748],[149.83148,-34.19424],[149.82728,-34.19267],[149.82761,-34.19761],[149.81676,-34.20117],[149.81463,-34.19742],[149.80444,-34.19854],[149.80499,-34.20247],[149.79767,-34.20585],[149.79274,-34.1998],[149.77841,-34.19901],[149.78222,-34.19517],[149.76936,-34.18989],[149.76105,-34.19417],[149.75675,-34.18669],[149.74613,-34.19121],[149.74173,-34.1882],[149.7441,-34.19423],[149.73641,-34.19404],[149.73293,-34.19754],[149.72679,-34.18958],[149.72488,-34.19903],[149.72126,-34.19395],[149.71859,-34.19541],[149.71653,-34.19022],[149.71287,-34.19842],[149.70835,-34.19563],[149.70501,-34.19871],[149.70024,-34.19682],[149.69481,-34.20279],[149.69416,-34.19222],[149.68816,-34.19896],[149.67871,-34.19615],[149.6818,-34.19175],[149.67399,-34.18093],[149.67794,-34.17272],[149.66382,-34.17305],[149.66379,-34.1643],[149.65714,-34.17059],[149.65944,-34.16038],[149.6492,-34.15882],[149.65395,-34.15023],[149.64338,-34.14665],[149.64649,-34.14062],[149.64003,-34.14],[149.64299,-34.13495],[149.63687,-34.13519],[149.63401,-34.12908],[149.63829,-34.1265],[149.62945,-34.11409],[149.62714,-34.11433],[149.62759,-34.12548],[149.62327,-34.12912],[149.62165,-34.11936],[149.61745,-34.11831],[149.62343,-34.11427],[149.62,-34.10544],[149.61458,-34.10944],[149.60934,-34.12086],[149.60375,-34.12276],[149.59677,-34.11137],[149.58799,-34.11003],[149.58843,-34.10528],[149.58302,-34.1075],[149.57759,-34.10228],[149.57935,-34.09276],[149.57178,-34.09631],[149.56388,-34.08744],[149.5637,-34.09603],[149.55456,-34.08829],[149.55089,-34.09367],[149.55072,-34.08501],[149.54625,-34.0849],[149.54134,-34.07654],[149.54541,-34.07114],[149.54256,-34.0695],[149.53858,-34.07208],[149.5369,-34.06282],[149.52575,-34.05916],[149.53022,-34.05398],[149.51611,-34.05337],[149.5124,-34.04823],[149.5184,-34.04152],[149.51316,-34.032],[149.50928,-34.03688],[149.50119,-34.02909],[149.49233,-34.02879],[149.49266,-34.02207],[149.48391,-34.02186],[149.48022,-34.01536],[149.46469,-34.01036],[149.45867,-34.01323],[149.4559,-34.0296],[149.44658,-34.02673],[149.44459,-34.02305],[149.43474,-34.02291],[149.41945,-34.01212],[149.41261,-34.01152],[149.41302,-34.00829],[149.4027,-34.00603],[149.4005,-33.99698],[149.39363,-33.99749],[149.38529,-33.99073],[149.38297,-33.97961],[149.37469,-33.98405],[149.3704,-33.97711],[149.36326,-33.97707],[149.36355,-33.96959],[149.35232,-33.97194],[149.35363,-33.95896],[149.34866,-33.95754],[149.34836,-33.95377],[149.33264,-33.95074],[149.32345,-33.95644],[149.31807,-33.95431],[149.31422,-33.95687],[149.30937,-33.95279],[149.30222,-33.9539],[149.2995,-33.94625],[149.291,-33.95301],[149.27951,-33.9483],[149.2746,-33.95545],[149.27536,-33.95926],[149.25678,-33.96339],[149.24453,-33.96983],[149.23351,-33.96764],[149.23214,-33.97098],[149.23634,-33.97935],[149.22574,-33.9737],[149.22652,-33.96684],[149.22099,-33.96791],[149.2179,-33.96359],[149.21239,-33.97117],[149.20742,-33.96828],[149.20214,-33.96949],[149.19814,-33.98467],[149.17935,-33.98466],[149.17145,-33.97573],[149.16489,-33.97794],[149.16213,-33.97059],[149.15264,-33.96702],[149.14451,-33.95792],[149.14649,-33.95389],[149.14033,-33.94473],[149.15301,-33.93673],[149.15504,-33.92752],[149.1477,-33.91432],[149.13748,-33.90973],[149.1392,-33.90306],[149.13026,-33.9005],[149.13033,-33.89397]]]},"properties":{"districtname":"GOULBURN","urbanity":"R"}},{"type":"Feature","geometry":{"type":"Polygon","coordinates":[[[146.52086,-33.57287],[146.44566,-33.56414],[146.44083,-33.52089],[146.22609,-33.5742],[146.09515,-33.60312],[146.07031,-33.75352],[146.31723,-33.78054],[146.31917,-33.78638],[146.32014,-33.78105],[146.43719,-33.79449],[146.41744,-33.91062],[146.49281,-33.91964],[146.46461,-34.09638],[146.35949,-34.08373],[146.32865,-34.26354],[146.30481,-34.2607],[146.29963,-34.28948],[146.31137,-34.31171],[146.30726,-34.33506],[146.39067,-34.34489],[146.38584,-34.37272],[146.38895,-34.37307],[146.38679,-34.38545],[146.39696,-34.38671],[146.39256,-34.41089],[146.38948,-34.41051],[146.38762,-34.42099],[146.40008,-34.4225],[146.39748,-34.4371],[146.40104,-34.43756],[146.40028,-34.4416],[146.42066,-34.44416],[146.42136,-34.44008],[146.44122,-34.44259],[146.43889,-34.45519],[146.48269,-34.46307],[146.48178,-34.47629],[146.47313,-34.47524],[146.47247,-34.47906],[146.47873,-34.48021],[146.47057,-34.52554],[146.5142,-34.53112],[146.51029,-34.55277],[146.51672,-34.55358],[146.48741,-34.70899],[146.4842,-34.71557],[146.4671,-34.72494],[146.45915,-34.7182],[146.45472,-34.72091],[146.45066,-34.71578],[146.44698,-34.71787],[146.43203,-34.70729],[146.42838,-34.70826],[146.42882,-34.70314],[146.42537,-34.69991],[146.4206,-34.70179],[146.42021,-34.7053],[146.4104,-34.70601],[146.40798,-34.70228],[146.40273,-34.70127],[146.40256,-34.70468],[146.39417,-34.69817],[146.37616,-34.69473],[146.3574,-34.7004],[146.34487,-34.6993],[146.33242,-34.68899],[146.21882,-34.67488],[146.19799,-34.788],[146.17943,-34.78567],[146.17836,-34.79105],[146.17437,-34.79062],[146.15239,-34.90169],[146.19246,-34.92361],[146.23354,-34.87342],[146.25803,-34.88684],[146.263,-34.88074],[146.27903,-34.88546],[146.31729,-34.8982],[146.31632,-34.90372],[146.36904,-34.91445],[146.67232,-35.06017],[146.67751,-35.05436],[146.69048,-35.056],[146.68814,-35.06807],[146.76188,-35.07681],[146.77202,-35.08776],[146.7702,-35.09726],[146.77879,-35.09839],[146.78423,-35.07006],[146.78886,-35.07063],[146.79179,-35.05594],[146.79424,-35.05813],[146.80822,-34.97999],[146.80411,-34.9695],[146.79646,-34.96941],[146.79302,-34.95793],[146.77976,-34.94744],[146.77933,-34.93874],[146.7845,-34.92404],[146.84208,-34.9025],[146.84328,-34.89802],[146.8395,-34.89288],[146.83293,-34.89256],[146.84164,-34.88546],[146.84136,-34.88053],[146.83256,-34.88117],[146.82928,-34.87824],[146.83538,-34.86004],[146.83962,-34.86063],[146.84608,-34.84502],[146.84299,-34.83791],[146.84854,-34.8081],[146.85483,-34.80888],[146.8535,-34.8156],[146.8713,-34.8178],[146.86987,-34.82528],[146.90388,-34.82979],[146.90543,-34.82278],[146.95406,-34.82881],[146.95131,-34.84314],[146.95672,-34.84379],[146.9593,-34.82942],[147.08074,-34.84537],[147.08473,-34.8236],[147.09351,-34.82458],[147.09009,-34.84269],[147.09745,-34.84363],[147.09046,-34.88053],[147.22579,-34.89935],[147.22696,-34.89292],[147.31601,-34.90648],[147.3127,-34.9242],[147.31772,-34.92485],[147.31564,-34.93661],[147.32475,-34.9374],[147.32217,-34.94609],[147.31345,-34.94495],[147.31719,-34.94938],[147.3459,-34.9529],[147.34606,-34.94461],[147.36039,-34.94645],[147.35959,-34.95072],[147.41381,-34.95629],[147.41601,-34.95872],[147.41425,-34.96844],[147.42444,-34.9699],[147.43113,-34.97539],[147.44462,-34.96438],[147.55547,-34.97673],[147.5532,-34.98073],[147.60038,-34.98675],[147.59909,-34.99767],[147.63347,-35.00367],[147.63093,-35.01743],[147.63765,-35.01831],[147.63513,-35.0345],[147.64392,-35.03566],[147.6426,-35.04277],[147.64715,-35.04335],[147.64605,-35.04935],[147.65758,-35.05019],[147.65678,-35.05369],[147.69238,-35.05593],[147.68587,-35.08498],[147.69414,-35.08794],[147.69362,-35.09139],[147.73325,-35.09189],[147.73676,-35.09583],[147.73575,-35.11007],[147.75274,-35.117],[147.75102,-35.1253],[147.75387,-35.12946],[147.76689,-35.13531],[147.76205,-35.14755],[147.77161,-35.18452],[147.77708,-35.18544],[147.78846,-35.19887],[147.79514,-35.19922],[147.79569,-35.2029],[147.8105,-35.2155],[147.83407,-35.22162],[147.83355,-35.22616],[147.84029,-35.2381],[147.83673,-35.24394],[147.84136,-35.25694],[147.85213,-35.25961],[147.85584,-35.26627],[147.85624,-35.27947],[147.87211,-35.28213],[147.87351,-35.27833],[147.88429,-35.27764],[147.87958,-35.26817],[147.88384,-35.25966],[147.89155,-35.25861],[147.89425,-35.24774],[147.89915,-35.24481],[147.90019,-35.24171],[147.8941,-35.2398],[147.89687,-35.23135],[147.92781,-35.23322],[147.92825,-35.23079],[147.93406,-35.23113],[147.93496,-35.2259],[147.95863,-35.22905],[147.96105,-35.21733],[147.96552,-35.21788],[147.96655,-35.21202],[147.9757,-35.21148],[147.97778,-35.20894],[147.9758,-35.20368],[147.9666,-35.19793],[147.96174,-35.18735],[147.99682,-35.19389],[148.01355,-35.19531],[148.01418,-35.19155],[148.03263,-35.19666],[148.03777,-35.1941],[148.03892,-35.19887],[148.0593,-35.20087],[148.06445,-35.19858],[148.07743,-35.20036],[148.08258,-35.19471],[148.08785,-35.19542],[148.08716,-35.19891],[148.11201,-35.20383],[148.1125,-35.20161],[148.11979,-35.20255],[148.1222,-35.18997],[148.14955,-35.19783],[148.15548,-35.19727],[148.15777,-35.18628],[148.16137,-35.18678],[148.16012,-35.19285],[148.16441,-35.1936],[148.18384,-35.18936],[148.18646,-35.18649],[148.18356,-35.18483],[148.19148,-35.17877],[148.19177,-35.17353],[148.19673,-35.17495],[148.19753,-35.17072],[148.20634,-35.17099],[148.22366,-35.16311],[148.22211,-35.15829],[148.21634,-35.1579],[148.21432,-35.15448],[148.21666,-35.14803],[148.21179,-35.14374],[148.20609,-35.12862],[148.20658,-35.12176],[148.199,-35.11878],[148.19982,-35.11087],[148.20886,-35.11323],[148.21513,-35.11297],[148.21566,-35.1104],[148.22744,-35.11194],[148.25674,-35.11983],[148.26188,-35.1171],[148.28377,-35.11823],[148.28321,-35.12113],[148.29293,-35.12236],[148.29314,-35.12538],[148.31032,-35.1265],[148.31485,-35.12902],[148.31418,-35.13233],[148.3303,-35.13239],[148.3343,-35.13475],[148.33357,-35.13831],[148.34189,-35.14185],[148.34152,-35.13922],[148.34705,-35.13987],[148.34759,-35.13707],[148.38955,-35.14155],[148.39683,-35.13988],[148.39469,-35.1505],[148.41369,-35.15299],[148.41191,-35.15603],[148.41586,-35.16234],[148.42271,-35.1643],[148.45684,-35.15451],[148.45951,-35.12832],[148.46246,-35.11694],[148.46637,-35.11742],[148.47192,-35.08876],[148.46772,-35.08822],[148.46923,-35.08013],[148.5247,-35.0879],[148.52419,-35.10004],[148.52893,-35.1011],[148.52752,-35.11662],[148.52395,-35.1224],[148.54183,-35.13535],[148.5483,-35.13216],[148.54504,-35.11586],[148.56079,-35.09802],[148.56703,-35.09498],[148.56865,-35.09163],[148.56488,-35.08843],[148.56475,-35.08358],[148.5733,-35.07721],[148.57272,-35.07403],[148.56739,-35.07231],[148.57091,-35.06724],[148.56502,-35.06829],[148.56501,-35.06142],[148.5674,-35.06065],[148.56463,-35.05717],[148.57552,-35.04161],[148.57333,-35.0389],[148.57641,-35.02437],[148.57218,-35.0186],[148.5831,-35.00263],[148.57295,-35.00141],[148.56087,-35.005],[148.55899,-35.00199],[148.56339,-34.99263],[148.55869,-34.98761],[148.54236,-34.99462],[148.53213,-34.99133],[148.53255,-34.97403],[148.54306,-34.95232],[148.53569,-34.9347],[148.53603,-34.92845],[148.54592,-34.91916],[148.54999,-34.91012],[148.54386,-34.90797],[148.54053,-34.91457],[148.53495,-34.91566],[148.52913,-34.90489],[148.52227,-34.90146],[148.53058,-34.87797],[148.52699,-34.8775],[148.52788,-34.87223],[148.53921,-34.87366],[148.5409,-34.86162],[148.54401,-34.86203],[148.54525,-34.85573],[148.55865,-34.85934],[148.56498,-34.82746],[148.55827,-34.82659],[148.56183,-34.82503],[148.56341,-34.80552],[148.58143,-34.80713],[148.57446,-34.79869],[148.57823,-34.77877],[148.57484,-34.77848],[148.57593,-34.77301],[148.57149,-34.77239],[148.57282,-34.74995],[148.57835,-34.73506],[148.57551,-34.73468],[148.57738,-34.72527],[148.57137,-34.72413],[148.57441,-34.70839],[148.56328,-34.70689],[148.56442,-34.70107],[148.57212,-34.70211],[148.58672,-34.62743],[148.59965,-34.62915],[148.59335,-34.62742],[148.59506,-34.61873],[148.6264,-34.62285],[148.62913,-34.6107],[148.65959,-34.61428],[148.66031,-34.60339],[148.67039,-34.58924],[148.65941,-34.58778],[148.66137,-34.57746],[148.6534,-34.57662],[148.65435,-34.57169],[148.64943,-34.57102],[148.65127,-34.56626],[148.64665,-34.56564],[148.64731,-34.56274],[148.65155,-34.55711],[148.65365,-34.54241],[148.65935,-34.54314],[148.65866,-34.54675],[148.66298,-34.54732],[148.66562,-34.54129],[148.68016,-34.53557],[148.68241,-34.54229],[148.6738,-34.54575],[148.67549,-34.54866],[148.68347,-34.54546],[148.68787,-34.5587],[148.71146,-34.55271],[148.71558,-34.566],[148.73927,-34.56929],[148.73941,-34.5611],[148.74653,-34.56211],[148.74775,-34.55627],[148.75802,-34.56113],[148.75635,-34.56983],[148.78271,-34.57201],[148.783,-34.56473],[148.79022,-34.56571],[148.79583,-34.56098],[148.8167,-34.55655],[148.82147,-34.56208],[148.83677,-34.56789],[148.84381,-34.56676],[148.84739,-34.56896],[148.84646,-34.57396],[148.85324,-34.57817],[148.8504,-34.58144],[148.85716,-34.5815],[148.85656,-34.58694],[148.86981,-34.59168],[148.87076,-34.60037],[148.88186,-34.60394],[148.88397,-34.61899],[148.88836,-34.62318],[148.89504,-34.62354],[148.89343,-34.62997],[148.89616,-34.63358],[148.88883,-34.63804],[148.89089,-34.64261],[148.91371,-34.63972],[148.92916,-34.64423],[148.93258,-34.65163],[148.94964,-34.64276],[148.96002,-34.64208],[148.9606,-34.63885],[148.97825,-34.63678],[148.98163,-34.62022],[148.97899,-34.6161],[148.98514,-34.59515],[148.98318,-34.58643],[148.98808,-34.57845],[148.99232,-34.55236],[148.98888,-34.54749],[148.9939,-34.54519],[148.99747,-34.53705],[148.99335,-34.52703],[149.00621,-34.51083],[149.01399,-34.50618],[149.01449,-34.5011],[149.01119,-34.49814],[149.03107,-34.4733],[149.03761,-34.44795],[149.04406,-34.44695],[149.05268,-34.43878],[149.05718,-34.44066],[149.06272,-34.41777],[149.06867,-34.41656],[149.06789,-34.40913],[149.07805,-34.41608],[149.08661,-34.40982],[149.08585,-34.40075],[149.09327,-34.39719],[149.09779,-34.3882],[149.10739,-34.38108],[149.11991,-34.35923],[149.1026,-34.34111],[149.10506,-34.32898],[149.09775,-34.32436],[149.099,-34.31934],[149.08916,-34.31706],[149.09446,-34.3031],[149.09868,-34.30081],[149.09665,-34.29498],[149.09086,-34.29285],[149.10666,-34.28619],[149.11026,-34.27909],[149.12343,-34.28225],[149.1186,-34.27463],[149.12335,-34.27434],[149.12797,-34.27974],[149.13112,-34.27818],[149.11908,-34.26582],[149.11119,-34.26988],[149.1126,-34.2593],[149.12552,-34.2598],[149.11612,-34.25382],[149.11393,-34.24784],[149.10814,-34.24401],[149.10867,-34.23967],[149.10008,-34.24121],[149.09016,-34.23704],[149.08501,-34.22968],[149.07645,-34.2275],[149.07843,-34.21948],[149.06562,-34.2187],[149.071,-34.20822],[149.08285,-34.20722],[149.08476,-34.20359],[149.06849,-34.205],[149.06735,-34.20111],[149.07187,-34.19601],[149.06844,-34.19325],[149.05775,-34.19462],[149.05268,-34.18746],[149.06185,-34.18324],[149.05409,-34.1809],[149.05336,-34.17433],[149.04152,-34.17352],[149.04113,-34.16002],[149.02989,-34.15687],[149.0282,-34.14892],[149.01563,-34.1466],[149.01124,-34.14026],[149.01998,-34.12796],[149.00539,-34.12046],[149.00297,-34.10712],[149.0062,-34.1008],[149.02038,-34.09007],[149.01741,-34.0804],[149.02176,-34.06706],[149.02182,-34.0534],[149.02377,-34.05093],[149.03188,-34.05354],[149.04322,-34.05115],[149.04715,-34.04714],[149.04518,-34.04137],[149.034,-34.04304],[149.02873,-34.04163],[149.02739,-34.03786],[149.03062,-34.03309],[149.03863,-34.03355],[149.03534,-34.02708],[149.03786,-34.02364],[149.04287,-34.02691],[149.0543,-34.02577],[149.05566,-34.01782],[149.05074,-34.01063],[149.06175,-33.99843],[149.05357,-33.98996],[149.04366,-33.99095],[149.02991,-33.98222],[149.02479,-33.98418],[149.02984,-33.9907],[149.02827,-33.99391],[149.02226,-33.9945],[149.01689,-33.99006],[149.01121,-33.98226],[149.01295,-33.96784],[149.0055,-33.94446],[149.01139,-33.93274],[149.02511,-33.93213],[149.02528,-33.91801],[149.03608,-33.91012],[149.05194,-33.91258],[149.05475,-33.90273],[149.0663,-33.89235],[149.07379,-33.89297],[149.06967,-33.89943],[149.07796,-33.90502],[149.07992,-33.9124],[149.0954,-33.90979],[149.09771,-33.90037],[149.10609,-33.89936],[149.10423,-33.89458],[149.11849,-33.89309],[149.12037,-33.88767],[149.11731,-33.88328],[149.12419,-33.88231],[149.11858,-33.8799],[149.1219,-33.87577],[149.11807,-33.87074],[149.1264,-33.86641],[149.13472,-33.86884],[149.13593,-33.86301],[149.14003,-33.86053],[149.13524,-33.85969],[149.14072,-33.85831],[149.14008,-33.8551],[149.14248,-33.8573],[149.14298,-33.85388],[149.14612,-33.85523],[149.14563,-33.85042],[149.16075,-33.8538],[149.16627,-33.85888],[149.16672,-33.85185],[149.17005,-33.85744],[149.17322,-33.85599],[149.17171,-33.85983],[149.17728,-33.86013],[149.17519,-33.85638],[149.18187,-33.85822],[149.18392,-33.85182],[149.17337,-33.84842],[149.17469,-33.84454],[149.17029,-33.84116],[149.18336,-33.83886],[149.17834,-33.8363],[149.18145,-33.83546],[149.18221,-33.83073],[149.17738,-33.82312],[149.18,-33.82162],[149.17843,-33.81924],[149.18189,-33.81875],[149.17915,-33.81355],[149.18225,-33.81133],[149.18046,-33.80641],[149.18482,-33.80482],[149.18231,-33.8026],[149.18517,-33.79769],[149.19726,-33.79804],[149.20305,-33.80193],[149.21942,-33.79235],[149.23401,-33.7605],[149.24285,-33.7598],[149.25775,-33.74064],[149.23761,-33.73974],[149.2347,-33.73208],[149.22494,-33.72594],[149.22215,-33.73],[149.21718,-33.72847],[149.21486,-33.73242],[149.20612,-33.72902],[149.1721,-33.72627],[149.173,-33.72179],[149.16914,-33.7212],[149.15614,-33.7309],[149.14601,-33.73202],[149.13338,-33.74822],[149.13415,-33.75647],[149.13876,-33.75988],[149.13119,-33.75886],[149.13019,-33.76428],[149.1082,-33.7611],[149.10556,-33.76861],[149.09145,-33.7654],[149.08835,-33.78118],[149.09396,-33.78198],[149.0916,-33.79367],[149.06718,-33.79007],[149.0646,-33.81237],[149.04129,-33.80932],[149.04203,-33.80558],[149.02617,-33.80336],[149.0313,-33.79785],[149.02902,-33.79315],[149.0196,-33.79182],[149.01864,-33.79643],[149.00771,-33.79489],[149.00988,-33.784],[148.98893,-33.78108],[148.99049,-33.77358],[148.98195,-33.77228],[148.98484,-33.75803],[148.97456,-33.75644],[148.97561,-33.75171],[148.99293,-33.75401],[148.98747,-33.74883],[148.97602,-33.74985],[148.97839,-33.73759],[148.99303,-33.72676],[148.99367,-33.7206],[148.98532,-33.71389],[148.96263,-33.70781],[148.95862,-33.70343],[148.96094,-33.69561],[148.95781,-33.68831],[148.95034,-33.68916],[148.93706,-33.68267],[148.92933,-33.68805],[148.91168,-33.68347],[148.90747,-33.67376],[148.90733,-33.65826],[148.91061,-33.65178],[148.91136,-33.63269],[148.9147,-33.63121],[148.91396,-33.61783],[148.919,-33.61338],[148.91735,-33.60153],[148.92246,-33.59891],[148.91753,-33.59343],[148.91086,-33.59429],[148.90891,-33.58265],[148.9038,-33.58429],[148.89842,-33.57882],[148.8836,-33.58197],[148.8811,-33.58854],[148.87337,-33.59416],[148.87259,-33.57332],[148.86319,-33.57981],[148.85267,-33.57596],[148.85005,-33.57979],[148.84695,-33.57896],[148.84745,-33.57083],[148.84472,-33.56874],[148.83252,-33.56828],[148.82757,-33.57412],[148.82583,-33.56512],[148.82019,-33.56956],[148.81505,-33.56723],[148.81944,-33.55886],[148.8104,-33.54647],[148.80387,-33.55002],[148.79817,-33.53902],[148.79355,-33.53872],[148.79135,-33.53179],[148.78408,-33.52806],[148.77733,-33.52879],[148.77595,-33.5255],[148.76977,-33.52598],[148.76732,-33.52968],[148.75564,-33.52909],[148.7443,-33.53735],[148.7383,-33.53813],[148.73032,-33.55528],[148.72377,-33.55886],[148.72176,-33.56467],[148.71186,-33.57392],[148.70678,-33.57438],[148.70266,-33.57913],[148.69401,-33.57737],[148.69318,-33.58153],[148.68776,-33.58116],[148.68282,-33.5864],[148.67725,-33.58561],[148.67617,-33.5805],[148.65277,-33.57712],[148.65843,-33.56658],[148.65174,-33.56026],[148.64563,-33.56685],[148.6359,-33.567],[148.62985,-33.57054],[148.62361,-33.58141],[148.62543,-33.58493],[148.62268,-33.59252],[148.60151,-33.59442],[148.59391,-33.59123],[148.58471,-33.59677],[148.58451,-33.5942],[148.57895,-33.59619],[148.57533,-33.59264],[148.56681,-33.6013],[148.56452,-33.59644],[148.5613,-33.59644],[148.55692,-33.60403],[148.55181,-33.6035],[148.55076,-33.60051],[148.54599,-33.60324],[148.54231,-33.59222],[148.53511,-33.58858],[148.53442,-33.58229],[148.51825,-33.57219],[148.51466,-33.57297],[148.51412,-33.58123],[148.51048,-33.57867],[148.49574,-33.58006],[148.49198,-33.58409],[148.4909,-33.58134],[148.48346,-33.58129],[148.48342,-33.58766],[148.47584,-33.59409],[148.47905,-33.60091],[148.475,-33.598],[148.47324,-33.60134],[148.44625,-33.61431],[148.44311,-33.60841],[148.43551,-33.60708],[148.43593,-33.60387],[148.42912,-33.60764],[148.4189,-33.60762],[148.41376,-33.60434],[148.38649,-33.60054],[148.38953,-33.60658],[148.37277,-33.60414],[148.37388,-33.60905],[148.35034,-33.60875],[148.34386,-33.6157],[148.34184,-33.63238],[148.33898,-33.63452],[148.34095,-33.64002],[148.32939,-33.64717],[148.32748,-33.65468],[148.32431,-33.65564],[148.27025,-33.64894],[148.27157,-33.64152],[148.25888,-33.63982],[148.25803,-33.64423],[148.24986,-33.63824],[148.23737,-33.63572],[148.18678,-33.64119],[148.1742,-33.63228],[148.16918,-33.65167],[148.15271,-33.64955],[148.15178,-33.65473],[148.10088,-33.64836],[148.09335,-33.65762],[148.09395,-33.66744],[148.08723,-33.67727],[148.0897,-33.68538],[148.0772,-33.70397],[148.08263,-33.72052],[147.94797,-33.70085],[147.94379,-33.70877],[147.86822,-33.69677],[147.86761,-33.70002],[147.80276,-33.69375],[147.79238,-33.68656],[147.7784,-33.68696],[147.76412,-33.70712],[147.6968,-33.70388],[147.67009,-33.69558],[147.67729,-33.6583],[147.66421,-33.65666],[147.68264,-33.62391],[147.60178,-33.61391],[147.59882,-33.62055],[147.58,-33.62993],[147.555,-33.66952],[147.52306,-33.6825],[147.52,-33.69815],[147.51346,-33.70579],[147.50944,-33.7049],[147.50295,-33.70909],[147.50007,-33.70528],[147.49757,-33.708],[147.49594,-33.70337],[147.48294,-33.70433],[147.48389,-33.68905],[147.47192,-33.68629],[147.41708,-33.53226],[147.3596,-33.52527],[147.34289,-33.53509],[147.33894,-33.55674],[147.32241,-33.5548],[147.32034,-33.56795],[147.27859,-33.56307],[147.27649,-33.5755],[147.24629,-33.57195],[147.24304,-33.59183],[146.98618,-33.56417],[146.98848,-33.55195],[146.82252,-33.53157],[146.82042,-33.52816],[146.8143,-33.53009],[146.81759,-33.53724],[146.82186,-33.53683],[146.80904,-33.60739],[146.52086,-33.57287]]]},"properties":{"districtname":"COOTAMUNDRA","urbanity":"R"}},{"type":"Feature","geometry":{"type":"Polygon","coordinates":[[[151.01217,-33.7934],[150.99996,-33.79115],[150.99609,-33.79882],[150.98091,-33.80026],[150.97487,-33.80792],[150.9909,-33.80967],[150.99479,-33.81839],[150.98804,-33.82414],[150.99501,-33.82744],[151.00496,-33.82764],[151.01894,-33.83725],[151.02989,-33.83523],[151.06546,-33.85608],[151.07052,-33.85697],[151.08036,-33.85153],[151.08309,-33.8396],[151.08051,-33.8394],[151.08058,-33.82981],[151.08552,-33.82109],[151.07297,-33.81982],[151.06529,-33.79657],[151.02725,-33.80435],[151.01494,-33.79795],[151.01217,-33.7934]]]},"properties":{"districtname":"PARRAMATTA","urbanity":"U"}},{"type":"Feature","geometry":{"type":"Polygon","coordinates":[[[150.97343,-33.77267],[150.9668,-33.76985],[150.95247,-33.75325],[150.93784,-33.72035],[150.92253,-33.72887],[150.91762,-33.73943],[150.91215,-33.77],[150.94428,-33.77763],[150.95067,-33.78501],[150.95567,-33.80081],[150.97487,-33.80792],[150.98091,-33.80026],[150.99916,-33.79666],[151.00139,-33.78779],[150.99911,-33.78564],[151.0061,-33.7872],[151.00974,-33.78136],[151.00744,-33.77664],[151.00455,-33.77703],[151.00526,-33.76683],[150.97343,-33.77267]]]},"properties":{"districtname":"WINSTON HILLS","urbanity":"U"}},{"type":"Feature","geometry":{"type":"Polygon","coordinates":[[[150.93351,-33.65978],[150.93098,-33.66454],[150.91966,-33.667],[150.91353,-33.67915],[150.92761,-33.69699],[150.95247,-33.75325],[150.96202,-33.76337],[150.96524,-33.75804],[150.98067,-33.75705],[150.98525,-33.74953],[150.98185,-33.74585],[150.98443,-33.7397],[150.98252,-33.73649],[150.97304,-33.73413],[150.97234,-33.73041],[150.97294,-33.72602],[150.98225,-33.72287],[150.98421,-33.70287],[150.96848,-33.69268],[150.96216,-33.67996],[150.94913,-33.67391],[150.94676,-33.66807],[150.93351,-33.65978]]]},"properties":{"districtname":"KELLYVILLE","urbanity":"U"}},{"type":"Feature","geometry":{"type":"Polygon","coordinates":[[[150.94242,-33.58511],[150.93439,-33.58658],[150.93589,-33.59237],[150.93011,-33.59952],[150.93153,-33.60389],[150.93718,-33.60633],[150.93501,-33.61207],[150.92983,-33.61367],[150.93577,-33.61884],[150.93525,-33.62868],[150.92308,-33.62821],[150.92795,-33.63653],[150.92445,-33.63838],[150.92634,-33.64163],[150.93497,-33.64121],[150.93796,-33.64437],[150.93679,-33.64963],[150.92803,-33.6492],[150.92704,-33.65465],[150.93014,-33.66002],[150.94676,-33.66807],[150.94913,-33.67391],[150.96216,-33.67996],[150.96848,-33.69268],[150.98427,-33.70305],[150.98225,-33.72287],[150.97294,-33.72602],[150.97221,-33.7325],[150.98342,-33.7372],[150.98185,-33.74585],[150.98474,-33.75128],[150.98067,-33.75705],[150.96524,-33.75804],[150.96202,-33.76337],[150.96791,-33.77079],[150.97489,-33.77265],[151.00851,-33.76558],[151.01176,-33.75808],[151.02955,-33.7646],[151.04901,-33.75854],[151.04777,-33.74412],[151.0249,-33.73215],[151.03158,-33.72578],[151.03172,-33.7203],[151.0247,-33.71037],[151.01901,-33.71678],[151.01137,-33.71087],[151.01867,-33.69422],[151.02979,-33.69598],[151.0324,-33.69231],[151.02759,-33.68724],[151.02625,-33.66384],[151.01987,-33.65205],[151.02356,-33.62385],[151.0123,-33.62232],[151.0111,-33.62623],[150.9801,-33.62621],[150.97811,-33.61632],[150.97237,-33.6127],[150.97112,-33.60811],[150.95523,-33.60692],[150.94488,-33.6021],[150.94569,-33.59368],[150.93955,-33.58795],[150.94242,-33.58511]]]},"properties":{"districtname":"CASTLE HILL","urbanity":"R"}}]}